Sample_input,Actual_output,Single-shot_reconst,Sequential_reconst
1,2248.785400390625,608.7380185731438,503.08869932863576
1,2217.657470703125,780.70782943645,602.6801528046658
1,2155.401611328125,992.8666028445559,717.3686520655092
1,2072.393798828125,967.4188729373617,846.65189822243
1,2279.913330078125,1127.3901378002065,866.3836624918442
1,2186.529541015625,1021.2479971028798,1033.6487337245262
1,2508.184814453125,1319.434395300152,1081.5672028044883
1,2093.145751953125,1468.3326123647137,1152.2413068853054
1,2528.936767578125,1271.6794435451031,1268.453348127403
1,2228.033447265625,1309.0535291624728,1235.143439665372
1,2456.304931640625,1560.645554236194,1353.5636225488302
1,2103.521728515625,1481.4322328713283,1371.6642344378502
1,2165.777587890625,1378.0588467013306,1461.1133719314946
1,2186.529541015625,1485.200686520595,1578.2420596055206
1,2217.657470703125,1534.1327511065235,1637.716319324257
1,2145.025634765625,1596.3159270958029,1629.63611194262
1,2082.769775390625,1661.1080311819396,1666.309339090398
1,2290.289306640625,1656.860223496682,1763.8928951982068
1,2342.169189453125,1480.9491507803505,1910.352888933656
1,2248.785400390625,1651.6443486819203,1660.9589050245463
1,2248.785400390625,1812.7683881935018,1844.329327618619
1,2290.289306640625,1890.1023974159154,1907.6694814621044
1,2196.905517578125,1866.5315480948439,1885.041936758115
1,2228.033447265625,1717.078195795955,1896.324392389218
1,2342.169189453125,1922.541478841123,2039.5889127044904
1,2362.921142578125,1754.336942972397,1810.1519816164819
1,2352.545166015625,1762.7910740410787,1767.304180036145
1,2217.657470703125,1908.2294384966576,1799.4912177601936
1,2300.665283203125,1725.5216425748574,2049.7558174268884
1,2051.641845703125,1930.1474008054324,1925.6351569875337
1,2269.537353515625,1872.1092957699973,2069.438151560665
1,2248.785400390625,2015.480851852128,1999.2494282587104
1,2113.897705078125,1911.8826847221533,2106.0982104079185
1,2352.545166015625,2004.8681084791372,2108.2315762216144
1,2093.145751953125,2026.9798018390231,2244.033469381268
1,2217.657470703125,1935.780117586315,2040.7242220191256
1,2456.304931640625,2244.1034857150844,2061.9896430284116
1,2248.785400390625,2183.195014673781,2022.604269082328
1,2134.649658203125,2274.1585415441778,2175.7103558461536
1,2134.649658203125,2209.6265646369975,2005.7059468977682
1,2207.281494140625,2083.8312639019805,2107.1767533560633
1,2030.8898925781252,2070.9005006670136,2164.476806949946
1,2248.785400390625,2167.77410180753,2037.7492386806725
1,2217.657470703125,2195.311285653983,2099.3730255340574
1,2300.665283203125,2307.3468579636824,2097.2041270706945
1,2300.665283203125,2193.686572890586,2018.6059452358593
1,2290.289306640625,2507.662008519898,2107.645763245298
1,2155.401611328125,2208.2077079078467,2188.9348184009764
0,2228.033447265625,2239.658180384293,2083.614693844072
0,2259.161376953125,2317.049896923348,1794.8698188034584
0,1844.1223144531252,2080.341886710977,1767.2071275312173
0,1781.8664550781252,1870.5637011147885,1639.6048782642545
0,1864.8742675781252,1759.4386441140157,1553.1401553467056
0,1563.9709472656252,1700.1193503161214,1603.68040670709
0,1480.9631347656252,1573.2098134220398,1340.2841878866357
0,1501.7150878906252,1646.242082327084,1445.0436561561116
1,1387.5793457031252,1449.19716114263,1255.3893878139597
1,1356.4514160156252,1734.241772818663,1399.035061549951
1,1449.8352050781252,1816.3579028528163,1337.345672005319
1,1460.2111816406252,1777.9776718204316,1515.4672196349052
1,1615.8508300781252,1726.9936716693876,1480.7038055252092
1,1615.8508300781252,1874.6770982645185,1615.0175123331385
1,1626.2268066406252,1986.1285650112873,1651.513801567178
1,1864.8742675781252,1961.005923052376,1739.121632073587
1,1989.3859863281252,2056.445213591886,1826.9570991541075
1,1854.4982910156252,2009.6767091774193,1713.4175662989173
1,1854.4982910156252,1993.3412418412797,1873.8807166452748
1,1958.2580566406252,2162.159407981232,1820.799740711929
1,1906.3781738281252,2195.8742214998692,2043.6185981959788
1,1927.1301269531252,1889.9405895699256,1886.3294601089465
1,1958.2580566406252,2270.8996132497514,1933.698258290976
1,1999.7619628906252,2183.604640528594,1894.2715479895119
1,1999.7619628906252,2305.031302817708,1941.3171722437799
1,2072.393798828125,2158.5761532585607,1994.1475533364805
1,1989.3859863281252,2313.117446910651,2001.6110737319218
1,2176.153564453125,2142.770125223109,1907.4448440830881
1,2134.649658203125,2083.5346012948244,1952.0371091611973
1,2331.793212890625,2044.677619402951,1903.6839812825178
1,2331.793212890625,2149.9245716546475,1903.1655203787486
1,2124.273681640625,2136.068310040054,1778.967816563988
1,1802.6184082031252,2313.8946695587574,1892.9277747779101
1,2082.769775390625,2130.660874312626,1828.0663893916737
1,2279.913330078125,2203.1344289160984,1955.6880632355799
1,2238.409423828125,2180.301323610022,1881.2735851541092
1,2134.649658203125,2073.6618188331227,2072.2865742837585
1,2207.281494140625,1959.1798054970018,1966.368399748869
1,2311.041259765625,2250.3323672270612,2028.5279443623042
1,2373.297119140625,2175.524258638603,2058.985894087412
1,2113.897705078125,2063.782353286163,2016.2720459586008
1,2248.785400390625,2155.348926573378,2023.9677710029416
1,2238.409423828125,2341.2164213880374,1939.5123177926291
1,2207.281494140625,2131.488827678969,2088.567622851541
1,2155.401611328125,2305.735104042932,2153.8391817022643
1,2352.545166015625,2160.9612714789428,2026.3126465935609
1,2383.673095703125,2201.0939119349464,2067.7026443314085
1,2259.161376953125,2359.048967302759,2173.1971934958715
1,2155.401611328125,2407.454278436582,2206.3472196065745
1,2290.289306640625,2154.360681641411,2109.115548950485
1,2259.161376953125,2190.0712592129657,2080.299135733137
1,2508.184814453125,2192.9557892142257,2075.5467289991448
1,2394.049072265625,2437.5687160037514,2191.523142940076
1,2238.409423828125,2288.729241729221,2161.753547830836
1,2217.657470703125,2376.6875965087297,2095.0441159245543
1,2207.281494140625,2323.232993169341,2141.3454521288904
1,2269.537353515625,2250.128663647467,2151.809741669959
1,2248.785400390625,2135.483877896625,2157.630446362856
1,2196.905517578125,2338.2779809933154,2235.4870318628064
1,2062.017822265625,2188.824809376877,2155.824289473545
1,2176.153564453125,2452.7222082697454,2073.4012887565927
1,2134.649658203125,2387.856511616057,2198.786107506886
1,2497.808837890625,2206.782578219782,2333.669432018763
1,2290.289306640625,2382.669744260498,2271.442751417477
1,2425.177001953125,2182.2957818466084,2099.2070631110396
1,2477.056884765625,2414.166012127943,2166.944860526865
1,2145.025634765625,2265.303277839377,2229.7934986983955
1,2196.905517578125,2195.641847095345,2269.4238333156154
1,2217.657470703125,2250.142506840182,2180.2860916985296
1,2196.905517578125,2603.9033401548595,2120.261897863725
1,2321.417236328125,2269.940379286283,2235.1974222335007
1,2404.425048828125,2166.505200563436,2166.83205037964
1,2269.537353515625,2474.4484458180855,2183.055586153962
1,2072.393798828125,2280.877704679518,2207.619523900399
1,2228.033447265625,2270.457342645727,2096.5274315415827
1,2186.529541015625,2299.9124049579636,2111.3225181782036
1,2290.289306640625,2118.055019368929,2153.717344581981
1,2279.913330078125,2114.775383182145,2173.496754775744
1,2041.2658691406252,2238.18693803476,2199.268344334594
1,2269.537353515625,2328.2160649381376,2185.866287125894
1,2196.905517578125,2445.040634695713,2134.7772931833833
1,2238.409423828125,2173.0249234613716,2139.1469629241074
1,2124.273681640625,2290.119757484909,2069.6771609338975
1,2124.273681640625,2205.795391002071,2180.796559839725
1,2165.777587890625,2200.630670802251,2212.908914380626
1,2259.161376953125,2118.7244562817123,2207.402532433368
1,2020.5139160156252,2177.888105436048,2122.815349529192
1,2269.537353515625,2177.002961597694,2124.5833366009433
1,2093.145751953125,2189.959523466024,2080.6018861622224
1,2259.161376953125,2279.241405008091,2056.41376876343
1,2300.665283203125,2173.841453293409,2092.07511272106
1,2072.393798828125,2181.164436477367,2119.113897022833
1,2124.273681640625,2182.8205677513693,2078.2742483005213
1,2134.649658203125,2316.8152075144585,2157.4641562947786
1,2238.409423828125,2299.272743437589,2223.7472078586884
1,2093.145751953125,2325.12359511901,2042.0672082441238
1,2311.041259765625,2271.024771271405,2136.449916262513
1,1999.7619628906252,2047.2955624785227,2124.0167474833765
1,2041.2658691406252,2230.7325482371307,2030.2997748162652
1,2394.049072265625,2224.0059636251804,2010.241925473051
1,2093.145751953125,2146.734874212239,1964.7690054507698
1,2207.281494140625,2075.929747836187,2023.6056476755505
1,2207.281494140625,2125.9443867716946,2025.3545264713093
1,2259.161376953125,2186.30552471292,2163.490613120595
1,2248.785400390625,2177.2469974294613,2147.421882288995
1,2466.680908203125,1958.180049420109,2190.926813766943
1,2425.177001953125,2235.422675259202,2090.960264397041
1,2186.529541015625,2232.299549991739,2012.920220671207
1,2238.409423828125,2038.174687458052,2136.504183490896
1,2196.905517578125,2172.0639367421472,1992.096976528324
1,2217.657470703125,2184.1644901406416,2020.0418889327657
1,2477.056884765625,2222.1555497712693,2087.9259583664066
1,2207.281494140625,2120.1457147661986,2077.8681358251283
1,2207.281494140625,2238.090174345957,1997.3356608346148
1,2145.025634765625,2216.4085411524297,2181.1284072997705
1,2269.537353515625,2270.063223111547,2244.5648739172575
1,2248.785400390625,2278.155142291927,2118.507554014171
1,2331.793212890625,2098.8742641216772,2235.1986143268277
1,2228.033447265625,2290.4419757160294,2086.06410750909
1,2290.289306640625,2243.639312987087,2211.6104037194755
1,2269.537353515625,2236.012471185661,2093.2368182972336
1,2030.8898925781252,2301.7858382553723,2114.536888758104
1,2124.273681640625,2228.052663010257,2161.2857334240116
1,2290.289306640625,2287.6295634487637,2220.581919750862
1,2103.521728515625,2187.1134478524855,2094.0696042940203
1,2238.409423828125,2095.9840526048847,2138.179510116109
1,2414.801025390625,2192.1363994370367,2162.623318775823
1,2352.545166015625,2121.9800939796532,1967.8568460706174
1,2300.665283203125,2220.1865048374943,1991.2241435270519
1,2435.552978515625,2347.90676029372,2052.866128973227
1,2134.649658203125,2081.938223236767,2018.5806569670483
1,2394.049072265625,2493.410176015229,1967.3991065445211
1,2259.161376953125,2136.426567120056,2093.7679089929043
1,2342.169189453125,2216.6308752272726,2039.8979676233134
1,2414.801025390625,2352.654768157216,2026.0235744216495
1,2404.425048828125,2208.9722022507976,2133.539493467384
0,2321.417236328125,2148.026043644896,2039.9022097894867
0,2196.905517578125,1956.457871219968,1970.3434072390312
0,1958.2580566406252,1883.6039099731972,1751.1540355012344
0,1802.6184082031252,1763.285691156619,1695.8281870639153
0,1761.1145019531252,1799.7255102654763,1554.5676715852737
0,1366.8273925781252,1626.890228648532,1440.587172885542
0,1491.3391113281252,1523.5853005078966,1521.277770642502
0,1522.4670410156252,1546.231740082861,1362.9824310857036
1,1335.6994628906252,1498.1055277865794,1372.863238908334
1,1429.0832519531252,1755.316055663313,1304.2434710181915
1,1501.7150878906252,1500.5007655399395,1537.5841653979019
1,1480.9631347656252,1438.1137600648885,1548.329341084493
1,1563.9709472656252,1533.3159025933612,1660.9242416551517
1,1844.1223144531252,1837.8042050464448,1573.0936965003302
1,1709.2346191406252,1838.4415516789006,1747.829989769681
1,1875.2502441406252,1835.9453932928582,1691.6631301651644
1,1802.6184082031252,1658.5374451018492,1686.8526378626623
1,1719.6105957031252,1834.4177929377245,1757.010359441258
1,1844.1223144531252,1861.2597369982889,1650.9834671509718
1,1864.8742675781252,1866.3256409741946,1795.534355748748
1,1958.2580566406252,1769.7108058632482,1996.5689139427682
1,2072.393798828125,1907.3633446462743,1781.1321085510285
1,1979.0100097656252,1939.3792509398804,1967.5192095671828
1,1927.1301269531252,2029.4535501579528,1850.5054797345556
1,2186.529541015625,2033.3151919378183,1853.7157926809914
1,2176.153564453125,1916.651486753071,1913.5797932748799
1,2020.5139160156252,2070.5033059538587,1926.2116847837924
1,2228.033447265625,2028.214536226408,2036.9344768150313
1,2311.041259765625,2046.1418468587326,2078.258982143821
1,1968.6340332031252,2230.6707213824534,2109.2209320723373
1,2124.273681640625,2060.930213418254,1977.5397971777825
1,1999.7619628906252,2284.3938519326084,1958.1100887658984
1,2145.025634765625,2020.1066780944802,2025.6361075630416
1,2041.2658691406252,2287.5120478357558,2124.8798423704875
1,2093.145751953125,1886.4324859654434,2219.02355848335
1,2051.641845703125,2394.4148716407135,2105.4574583051444
1,2103.521728515625,2203.779326179896,2137.196676615739
1,2145.025634765625,2198.4664901430683,2038.2940380924847
1,2321.417236328125,2335.0571609068434,2170.968159918568
1,2269.537353515625,2123.157162903354,2079.81734062478
1,2176.153564453125,2215.1913643839807,2205.040565902638
1,2207.281494140625,2154.716930881405,2123.7047893908207
1,2269.537353515625,2100.662827821572,2158.627490106586
1,2248.785400390625,2016.1060459934079,2237.699260333334
1,2186.529541015625,2246.261934640717,2044.706720788385
1,1864.8742675781252,2231.3542734343946,2137.877725677129
1,2041.2658691406252,2316.241749442626,2267.95887634283
1,2362.921142578125,2070.509404846305,2119.393290590732
1,2155.401611328125,1934.5177524282376,2204.461178076707
1,2041.2658691406252,2291.801218597552,2186.0530897519093
1,1999.7619628906252,2078.182665785924,2124.4900326258808
1,2186.529541015625,2340.7720776427627,2053.2171117557227
1,2196.905517578125,2320.4746458596524,2121.85961299096
1,2196.905517578125,2278.3684536223673,2034.45754058125
1,2093.145751953125,2091.806299560363,2117.8958493962623
1,2103.521728515625,2292.0384029945994,2039.8618276873024
1,2134.649658203125,2194.218469937802,2125.4885066143784
1,2113.897705078125,2140.2263028869043,2163.055534156456
1,2010.1379394531252,2102.368148600518,2260.1516107044904
1,2072.393798828125,2162.696693980746,2086.2220258335215
1,1896.0021972656252,2062.689669789167,1999.0235429830634
1,2196.905517578125,2112.6706652864036,2132.275279404607
1,2020.5139160156252,2003.8196397365173,2151.3771280958063
1,2062.017822265625,2022.8415825896825,2260.0276797664997
1,2207.281494140625,2192.6948971146867,2111.5405175124606
1,2186.529541015625,2074.5623381597807,2220.758191110931
1,2124.273681640625,2234.8498528797973,2197.1205711652524
1,2103.521728515625,2369.6679745436213,2284.2645994942436
1,2062.017822265625,2369.2110080837715,2216.18901646852
1,2134.649658203125,2304.7557250642717,2397.6759187532725
1,2259.161376953125,2333.1973725515763,2221.5959727741597
1,2279.913330078125,2177.3385530772416,2213.7287477629925
1,2290.289306640625,2175.309425369821,2038.2864126144495
1,2113.897705078125,2379.7586918566676,2157.712398721094
1,2279.913330078125,2293.503350901514,2016.7640058477664
1,2331.793212890625,2177.7955658511246,2036.3083303252972
1,2238.409423828125,2168.9907886547912,2145.8914412022323
1,2196.905517578125,2123.573806093233,2079.15937512879
1,2300.665283203125,2190.8159513741357,2000.3337486528524
1,2497.808837890625,2275.7931810604414,2101.6325561333215
1,2311.041259765625,2306.6097977792674,2093.8313143877426
1,2290.289306640625,2259.432982686729,2137.031844624915
1,2248.785400390625,2114.263845402115,2156.3800701880155
1,2404.425048828125,2267.7354307810792,2086.6089096444625
1,2186.529541015625,2248.6014640121234,2176.792062386769
1,2072.393798828125,2348.5441976240804,2101.7984604929807
1,2207.281494140625,2287.0770640157816,2184.470489936431
1,2248.785400390625,2021.9621035174855,1997.16577194275
1,2082.769775390625,2232.628109417287,2034.7499205964452
1,2155.401611328125,2408.5198624534796,2207.1714309205377
1,1885.6262207031252,2292.3869529059416,2081.504191362889
1,2145.025634765625,2069.071012935439,2137.0454198132848
1,2207.281494140625,2270.6519217435234,2268.485550840582
1,2103.521728515625,2254.928600875508,2145.2726135479516
1,2373.297119140625,2269.5828636522947,2060.6781637190343
1,2248.785400390625,2411.1032772729027,2231.2955379359664
1,2362.921142578125,2134.008995503756,2180.656686598543
1,2124.273681640625,2347.3256375351957,2302.92333199386
1,2228.033447265625,2241.1162176353846,2353.3959714006833
1,2311.041259765625,2391.0273314682104,2292.7515428687516
1,2010.1379394531252,2331.64437318962,2232.5773504947047
1,2155.401611328125,2276.3073472817005,2310.5395775127686
1,2269.537353515625,2503.636663099265,2279.589374928356
1,2134.649658203125,2560.4707368616855,2342.432920920307
1,2093.145751953125,2456.179840608078,2236.367666379638
1,2072.393798828125,2438.3356047676593,2171.611114307336
1,2383.673095703125,2148.5266815192717,2022.9246346433306
1,2093.145751953125,2267.9820962317826,2225.5947900394303
1,2196.905517578125,2361.1898703133616,2040.5293288011364
1,2196.905517578125,2350.6782327123565,2190.425124169642
1,2394.049072265625,2346.88900575785,2106.8371910845613
1,2342.169189453125,2315.2980202485123,2148.331295276123
1,2362.921142578125,2227.1632626476417,2155.890500618542
1,2383.673095703125,2274.035269231574,2146.7093205525994
1,2248.785400390625,2389.691566866635,2063.0085551298084
1,2352.545166015625,2302.7508504252914,2187.8712171214975
1,2196.905517578125,2319.8771995159177,2191.7218825712725
1,2362.921142578125,2239.979783361514,2208.2418334317267
1,2487.432861328125,2157.6278661959263,2263.2047744938104
1,2228.033447265625,2232.83972973311,2126.8481119499797
0,2113.897705078125,2124.6996932952907,2126.228457117682
0,2062.017822265625,2175.1744122051796,1982.2978251446457
0,1916.7541503906252,2072.8937247572458,1898.3982562400497
0,1771.4904785156252,1905.9196136284477,1676.615780639489
0,1667.7307128906252,1946.5959107789708,1625.083603936544
0,1532.8430175781252,1620.448312482368,1445.9639434292146
0,1553.5949707031252,1722.8359696110592,1475.1164878147906
0,1470.5871582031252,1681.0813490471971,1295.5846214842904
1,1294.1955566406252,1624.656643881643,1353.7941712805168
1,1574.3469238281252,1617.4392561180518,1449.322874320466
1,1615.8508300781252,1960.097895189452,1474.2801756326987
1,1522.4670410156252,1853.1016341755446,1321.817879681181
1,1719.6105957031252,2008.835498275605,1508.6952059769371
1,1615.8508300781252,1726.7876679198075,1556.6125052834248
1,1678.1066894531252,2027.0612532989335,1637.7668174185449
1,1947.8820800781252,1982.8725948699273,1662.7060451538612
1,1844.1223144531252,1871.3965637714848,1568.817598709464
1,1947.8820800781252,1876.0005312772155,1713.9817153147483
1,2020.5139160156252,1872.99583734277,1645.7070839858113
1,2082.769775390625,1931.028374947468,1853.8352208408949
1,1968.6340332031252,2005.5444717207474,1913.5233723650317
1,1989.3859863281252,1849.2123374497417,1874.5768248025802
1,1916.7541503906252,1874.111528348414,1957.4826902120508
1,2217.657470703125,1883.8345697786626,1715.2886436450076
1,2207.281494140625,1873.9427402323192,1807.7625397095817
1,2072.393798828125,1926.4818020654893,1893.2179201144609
1,2030.8898925781252,2268.6716550744695,1951.2757307896118
1,1927.1301269531252,1945.6735652076727,1842.3052766145943
1,2207.281494140625,2011.6737010814434,2008.641319726207
1,2155.401611328125,2038.0938272413287,2024.659519091547
1,2228.033447265625,2141.081619338724,1921.892821956988
1,2269.537353515625,2043.6775196658114,2034.293507642195
1,2082.769775390625,2158.0594246948394,2003.0403602816702
1,2155.401611328125,1990.3977745929194,2035.6757305844105
1,2352.545166015625,2249.509338638256,2026.7485410505044
1,2145.025634765625,2266.7236604323325,2003.3161834801483
1,2404.425048828125,2386.315721102623,1899.1547809915116
1,2321.417236328125,2432.6212408873885,1941.038858030837
1,2072.393798828125,2139.0778567148377,1956.4132941737575
1,2155.401611328125,2088.7415700670945,2093.0428760084274
1,2269.537353515625,2335.783435715552,2067.356437936627
1,2238.409423828125,2276.8992325634576,2029.2426460676156
1,2082.769775390625,2309.6382418875564,2060.7922974220282
1,2259.161376953125,2365.7748306660105,2237.9222149760394
1,2217.657470703125,2063.833557689297,2120.3664075626684
1,2186.529541015625,2246.25701426003,2059.6344454062205
1,2082.769775390625,2287.87613622493,2025.9431968665199
1,2103.521728515625,2012.9722556525023,2044.9623703064951
1,2010.1379394531252,1958.422878743293,2045.8622642617404
1,2103.521728515625,2036.64124210624,2054.68578015032
1,2300.665283203125,2216.578376972442,2109.811502818996
1,2290.289306640625,2183.208062904562,2067.7763123191994
1,2124.273681640625,2219.20883121446,2215.005199147043
1,2176.153564453125,2120.0551652430486,2180.296763776273
1,2269.537353515625,2057.5240192837423,2165.6134803198706
1,2259.161376953125,2013.280257306793,2031.622628777922
1,2186.529541015625,2064.7424730982016,2176.4259733325694
1,2248.785400390625,2201.3382113358875,2137.533088926804
1,2134.649658203125,2235.277992222181,2061.5229474135112
1,2228.033447265625,2201.59746600134,2142.550641163861
1,2145.025634765625,2115.4274968186533,2152.1878158805644
1,2217.657470703125,2270.9096360304543,2222.9547255060997
1,2207.281494140625,2174.6248311711547,2264.2825795792846
1,2383.673095703125,2005.1803388841608,2318.5531119198945
1,2072.393798828125,2098.099514260427,2241.0485743820336
1,2238.409423828125,1996.809051794904,2288.8184968829596
1,2238.409423828125,2050.035043385474,2123.092158975782
1,2238.409423828125,1918.6588676056915,2268.1640830516676
1,2093.145751953125,2024.758366656913,2267.5485416017978
1,2228.033447265625,2112.8830674775927,2302.0012794030686
1,2352.545166015625,1979.2407326328666,2242.0880201014274
1,2145.025634765625,2088.6607466111886,2109.061132466275
1,2093.145751953125,2210.471049893302,2212.7455550887094
1,1968.6340332031252,2279.767326368523,2119.0885162828067
1,2155.401611328125,2104.667039633593,2216.7486207397587
1,2176.153564453125,2068.125960015678,2132.4497955002025
1,2176.153564453125,1996.420230846298,2208.583699033798
1,2145.025634765625,2179.290144550038,2104.9910111922986
1,2404.425048828125,2438.7991542168993,2084.768322022347
1,2394.049072265625,2172.2424311147,2293.5131260435746
1,2414.801025390625,2082.831014853896,2220.7846218473137
1,1999.7619628906252,2348.30277161518,2198.9659736224007
1,2217.657470703125,2221.475255788189,2216.5270751488642
1,2165.777587890625,2187.152336030688,2247.715840415874
1,2248.785400390625,2175.5431465812485,2186.424931992572
1,2279.913330078125,2405.60372615632,2160.955110289561
1,2269.537353515625,2312.156697596838,2063.7441340087357
1,2176.153564453125,2285.33303595702,2206.547647945838
0,2321.417236328125,2164.88737100748,1996.9883137558222
0,2051.641845703125,1885.8708093158232,1874.3183946841732
0,1698.8586425781252,1792.7254126412274,1734.5179436668748
0,1595.0988769531252,1786.4705999780228,1638.9301350321307
0,1719.6105957031252,1625.1094317772033,1608.0763026898758
0,1501.7150878906252,1749.997010131074,1575.7072172734033
0,1460.2111816406252,1673.0711369599037,1472.4155948144082
0,1522.4670410156252,1496.3275884174059,1412.2782638447713
1,1408.3312988281252,1464.602889796486,1369.3723765969096
1,1242.3156738281252,1772.6538081202007,1412.8904873834122
1,1501.7150878906252,1849.2842567822809,1480.6002185376708
1,1657.3547363281252,1724.809840332387,1409.695524696049
1,1480.9631347656252,1914.9008376097895,1523.6264761766638
1,1667.7307128906252,1895.9824269331575,1431.820409622013
1,1750.7385253906252,1939.4312699311795,1659.37738650508
1,1532.8430175781252,1971.989393416289,1618.2221808655202
1,1740.3625488281252,2147.144530364292,1631.1587657926827
1,1812.9943847656252,1803.7590951559869,1603.1682646849426
1,1906.3781738281252,1908.1830450093903,1743.328742255932
1,1958.2580566406252,1840.2919399969921,1618.4165653018642
1,1864.8742675781252,1917.3701379669808,1928.648945847477
1,1844.1223144531252,1862.3523959286551,1840.1416956469786
1,1916.7541503906252,1966.644452466729,1898.7634141439019
1,2082.769775390625,1965.5810569048167,1907.7229154515855
1,1968.6340332031252,2126.6167885290697,1961.7763592259673
1,1999.7619628906252,2060.482990058802,1940.8295578402124
1,2020.5139160156252,2066.926129469395,1884.993005518226
1,2155.401611328125,2112.259961431389,2055.4899969028247
1,2248.785400390625,2041.2982779975569,1989.1679965560527
1,2124.273681640625,2180.0670054921557,1932.90704553156
1,2269.537353515625,2113.438308218951,1973.4487753953138
1,2290.289306640625,2065.5729862407184,1943.00903986653
1,2113.897705078125,1986.1156333381648,1871.0377422932509
1,2186.529541015625,2185.089041169557,1953.900452261781
1,2145.025634765625,2247.060741720027,1975.057933878845
1,2238.409423828125,2266.3395474312706,1979.5048362771531
1,2113.897705078125,2336.8564595474777,2089.2326632241316
1,2196.905517578125,2417.091430974537,2062.5462490331174
1,2145.025634765625,2059.2937477075993,2075.673170154705
1,2238.409423828125,2201.130320864658,2099.1920119048045
1,2186.529541015625,2155.9550214387614,2013.421541706651
1,2228.033447265625,2145.9082269536007,2257.8985164481464
1,2352.545166015625,2234.5891097202825,2023.7777989361757
1,2020.5139160156252,2275.3121630688556,1878.9479781453376
1,2165.777587890625,2134.405423093172,2100.6494685696966
1,2331.793212890625,2311.820050929999,2104.421462554558
1,2456.304931640625,2191.0812357795176,2081.106150057365
1,2196.905517578125,2341.188711383175,1987.0481580147311
1,2331.793212890625,2369.203761339147,2111.102875007923
1,2207.281494140625,2461.364074399231,2111.1094680231936
1,2207.281494140625,2290.6316675061794,1992.3792579713042
1,2228.033447265625,2221.18121405679,1978.3211114694323
1,2030.8898925781252,2241.0578377508023,2125.5089052618832
1,2176.153564453125,2389.724365430752,2018.5666158448664
1,2103.521728515625,2256.2653814417404,2159.872581610338
1,2072.393798828125,2336.8251276128076,2090.129031704156
1,2207.281494140625,2489.179236619878,2199.2222070204007
1,2165.777587890625,2247.055984960826,2107.306772669576
1,2207.281494140625,2318.465280900205,2165.880506799838
1,2186.529541015625,2201.0766968106836,2232.5210273991015
1,2269.537353515625,2229.162265134164,2221.1897917483966
1,2196.905517578125,2148.5272895933713,2325.7435203475943
1,2279.913330078125,2265.0099733229104,2170.008772120189
1,2435.552978515625,2396.470892903498,2118.0194745411154
1,2425.177001953125,2008.8041204656934,2159.290263386793
1,2373.297119140625,2170.3858202323295,2320.8182012853467
1,2342.169189453125,2317.7607433008943,2129.8427781179385
1,2362.921142578125,2267.580967645131,2148.652132110878
1,2352.545166015625,2381.721753281156,2171.597044935005
1,2373.297119140625,2328.5843781117046,2259.109320042876
1,2176.153564453125,2121.7943314102668,2158.7749507832923
1,2134.649658203125,2164.5281904179283,2091.694498618653
1,2373.297119140625,2231.36277976227,2054.7878377818215
1,1999.7619628906252,2285.541038490033,2245.4687399158342
1,2103.521728515625,2261.9454444880434,2144.36355734651
1,2176.153564453125,2054.679357300141,2012.4964940396362
1,1989.3859863281252,2205.0308081947687,2144.3511431375796
1,2155.401611328125,2115.1768732466567,2077.358708134024
1,2165.777587890625,2201.4791121177896,2056.434155777428
1,2259.161376953125,2166.446059594903,1987.8254308169148
1,2414.801025390625,2121.3331255315766,2065.0009373055614
1,2207.281494140625,2206.230002664766,2037.3551941973917
1,1989.3859863281252,2279.514956636973,1980.0321323765004
1,2155.401611328125,2314.1638200712277,2134.685647990259
1,2082.769775390625,2454.7172948513817,2119.721207646961
1,2020.5139160156252,2205.2964519017933,2037.3285511352065
1,2259.161376953125,2094.5590220364766,2173.724404719737
1,2259.161376953125,2280.4602846433377,2106.0465867000457
1,2113.897705078125,2294.492858900977,2043.2546280913339
1,2186.529541015625,2160.076805394144,2038.8320534986738
1,2487.432861328125,2166.7644031789796,1974.396569524714
1,2528.936767578125,2288.5876150189297,2088.385758309981
1,2238.409423828125,2045.3370462663568,2133.6158127131607
1,2394.049072265625,2344.3728871037624,2068.8213308473005
1,2352.545166015625,2136.801648722508,2193.8072961278203
1,2072.393798828125,2147.2421533656084,2199.5602579965416
0,2124.273681640625,2096.845480504588,2097.854809947812
0,2030.8898925781252,1929.727646720207,1844.60528081067
0,2020.5139160156252,1998.8373462046195,1943.7058197077436
0,1709.2346191406252,1822.6198946236068,1704.8024496898063
0,1823.3703613281252,1845.2246410767698,1615.4378056290518
0,1709.2346191406252,1690.7464436366026,1528.2155964205608
0,1543.2189941406252,1510.3170700737571,1388.0530251779808
0,1366.8273925781252,1424.1800623253753,1295.912335029894
0,1522.4670410156252,1433.976036081485,1294.4240214402396
0,1366.8273925781252,1298.208578471082,1129.0172908127392
0,1221.5637207031252,1129.1578814502755,1178.9246674615183
0,1252.6916503906252,1092.4113520410476,1109.9067276207186
0,1190.4357910156252,1011.0378564962638,977.1965859332087
0,1148.9318847656252,1072.0860343427878,1073.718390526512
0,1117.8039550781252,1187.1006039048914,969.1084808830685
0,1148.9318847656252,1153.870759990693,843.0496226809898
0,806.5246582031252,916.6047546462323,848.6218600932199
0,1107.4279785156252,1042.963990022045,910.7603838996263
0,1128.1799316406252,913.3443260683399,824.5286635857093
0,920.6604003906252,1023.3668719712905,902.6456392561865
0,775.3967285156252,870.9851193645693,717.5875678907379
0,879.1564941406252,685.698290359703,800.1721087983482
0,1014.0441894531252,789.2822508668767,879.906531818452
0,806.5246582031252,758.0236339716574,1018.9352261270428
1,837.6525878906252,935.9709967826312,930.7963237321794
1,1169.6838378906252,1176.86213924256,977.8952475587815
1,1097.0520019531252,1064.1588577740924,899.1091386851488
1,1076.3000488281252,1045.4520619278317,985.285926254482
1,1148.9318847656252,1149.977455325394,1064.6370304010616
1,1148.9318847656252,1455.65887000583,1323.5024594949691
1,1397.9553222656252,1573.0008496207847,1284.5934299851815
1,1356.4514160156252,1327.7456735912535,1410.3608216168896
1,1605.4748535156252,1387.3541501825264,1504.495656792704
1,1605.4748535156252,1542.3055705821132,1591.882033179627
1,1626.2268066406252,1568.6128918719114,1692.5614156547313
1,1657.3547363281252,1753.839335936632,1495.8687613148772
1,1864.8742675781252,1739.4254108037521,1628.2762698994793
1,1864.8742675781252,1707.9810604742013,1675.022810946341
1,1968.6340332031252,1838.7968226209327,1516.7607001174981
1,2186.529541015625,1797.8420860670942,1611.6613944789647
1,1906.3781738281252,1721.4932499479737,1614.7602170400714
1,2113.897705078125,1701.8452201040373,1630.2600699867153
1,2103.521728515625,1796.1854625339852,1874.8827670855205
1,1927.1301269531252,1929.5230934267136,1709.9227671008957
1,2145.025634765625,1823.5982454207374,1685.566158710777
1,2113.897705078125,1887.780609290728,1780.8613147683368
1,2041.2658691406252,1995.456933925861,1821.0867971021175
1,2062.017822265625,1978.0288436406354,1847.3611912026606
1,2103.521728515625,1938.2317301751118,1957.6897304157417
1,1999.7619628906252,2263.1707589317084,1816.490707945361
1,2020.5139160156252,2125.8461210019886,2019.7352265364304
1,2124.273681640625,1941.9637222843842,1888.5243735504935
1,1979.0100097656252,2101.9029898167514,1949.1049759354776
1,1927.1301269531252,2419.0813803188157,2007.1897770526102
1,2051.641845703125,2299.2264368343967,1936.6125333267105
1,2186.529541015625,2235.558611927713,1927.929268249629
1,2113.897705078125,2229.3208012091823,1932.3133387960963
1,2165.777587890625,2334.5050857037163,2018.9009548717568
1,2165.777587890625,2312.8624890023816,2098.9790354376364
1,2269.537353515625,2322.754909171988,1907.0581851456668
1,2269.537353515625,2438.560578256698,1912.8053737406346
1,2352.545166015625,2368.2475982444184,1922.7518022147199
1,2311.041259765625,2407.3359818928216,2041.0478920754204
1,2300.665283203125,2271.797023212545,1931.2751630209564
1,2207.281494140625,2352.0902439688307,1878.138306705507
1,2300.665283203125,2387.2067068404203,1953.1185362145989
1,2290.289306640625,2430.862287954372,1972.3267076171414
1,2196.905517578125,2392.2456669456124,2001.984754816562
1,2269.537353515625,2275.7905872119227,2027.80346394952
1,2311.041259765625,2226.470739132186,2067.321102573777
1,2279.913330078125,2445.5734449883166,1999.8032241416327
1,2404.425048828125,2456.20409220279,2165.711543989262
1,2362.921142578125,2209.790772052135,2063.9771161808144
1,2456.304931640625,2459.8456855959066,2118.250514839858
1,2238.409423828125,2476.1536442455217,2040.5770040544003
1,2145.025634765625,2347.6606764632284,1873.3479963626487
1,2373.297119140625,2352.3932087163103,1993.744438561479
1,2269.537353515625,2284.573063304716,1982.610548183126
1,2269.537353515625,2373.784829117176,2057.1611351123765
1,2425.177001953125,2378.6388065512688,2002.1765713088296
1,2259.161376953125,2320.17165985821,2052.7638107206135
1,2290.289306640625,2340.3756190149347,2096.897126802106
1,2466.680908203125,2416.164974915888,2047.6790275562485
1,2373.297119140625,2310.393277576044,2237.03066631711
1,2134.649658203125,2436.109537201877,2143.0062815811884
1,2331.793212890625,2372.906389487469,2194.2033594516206
1,2010.1379394531252,2378.1904531500377,2247.7216500166314
1,2269.537353515625,2333.168670122139,2205.114288003931
1,2259.161376953125,2299.9510129595956,2212.6275068976897
1,2217.657470703125,2406.159660717766,2046.1019439466284
1,2300.665283203125,2393.823617392013,2179.038952619311
1,2321.417236328125,2338.059775355003,2061.180436203416
1,2259.161376953125,2094.5170403259744,2314.7770862216325
1,2290.289306640625,1987.831618717897,2181.8295353656663
1,2394.049072265625,2184.993827670935,2151.038572400268
1,2331.793212890625,2176.735315390879,2194.828987507667
1,2196.905517578125,2213.29257788212,2088.839088128094
1,2352.545166015625,2437.6929909719333,2060.2994059227062
1,2518.560791015625,2111.226286100436,2208.6022059182396
1,2331.793212890625,2091.711257868238,2257.5322160851038
1,2435.552978515625,2182.8674828497415,2162.1917855825363
1,2269.537353515625,2296.095941970665,2119.0266800373197
1,2394.049072265625,2226.745994551139,2213.304962739482
1,2259.161376953125,2162.386110353959,2196.478222745992
1,2497.808837890625,2255.1654747638777,2003.8642355290467
1,2414.801025390625,2091.0477853100947,2122.484535263838
1,2414.801025390625,2270.146947996271,2255.856012194397
1,2539.312744140625,2299.8156821172697,2287.8399613558217
1,2404.425048828125,2179.438051917988,2274.837246561702
1,2560.064697265625,2389.681958517358,2228.1835219179857
1,2248.785400390625,2326.8136392438764,2238.4933258358164
1,2248.785400390625,2360.6377467901575,2156.1836739920896
1,2238.409423828125,2071.876602998785,2273.9805995715597
1,2155.401611328125,2237.6907985425055,2144.5975699358505
1,2248.785400390625,2062.531071466904,2233.442709893131
1,1937.5061035156252,2230.0843748846187,2277.9528656090756
1,2228.033447265625,2132.4569143385843,2214.7097098664353
1,2165.777587890625,2328.5845252323384,2196.07952538336
1,2113.897705078125,2286.0582295085155,2258.996701511611
1,2321.417236328125,2249.4561854764083,2151.8166066471485
1,2456.304931640625,2179.0273069239815,2080.664376345432
1,2207.281494140625,1991.8658409928225,2144.6412431262484
1,2155.401611328125,2128.217498417653,2224.843790731782
1,2124.273681640625,2151.220205663847,2101.162432669614
1,2290.289306640625,2039.8637402525735,2054.7928070158005
1,2362.921142578125,2153.311228964602,1903.8505158454332
1,2331.793212890625,2028.931047344442,1879.4517971138184
1,2404.425048828125,2091.015906538463,2110.7681941450273
1,2394.049072265625,2135.7918054534275,2144.0106355513767
1,2238.409423828125,2167.902542038782,2005.4373713746772
1,2228.033447265625,2247.399776637317,2121.373228359682
1,2259.161376953125,2346.384358795483,2159.59656176303
1,2311.041259765625,2170.137980072701,2042.4262496333008
1,2279.913330078125,2273.6564047808133,2135.1766161998603
1,2155.401611328125,2240.0195070700815,1976.9972376563078
1,2155.401611328125,2299.4110942038665,2067.4818022380673
0,2383.673095703125,2165.974778584063,1977.9085814031366
0,2062.017822265625,2169.8584870497834,1722.8903648072715
0,1812.9943847656252,1888.9004871368704,1666.5573809089476
0,1750.7385253906252,1636.6669693555514,1599.9412265294293
0,1729.9865722656252,1693.71588562217,1446.9440188396154
0,1574.3469238281252,1707.6669412143594,1398.3779000767786
0,1553.5949707031252,1513.4130646346703,1192.83687806995
0,1387.5793457031252,1428.530433725766,1208.0704863190435
0,1584.7229003906252,1645.3433537843466,1156.8656578737682
0,1263.0676269531252,1475.788387812449,1107.055625048162
0,1283.8195800781252,1415.2759076733032,1250.052989284708
0,1190.4357910156252,1384.1723558025762,1048.8115146065234
0,1076.3000488281252,1086.849257818847,972.9993183175104
0,1159.3078613281252,1276.8904772705685,922.6249753043563
0,931.0363769531252,1040.1206934200889,891.7111012513493
0,1024.4201660156252,1081.1484049389649,887.0102868524411
1,1076.3000488281252,1211.5748106467513,803.0496560116082
1,1014.0441894531252,1062.1043721015944,1055.9364897203964
1,1076.3000488281252,1448.8360196073484,1037.518554147303
1,1356.4514160156252,1353.522314217173,1188.123535444913
1,1397.9553222656252,1344.9703168201363,1242.0120406622882
1,1294.1955566406252,1591.4832856326034,1305.5632705435723
1,1522.4670410156252,1626.515783885321,1347.961151830721
1,1646.9787597656252,1661.4202731709895,1376.7647136976675
0,1439.4592285156252,1616.2632397054556,1339.5852367573016
0,1283.8195800781252,1420.968532473315,1334.2762005695058
0,1408.3312988281252,1425.267528860332,1236.5036505217586
0,1294.1955566406252,1396.991499914715,1134.4048909431988
0,1252.6916503906252,1443.2763996624253,1182.203031275348
0,1045.1721191406252,1226.2946754896666,872.6145422344798
0,1200.8117675781252,1105.394279900461,1017.4258610432701
0,1263.0676269531252,1106.3999415893059,943.581981721026
1,1045.1721191406252,1025.27806686271,1097.0234823929925
1,1200.8117675781252,1306.5535963663388,1124.0092867251246
1,1117.8039550781252,1272.6419520069535,1237.513917492295
1,1522.4670410156252,1357.2993852832567,1305.472431558319
1,1429.0832519531252,1473.0187784158209,1540.0566615422285
1,1470.5871582031252,1268.0444618079036,1548.2397016393327
1,1501.7150878906252,1710.9596480711539,1665.3645018921234
1,1532.8430175781252,1498.2993158806798,1549.0630322276313
1,1605.4748535156252,1569.937176329878,1744.7585664637204
1,1667.7307128906252,1656.167213447089,1640.4161669161786
1,1833.7463378906252,1569.6634588988557,1851.6713058011792
1,1823.3703613281252,1759.5119737192736,1761.1516034104413
1,1885.6262207031252,1764.526934046401,1792.5924050923065
1,1968.6340332031252,2119.8056447330205,1626.5235484359325
1,1771.4904785156252,2003.259508976693,1779.9981172521066
1,1740.3625488281252,1807.0405985133607,1928.6187000009609
0,2010.1379394531252,1727.2257319593477,1603.7811244909708
0,1781.8664550781252,1763.3383858572495,1535.085476877097
0,1709.2346191406252,1587.7970657626522,1615.5795882879625
0,1449.8352050781252,1671.3538029383249,1469.2742535616803
0,1532.8430175781252,1515.7487866624006,1219.30320180838
0,1418.7072753906252,1617.4530901255566,1378.0178056653026
0,1377.2033691406252,1306.4958219010177,1223.5484212089991
0,1408.3312988281252,1218.5677737566377,1081.935339509593
1,1335.6994628906252,1301.44836464539,1217.591045066815
1,1460.2111816406252,1610.57047672245,1322.492543839939
1,1439.4592285156252,1305.3241936461206,1343.5896209557934
1,1802.6184082031252,1396.0765521666874,1305.7485710189915
1,1553.5949707031252,1362.8224740312467,1414.1592302704955
1,1688.4826660156252,1606.809219837194,1468.0835348690227
1,1709.2346191406252,1598.0402440071489,1525.3256182063976
1,1885.6262207031252,1500.492483028816,1552.51924781533
0,1761.1145019531252,1687.3476329733203,1546.7543853200873
0,1729.9865722656252,1439.7830161792742,1457.1301895934791
0,1522.4670410156252,1263.1164632490845,1462.2237280363029
0,1563.9709472656252,1362.1316202838525,1209.4686595072105
0,1543.2189941406252,1249.4672195769524,1240.703640411312
0,1263.0676269531252,1320.2058156638764,1206.5780156861563
0,1460.2111816406252,1085.2044384693008,1074.5510796525573
0,1294.1955566406252,1014.5828109969593,907.0596592692557
1,1263.0676269531252,1042.8578442807975,1085.937721322995
1,1273.4436035156252,1274.1272462743339,1077.3201762411181
1,1304.5715332031252,1233.2407500695404,1156.661057124303
1,1387.5793457031252,1211.0216161172812,1235.6108216110906
1,1522.4670410156252,1393.6982088196687,1209.4154773738812
1,1719.6105957031252,1378.7977831231854,1519.6230584446428
1,1823.3703613281252,1505.7036501103503,1605.124544273936
1,1678.1066894531252,1595.1096145038746,1525.6925650041294
0,1729.9865722656252,1370.8636686848183,1480.1611777681494
0,1781.8664550781252,1452.7997172000373,1526.2365362037192
0,1532.8430175781252,1316.0048508081031,1286.1620940844573
0,1470.5871582031252,1373.5295761231541,1430.58159640902
0,1429.0832519531252,1353.0027761810861,1184.9801349963222
0,1439.4592285156252,1072.294640495912,1245.3465767113614
0,1263.0676269531252,1262.938166942094,1080.0040637307418
0,1076.3000488281252,1226.5332969424826,1063.9777285479947
1,1231.9396972656252,1343.1929122841855,945.3063138937308
1,1418.7072753906252,1275.0186859934413,1175.8070744252389
1,1470.5871582031252,1535.2825032822968,1391.178477594537
1,1429.0832519531252,1441.6421777402797,1367.1131788288378
1,1532.8430175781252,1627.5587165472293,1521.4657318952814
1,1709.2346191406252,1535.8890946412005,1443.7515940501337
1,1750.7385253906252,1832.4750001732298,1475.0071397212853
1,1729.9865722656252,1570.2138277285285,1285.8973937321982
0,1823.3703613281252,1693.4433112008508,1480.4002716260818
0,1460.2111816406252,1406.1774624079117,1409.4110927618551
0,1501.7150878906252,1617.9755423131305,1254.0140236086208
0,1439.4592285156252,1463.0120555750032,1186.7408970943904
0,1366.8273925781252,1298.2191344993971,1104.9049089660498
0,1356.4514160156252,1438.5226350394107,1143.5854922713547
0,1304.5715332031252,1362.8405717942003,1040.8735458752458
0,1055.5480957031252,1312.9924692923644,1102.0618247722841
1,1231.9396972656252,1219.2601408499058,1207.7902456392405
1,1595.0988769531252,1301.667514806947,1170.3359281979156
1,1314.9475097656252,1426.915224188963,1284.3194540578204
1,1397.9553222656252,1328.0006810379343,1362.6336640504805
1,1449.8352050781252,1340.5257620819652,1453.5376418235894
1,1512.0910644531252,1548.7922666893696,1555.952308524664
1,1750.7385253906252,1405.9969675607333,1415.3469267486341
1,1761.1145019531252,1526.1846412277982,1509.074952896604
1,1761.1145019531252,1503.482299753493,1536.5459230720478
1,1844.1223144531252,1741.2263753796474,1481.297702085549
1,1906.3781738281252,1732.1244466559435,1556.7399699562982
1,1885.6262207031252,1802.025061235243,1811.4238023333712
1,1989.3859863281252,1847.633876399585,1814.9266518511447
1,2248.785400390625,1703.310704339375,1682.278063769607
1,1916.7541503906252,1952.0615221988012,1770.74310053795
1,2030.8898925781252,1801.8560913569331,1949.3559115010703
1,2041.2658691406252,2053.764819248819,1883.1577026255957
1,1999.7619628906252,1999.051484108257,1950.061062506815
1,1947.8820800781252,1944.1381306178826,1929.0647370426298
1,2342.169189453125,1919.4110909174678,2051.4465121127632
1,2113.897705078125,1879.9021608758558,1929.3840259659046
1,2134.649658203125,2030.843463609287,2036.4064478288528
1,2196.905517578125,1773.9243200766625,1932.3413375204104
1,2165.777587890625,2032.3259321994053,1980.621155736438
1,1927.1301269531252,2040.185593040831,2041.2015845221943
1,2103.521728515625,2019.0109563415524,1834.5209802760721
1,2176.153564453125,2032.9641531593902,1990.0440540388163
1,2196.905517578125,2099.9918540602666,1972.8061730201214
1,2082.769775390625,1896.0848777683393,2043.9632562069107
1,2124.273681640625,2023.8959545089444,1933.193260960353
1,2155.401611328125,2061.2553471424026,2021.6951850769012
1,2228.033447265625,1951.236214060738,1896.619548064322
0,2217.657470703125,2079.2095439824034,1903.3466872982767
0,2165.777587890625,1879.8228061232319,1844.4960379996196
0,1802.6184082031252,1722.7478518416044,1768.8110584538879
0,1781.8664550781252,1864.6198179967125,1535.276535105746
0,1719.6105957031252,1662.073286335267,1362.1737682266028
0,1429.0832519531252,1650.6914220460571,1466.7416112716435
0,1242.3156738281252,1507.6485659403484,1284.826041900171
0,1190.4357910156252,1410.6413915981195,1219.4644472346636
1,1211.1877441406252,1320.8884181650722,1333.4414962936744
1,1283.8195800781252,1231.2622330225067,1441.389790993469
1,1512.0910644531252,1610.4828012826324,1424.993147508305
1,1439.4592285156252,1627.597341386474,1547.9387145843841
1,1761.1145019531252,1467.005422798968,1652.682235319427
1,1605.4748535156252,1562.0551719754687,1756.6510659905923
1,1802.6184082031252,1675.1430753951913,1724.7044326916734
1,1761.1145019531252,1644.9271003240929,1738.3746493314836
1,1947.8820800781252,1834.5871627460765,1844.484938998983
1,2155.401611328125,2027.1075390738447,1743.3246195857
1,1979.0100097656252,1804.804338799258,1977.7794566920206
1,2093.145751953125,1487.4960419592362,1679.510473545083
1,2051.641845703125,1798.5111091629906,1820.4992036178885
1,1999.7619628906252,1722.2915733365323,1704.6145095640175
1,2020.5139160156252,1801.643680981773,1876.42837606096
1,2259.161376953125,1905.6104011847667,1984.6074646019222
1,1906.3781738281252,1759.010244078112,1872.5049643437467
1,2124.273681640625,1866.5660611325961,1927.1682059193715
1,2145.025634765625,1888.06666518724,1872.818312445001
1,2124.273681640625,1991.100822254962,1903.6644748424385
1,2093.145751953125,1891.5769240977168,1978.627231187122
1,2093.145751953125,1849.4476160271877,2025.1002343157409
1,2030.8898925781252,1911.3751649256756,1822.958007462476
1,2228.033447265625,2100.1757382633846,1942.7559742481
1,2134.649658203125,2189.4052031076653,1984.5061700691056
1,2279.913330078125,2057.746279422001,1747.3692572306318
1,2248.785400390625,1854.742731761687,1908.4830139555422
1,2331.793212890625,2037.6296579015636,2075.5787413948797
1,2103.521728515625,2075.743493700517,1827.545808883597
1,2290.289306640625,2015.313771409753,2020.0856758066632
1,2342.169189453125,2199.7304722802214,2096.03859762099
1,2113.897705078125,2169.5450318974827,1955.8705729768044
1,2207.281494140625,2225.994858157621,2055.238244789806
1,2103.521728515625,2220.829570269151,1892.0820526792472
1,2217.657470703125,2331.7486466020996,1916.9960442610354
1,2103.521728515625,2021.2322398506562,2065.239525147269
1,2145.025634765625,2319.050865401588,2066.563774913951
1,2207.281494140625,2169.2883029401983,1931.2359028861542
1,2259.161376953125,2226.171005768995,2055.213681819219
1,2145.025634765625,2214.8996094840268,2036.8282161112468
1,2259.161376953125,2169.7206519055753,1977.8405780290977
1,2093.145751953125,2349.712058035236,1995.1719421175371
1,2041.2658691406252,2234.264026776007,2020.7471111879834
1,2217.657470703125,2302.350069241774,1927.5080138649766
1,2196.905517578125,2186.2918679790478,2049.7753078301284
1,2300.665283203125,2289.5420180415454,2116.139594276862
1,2560.064697265625,2285.6629955278495,2071.355487897344
1,2248.785400390625,2265.419791090323,2084.643690237303
1,2207.281494140625,2289.8395917954695,1962.1601648372398
1,2269.537353515625,2133.43564388107,2227.4548167839284
1,2082.769775390625,2033.8926462861136,2103.7093416369926
1,2103.521728515625,2188.814905018094,2098.0889533127133
1,2155.401611328125,2283.0057794551476,2046.5840525764231
1,2269.537353515625,1874.8629685604665,2202.1135842330023
1,2290.289306640625,2193.7418913819415,1986.2582765702462
1,2248.785400390625,2071.793655302402,2155.333355699573
0,2196.905517578125,2123.396332954238,2022.6766139012634
0,2082.769775390625,1904.75967284974,1900.3514292377413
0,1854.4982910156252,1820.6937007758952,1749.5756983498427
0,1792.2424316406252,1731.3009278621869,1604.8885815748033
0,1584.7229003906252,1696.0276460771274,1575.9301445922965
0,1470.5871582031252,1643.0140220165804,1512.5385626591356
0,1346.0754394531252,1485.9140565936882,1522.416953910089
0,1325.3234863281252,1311.1120894991932,1382.9813469068845
1,1397.9553222656252,1521.0395555319453,1380.290711142873
1,1460.2111816406252,1587.2062343723123,1372.2143700293257
1,1501.7150878906252,1712.4596423907426,1425.858120404801
1,1491.3391113281252,1727.1751331447338,1496.1732520266357
1,1512.0910644531252,1741.2536869412293,1390.9175567888433
1,1584.7229003906252,2002.7564415085476,1637.5389314451477
1,1574.3469238281252,1897.0829120578048,1517.0276501437436
1,1896.0021972656252,2092.750230793664,1510.81835538635
1,1657.3547363281252,1917.9467130782032,1633.5772866524514
1,1896.0021972656252,2205.9071454732702,1582.6822562320692
1,2124.273681640625,1968.583287117377,1509.660677756366
1,2124.273681640625,2157.927092059543,1682.7278320394032
1,2290.289306640625,2069.554144045835,1723.1834140203237
1,2196.905517578125,2124.574690344207,1872.9597176957939
1,2176.153564453125,2126.6506452202416,1734.4118818663922
1,2145.025634765625,2275.529555653886,1815.2870534139856
1,2062.017822265625,2082.7795144744205,1871.493857559142
1,2020.5139160156252,2160.0911157931596,1853.9516594873085
1,2196.905517578125,1989.7881245034805,1807.8803570621901
1,2321.417236328125,2177.2102796879194,1884.74287796984
1,2145.025634765625,2174.4902106774557,1763.0624735454387
1,2290.289306640625,2217.6773167513315,1835.9738678956437
1,2321.417236328125,2207.864433031977,1926.0433224207393
1,2311.041259765625,2280.559130372151,1856.9672206139587
1,2207.281494140625,2217.7613316772977,1941.8971542806726
1,2362.921142578125,2001.2508811448747,1801.9373380017353
1,2010.1379394531252,2060.3193314076398,2093.464398826357
1,2072.393798828125,2108.600313367706,2041.1034574397584
1,2062.017822265625,1943.7462214404773,1912.9081876001944
1,2051.641845703125,2235.819806772202,1852.0720650131723
1,2331.793212890625,2317.3872638133626,1935.3060730277823
1,2124.273681640625,2292.848218980373,2078.9476134072484
0,2290.289306640625,2129.9834478728385,2004.1614599020147
0,2082.769775390625,2085.7608700793685,1835.999696827798
0,1875.2502441406252,1886.6423331961828,1689.409779032587
0,1771.4904785156252,1805.3579400300227,1732.9984318362513
0,1574.3469238281252,1708.8068213539032,1646.272824333604
0,1615.8508300781252,1715.6990048005944,1468.5394038107727
0,1501.7150878906252,1487.4803318093284,1362.909747988862
0,1418.7072753906252,1652.4039492525658,1217.7003953426913
1,1335.6994628906252,1585.4666148700242,1410.4562351492193
1,1501.7150878906252,1598.625756658321,1366.9959988522182
1,1605.4748535156252,1491.1219773834,1374.4809544125178
1,1449.8352050781252,1656.697661539281,1501.9820133966386
1,1449.8352050781252,1567.4548206795537,1670.4886778228024
1,1709.2346191406252,1639.3581573013512,1560.7077002724004
1,1667.7307128906252,1743.7409382035455,1538.4448737200553
1,1729.9865722656252,1697.280087669539,1628.7788381354187
1,1761.1145019531252,1847.9997780529748,1587.290425290298
1,1761.1145019531252,1823.4934013518025,1705.2928791319105
1,1854.4982910156252,1884.9880698801226,1770.8178974365514
1,1958.2580566406252,1984.6372917055278,1803.5299174952834
1,1958.2580566406252,1882.4477150218877,1876.1843020008844
1,1885.6262207031252,1982.9964574013534,1915.4661211496057
1,1916.7541503906252,1996.22110764721,1917.9496474859811
1,2010.1379394531252,1956.7959272636426,1894.0056902920126
1,1989.3859863281252,2141.8218317129413,1988.6360305873131
1,2020.5139160156252,2213.4156787792435,1863.2434718538777
1,1999.7619628906252,2233.123503636099,1937.9940607576466
1,1906.3781738281252,2137.449219919653,1981.767861679815
1,2020.5139160156252,2187.53925934535,2052.8314195005078
1,1833.7463378906252,2108.4081504607702,1907.0474641359958
1,1999.7619628906252,2059.01027965527,1997.8480363536141
1,2300.665283203125,2276.520314574348,1990.9772498251525
1,2373.297119140625,1961.5547198569507,2029.8250470961646
1,2207.281494140625,2001.5389413873695,1951.514624514971
1,2414.801025390625,2002.9422383645474,2023.5948891413518
1,2279.913330078125,1916.0150174533592,2058.0771033709025
1,2113.897705078125,1861.1855180808134,1948.8751151421882
1,2248.785400390625,1928.8957808332527,1891.7196397258117
1,2331.793212890625,2112.4599492593343,1919.2476740029485
1,2362.921142578125,2086.5321932913544,1988.1368885121694
1,2228.033447265625,2396.565003964031,1941.981013400315
1,2124.273681640625,2087.640084576284,2052.803332568591
1,1999.7619628906252,1989.8731227205928,2085.1544566345488
1,2228.033447265625,2243.8949045161676,2239.6264115976383
1,2196.905517578125,2204.9509841179474,2172.481380686934
1,2290.289306640625,1978.9478657301013,2060.5806755725107
1,2207.281494140625,2118.7851861909594,2007.4521842341424
1,2228.033447265625,2058.981312036759,2035.323191091735
1,1999.7619628906252,2276.437140865573,1974.1486849825458
1,2352.545166015625,2153.804466100661,1976.1628740638077
1,2279.913330078125,2353.5956471433847,2019.5588065634743
1,2435.552978515625,2140.746038056225,1871.6370150653947
1,2435.552978515625,2301.771857519378,2004.3138855685743
1,2228.033447265625,2205.1326132130066,2026.7439233109667
1,2404.425048828125,2297.5044843536707,1895.9060211133735
1,2217.657470703125,2214.291919444425,1859.3999260527112
1,2145.025634765625,2312.0957912717417,2003.9562811920655
1,2279.913330078125,2154.2453053403265,1923.7948793885748
1,2248.785400390625,2188.3209317904675,1988.908431786417
1,2445.928955078125,2258.0355354273497,1878.3492929568106
1,2155.401611328125,2298.629077939872,1921.5731134253947
1,2445.928955078125,2192.044012301801,1951.825981010972
1,2228.033447265625,2334.3564570176727,1984.3961158458123
1,2352.545166015625,2454.232787811831,2005.2663263536917
0,2134.649658203125,2247.535764999803,1879.0050236815318
0,1999.7619628906252,2151.865667155675,1833.1319856840205
0,1761.1145019531252,2065.1717559049384,1637.702337711719
0,1750.7385253906252,1964.031850977053,1457.5293484701879
0,1667.7307128906252,2101.520181842253,1452.7599318093964
0,1698.8586425781252,2050.0875943754186,1330.0387591589033
0,1418.7072753906252,1664.5282762097845,1331.818685225802
0,1366.8273925781252,1546.5531718352925,1313.3620407223468
0,1304.5715332031252,1436.0778662474256,1245.0956059555858
0,1252.6916503906252,1507.5618870433666,1205.5809463247047
0,1304.5715332031252,1118.343407747278,972.0914468933371
0,1065.9240722656252,1372.7722191719852,1107.777319793075
0,1190.4357910156252,1298.8401039119228,903.4665095487175
0,1107.4279785156252,1306.5799915848993,1092.1726317698208
0,1076.3000488281252,1399.0103469701567,947.5399948132134
0,1076.3000488281252,1093.934126426492,786.6050554666401
1,920.6604003906252,1119.5048600942866,879.7141911822284
1,1107.4279785156252,1248.3020196218033,928.9525606369747
1,1304.5715332031252,1346.427574089696,1042.0472499239847
1,1086.6760253906252,1437.3573509588814,1195.0264914502343
1,1180.0598144531252,1480.0580403113554,1238.4343182158061
1,1418.7072753906252,1715.2698420270542,1373.2932082445197
1,1470.5871582031252,1590.338668465325,1322.7079614523145
1,1646.9787597656252,1690.6471824017112,1409.3935380569994
1,1532.8430175781252,1432.2637626317169,1523.4077353380994
1,1553.5949707031252,1663.8725065217739,1541.319902861338
1,1584.7229003906252,1734.7924629583028,1560.5940801245376
1,1729.9865722656252,1832.640831280665,1479.634647964493
1,1802.6184082031252,1736.7394068767253,1568.4760672018647
1,1937.5061035156252,1938.722600156238,1707.0969068162847
1,1864.8742675781252,1775.67287378873,1671.9053790748187
1,1927.1301269531252,2036.1804021298442,1813.713085840059
1,2113.897705078125,2009.9082919097402,1813.543650456699
1,1989.3859863281252,2013.1134228131002,1825.4265564345792
1,2196.905517578125,2176.5466151445867,1852.9997309532139
1,2020.5139160156252,2267.6778778951057,1982.3884158113124
1,1999.7619628906252,2050.622602113182,1965.480604346702
1,2051.641845703125,2279.9640340048413,1780.1126338981192
1,1958.2580566406252,2200.319138921607,1922.3152276952874
1,2062.017822265625,2163.351750855765,1874.5590729190276
0,2113.897705078125,2108.384358621762,1830.986165120216
0,2248.785400390625,1825.2761315234056,1815.1250265935498
0,1812.9943847656252,1962.041740631824,1801.3334183164206
0,1667.7307128906252,1740.1680304923414,1518.8608924511566
0,1563.9709472656252,1514.010639410555,1502.621211934401
0,1553.5949707031252,1731.399543442785,1364.023599870015
0,1480.9631347656252,1712.6266405708109,1285.369010930371
0,1429.0832519531252,1476.271121537131,1239.9766993795852
0,1532.8430175781252,1546.7821581960363,1220.0923366934342
0,1283.8195800781252,1534.5157010878956,1084.0768847512254
0,1335.6994628906252,1410.8291341058984,1156.3297462773508
0,1169.6838378906252,1214.0181114297964,975.5273432645648
0,1003.6682128906252,1048.8736845954825,969.201330504435
0,1304.5715332031252,1154.2546730787783,935.7783101412492
0,1294.1955566406252,1117.944918952132,995.3820476907653
0,1128.1799316406252,1016.0465930024752,811.5476966769256
0,1055.5480957031252,1004.5795433571882,819.9090564801483
0,1065.9240722656252,1022.9775142700187,808.6039620480385
0,1076.3000488281252,1132.6300742610397,867.310857388247
0,941.4123535156252,821.3336513808108,726.1804312943258
0,1086.6760253906252,797.9299429883898,699.9562560720126
0,920.6604003906252,987.972143713355,611.626883011151
0,931.0363769531252,848.5643528162246,566.0387346878393
0,848.0285644531252,811.6926492182427,641.1999445161227
1,868.7805175781252,934.0070470560145,656.9766767230471
1,1107.4279785156252,826.9980080964222,799.0306784227917
1,1148.9318847656252,1056.1947216526128,752.5882567401992
1,1138.5559082031252,1211.4843237370178,969.4036788438783
1,993.2922363281252,1138.9633622615343,935.1838936229545
1,1397.9553222656252,1352.8083613920307,1081.0137876487838
1,1335.6994628906252,1265.9858544502845,1289.8125000870234
1,1429.0832519531252,1395.1301689261204,1270.7314113010873
0,1491.3391113281252,1368.7329773936783,1246.4754284319185
0,1480.9631347656252,1027.1362463594223,1202.1746895018382
0,1325.3234863281252,1118.3955825702167,1022.4903180914522
0,1356.4514160156252,1219.8603686972335,1040.0401138882028
0,1180.0598144531252,1146.0987153834328,979.0562766113377
0,1097.0520019531252,1083.9909489004688,915.4999169793124
0,1159.3078613281252,788.8531060174429,884.3748561629409
0,1325.3234863281252,939.5078868798334,854.7441001060023
1,1190.4357910156252,925.1570656406795,708.6865698598187
1,1273.4436035156252,962.3974993377532,971.788152372505
1,1148.9318847656252,1096.1599792178602,995.4665693275131
1,1439.4592285156252,1278.908871544235,1115.2991818287921
1,1532.8430175781252,1434.484421279435,1294.3108919266654
1,1729.9865722656252,1472.6842013247604,1338.9433873753412
1,1460.2111816406252,1554.3540531731226,1492.6941819490196
1,1740.3625488281252,1564.5144827155862,1417.8254103058816
1,1574.3469238281252,1780.931002844589,1595.5790627578576
1,1781.8664550781252,1623.5487521393916,1530.3083221466072
1,1584.7229003906252,1795.2530472148735,1579.660508489462
1,1709.2346191406252,1671.437294649649,1630.3513275386579
1,1937.5061035156252,1768.954199903206,1511.7724277588047
1,1947.8820800781252,1701.830064065559,1561.5544442366781
1,2051.641845703125,1814.7592726244582,1593.0766622120493
1,1885.6262207031252,1862.279547570748,1768.2891573342804
1,1937.5061035156252,1825.1909415732878,1762.930053956775
1,1854.4982910156252,1912.0352291518802,1659.7149339961131
1,1937.5061035156252,1934.9779109772865,1761.2812741247337
1,2041.2658691406252,2169.459565608466,1858.1875138050398
1,1927.1301269531252,2021.735288886809,1778.2585842212213
1,2228.033447265625,1935.7157362293785,1888.2712547717724
1,2082.769775390625,1852.26410286178,1856.0589614756216
1,2082.769775390625,1943.7062797181843,1955.0317374742629
1,2207.281494140625,1875.5949557106098,2013.0797195509092
1,2207.281494140625,2063.1177864269553,2018.408863497472
1,2145.025634765625,1893.229865260997,2074.290159975181
1,2207.281494140625,2035.331148446289,2150.745966985703
1,2279.913330078125,2047.6469750385093,2012.0286737714653
1,2082.769775390625,1951.277604535842,2032.5998058937823
1,2414.801025390625,2312.423271648263,1933.4120205770423
1,2279.913330078125,2123.498917443244,1785.075552848826
1,2352.545166015625,2072.4276719538198,1945.6978057139954
1,2082.769775390625,2141.097295369198,2052.117289215438
1,2134.649658203125,2198.239376012957,2028.353631811372
1,2082.769775390625,2249.7837374543474,1983.9999237718262
1,2186.529541015625,2283.495711566415,2046.689296885717
1,2383.673095703125,2261.5188007175166,2018.0081453201385
1,2196.905517578125,2040.2012532692556,2037.0118222135366
1,2269.537353515625,2334.267842152504,2162.885079316109
1,2176.153564453125,2161.6575307325497,1923.0525035886958
1,2176.153564453125,2077.8176210200886,2317.883615759438
1,2207.281494140625,2308.335594177099,2170.25527144076
1,2290.289306640625,2261.381739946953,2172.9986276055074
1,2155.401611328125,2247.2962874966497,2238.4970404311734
1,2394.049072265625,2224.110303336414,2195.2046608921964
1,2186.529541015625,2161.746954329188,2107.023636900295
1,2238.409423828125,2099.299399540672,2103.7501608785055
0,2228.033447265625,2049.7193680384526,2153.037343019942
0,1906.3781738281252,2212.2336224159926,1909.824619843595
0,2041.2658691406252,1954.5962085000358,1832.2255031047357
0,1844.1223144531252,1852.9251445969746,1694.9438033158067
0,1532.8430175781252,1900.4389816039704,1592.6122276395968
0,1688.4826660156252,1637.860417424336,1492.0830271773368
0,1543.2189941406252,1606.5781528570512,1366.4922557763105
0,1283.8195800781252,1437.022739533036,1375.0112231490448
0,1263.0676269531252,1528.2121869048287,1207.0495533168446
0,1221.5637207031252,1447.395765578902,1291.4408736084831
0,1200.8117675781252,1146.7464624187812,1244.4637483532442
0,1024.4201660156252,1195.541423677467,1019.1250335804203
0,1169.6838378906252,1152.135234201587,1051.9710668586877
0,1003.6682128906252,1128.4949519230706,990.5314531917378
0,1024.4201660156252,1264.9273701518562,915.1033936157966
0,1055.5480957031252,1060.5888034392792,838.7841619671793
0,1117.8039550781252,865.9304082598027,926.9845884305219
0,1034.7961425781252,967.1281698744996,768.4225011208537
0,1014.0441894531252,926.0305682531812,744.5596369756371
0,1034.7961425781252,980.8444114501392,701.0867680636105
0,920.6604003906252,1004.359706428028,642.8060820688135
0,754.6447753906252,800.2082199752606,791.31306721703
0,910.2844238281252,707.2384944438325,735.6696796846452
0,858.4045410156252,868.169078501518,813.831177961249
1,1014.0441894531252,997.2337006703988,727.4778719751399
1,951.7883300781252,984.427445719059,822.4212382455146
1,982.9162597656252,1255.4309990508814,803.2075435817239
1,982.9162597656252,1183.872490158174,948.2754410126485
1,1263.0676269531252,1456.4801661974186,1037.5603556105248
1,1283.8195800781252,1319.2717037398538,1181.8050278840294
1,1397.9553222656252,1568.2127765047858,1287.6671832181614
1,1460.2111816406252,1637.9538251393424,1309.497174842498
0,1501.7150878906252,1674.530292093211,1452.6538563892425
0,1449.8352050781252,1555.9262046020237,1308.1707341343183
0,1314.9475097656252,1293.647139508523,1225.9429708076766
0,1314.9475097656252,1287.4035316515838,1128.9183283829357
0,1128.1799316406252,1289.899290346046,1063.6701766917492
0,1159.3078613281252,1370.085425246481,1121.126893375171
0,1335.6994628906252,1162.2229148147485,1073.4118128184987
0,1034.7961425781252,1212.6355021378572,975.5909618519598
1,1055.5480957031252,1229.6805037663735,970.2653574071621
1,1180.0598144531252,1346.3926271655846,1055.1699032888155
1,1200.8117675781252,1442.7634795802921,1252.2935728012465
1,1086.6760253906252,1550.881519564486,1244.776004975047
1,1231.9396972656252,1545.8550931696284,1360.4314323844437
1,1522.4670410156252,1681.1651273711261,1290.6105867468123
1,1346.0754394531252,1769.0882449109763,1426.682702139816
1,1553.5949707031252,1639.7205064774234,1497.3989015145246
1,1470.5871582031252,1978.6220166740354,1421.4621311013846
1,1833.7463378906252,1681.6985087362295,1662.2974256784296
1,1657.3547363281252,1826.1281857903134,1650.4452673290648
1,1781.8664550781252,1720.4129576215173,1754.2858009652991
1,1781.8664550781252,1807.4900099027777,1663.7162921148094
1,1771.4904785156252,1942.2234629087072,1764.566105922706
1,1750.7385253906252,1967.8196033562047,1906.4040471855792
1,1781.8664550781252,2057.249866484274,1657.0621137954947
0,1999.7619628906252,2046.5796890008824,1825.853815092234
0,1761.1145019531252,2002.1358202078782,1726.9629288184994
0,1802.6184082031252,1817.4967978271732,1579.7284307085256
0,1439.4592285156252,1655.5387695407026,1526.555226207684
0,1615.8508300781252,1757.084710892814,1512.9423830463065
0,1532.8430175781252,1450.8974967321733,1387.5351525178662
0,1314.9475097656252,1542.0207507159491,1218.270227669807
0,1294.1955566406252,1478.8662945959418,1157.751234443052
1,1169.6838378906252,1592.926167437295,1223.4213418307277
1,1512.0910644531252,1436.6008272425997,1450.4106404442289
1,1522.4670410156252,1473.652120847131,1370.8476376771462
1,1387.5793457031252,1398.954799851391,1446.0424195654439
1,1595.0988769531252,1454.669951289835,1431.1544421236504
1,1522.4670410156252,1552.5690480781973,1480.5889784519673
1,1626.2268066406252,1400.0773779023398,1565.5063041518506
1,1678.1066894531252,1438.245635964854,1585.2586281896688
1,1709.2346191406252,1613.9590121583637,1628.6082163321187
1,1854.4982910156252,1824.8588164407774,1661.8593389828702
1,2041.2658691406252,1947.133469520904,1664.2300230012677
1,1916.7541503906252,1993.8382824766502,1870.2868747170905
1,2020.5139160156252,2005.7454579051127,1792.891440810004
1,2020.5139160156252,1942.2961763742824,1816.1913998584153
1,2259.161376953125,1944.9666098601172,1934.9684116040005
1,2103.521728515625,1869.4274173892743,1922.991689789322
1,2321.417236328125,2161.7476352105296,1963.612435069697
1,2207.281494140625,2073.3701054503495,1982.3768895568674
1,2269.537353515625,1922.581978033535,2139.8716530767047
1,2176.153564453125,1843.1558930263102,2101.852042852444
1,2196.905517578125,1973.907400042675,2079.5324674519848
1,2186.529541015625,1920.949681500013,1971.0242150940267
1,2248.785400390625,1945.903849062997,2157.416262153967
1,2269.537353515625,1965.7680511547185,2167.7733384676712
0,2196.905517578125,2057.5027153485103,2149.9351806401146
0,1989.3859863281252,1927.8267667629616,1997.996769018327
0,2041.2658691406252,1721.144097376373,1829.76302360444
0,1833.7463378906252,1676.0530747655587,1596.6787202706946
0,1864.8742675781252,1600.3748618710854,1612.0616438220977
0,1532.8430175781252,1570.6535081524546,1500.0785741082311
0,1460.2111816406252,1405.940043700457,1293.7427684332793
0,1595.0988769531252,1166.2542144095037,1354.0957028875225
0,1501.7150878906252,1292.6744136251364,1263.025275575564
0,1263.0676269531252,1202.8720257233913,1194.6489920833526
0,1252.6916503906252,1316.8266255690764,1110.8576842483635
0,1128.1799316406252,1216.95073543684,1092.820229371768
0,1231.9396972656252,1129.5091320823262,884.0413230995688
0,1190.4357910156252,950.7073309144394,948.6557110553922
0,1159.3078613281252,989.8049771994955,850.5729994089642
0,1034.7961425781252,851.8108900858066,988.62320952621
1,951.7883300781252,1160.843518092597,1056.5459886674382
1,1034.7961425781252,1101.764210400037,1126.723516559966
1,1252.6916503906252,1143.5027887435235,1172.1449943080743
1,1034.7961425781252,1382.6714489915346,1190.4690573851628
1,1449.8352050781252,1391.1516019260118,1228.8451224601968
1,1242.3156738281252,1453.3512370942694,1308.0432877099875
1,1512.0910644531252,1307.298283678668,1401.4782471377052
1,1636.6027832031252,1570.7029977632035,1509.0136107802111
1,1636.6027832031252,1599.9771747797001,1514.0097074328432
1,1522.4670410156252,1795.2852510704297,1500.2215336720417
1,1709.2346191406252,1811.3265564165988,1511.6538985954012
1,1709.2346191406252,1625.942144498643,1639.096028544557
1,1927.1301269531252,1633.2418594777305,1859.5781556994204
1,1979.0100097656252,1878.703278728795,1698.273111210031
1,1792.2424316406252,2033.8209354408814,1640.02683381425
1,1999.7619628906252,1945.6210384903895,1723.9078454885191
0,2010.1379394531252,2052.8138085589076,1650.306671358814
0,1979.0100097656252,1775.0348798517723,1547.888383324139
0,1657.3547363281252,1864.5229779999622,1349.9377446842675
0,1532.8430175781252,1609.6612690283623,1352.489983380788
0,1439.4592285156252,1387.9064486268821,1330.685470674593
0,1491.3391113281252,1528.3484681339235,1226.9388123403085
0,1335.6994628906252,1341.1984617811704,1316.956839575697
0,1076.3000488281252,1295.1772670499072,1084.4920315616769
0,1366.8273925781252,1276.825677152016,937.8377603402691
0,1138.5559082031252,1271.8754892473344,1082.904212091996
0,1221.5637207031252,1151.4618065310538,1081.8883400216841
0,1097.0520019531252,1183.8485260855696,1081.9210869248195
0,1086.6760253906252,966.4407589860448,1018.2806015105624
0,868.7805175781252,1058.9682197084294,1018.1725942246485
0,1003.6682128906252,989.6258015903237,841.5813731658465
0,1231.9396972656252,1029.8872742574704,919.3826756174493
1,1128.1799316406252,1060.4416121721706,815.5678302155953
1,1252.6916503906252,934.1727819740083,926.2836982184741
1,1501.7150878906252,1243.2606887766372,980.1331733905429
1,1211.1877441406252,1303.052980025479,1252.5876192366125
1,1180.0598144531252,1203.9591386604093,1073.7283313136284
1,1283.8195800781252,1241.1836764863365,1236.1363416126624
1,1553.5949707031252,1578.945112506726,1495.3508689254081
1,1605.4748535156252,1625.7470588206513,1427.3952049860427
0,1491.3391113281252,1527.04778253401,1300.2825931142017
0,1439.4592285156252,1510.9315793630901,1421.8126253507962
0,1346.0754394531252,1335.2315199388954,1446.844242280396
0,1325.3234863281252,1135.9305350599461,1187.6271981800635
0,1294.1955566406252,1171.6836997243918,1239.1065159694572
0,1159.3078613281252,1159.791125303458,966.9706651787021
0,1263.0676269531252,1002.2951969406179,1020.8946393987535
0,1242.3156738281252,958.3740609664374,1058.5776156642298
1,1128.1799316406252,1052.1457346456639,1033.8785329227894
1,1169.6838378906252,1389.2226787439724,1103.9337837847165
1,1470.5871582031252,1369.1642672804303,1263.5407614183916
1,1346.0754394531252,1389.956562177367,1282.2098979118207
1,1294.1955566406252,1466.372262068869,1345.9403397230938
1,1480.9631347656252,1547.8965023545845,1427.2696591277384
1,1812.9943847656252,1473.2734420058066,1520.6834741130472
1,1584.7229003906252,1657.9749059236594,1516.1278195438458
0,1812.9943847656252,1700.2020875881362,1581.8967951439904
0,1470.5871582031252,1442.4461603217846,1355.1735755060445
0,1304.5715332031252,1444.2920347703118,1329.5443085681025
0,1387.5793457031252,1465.4028964631161,1318.1750020993304
0,1563.9709472656252,1304.1092829787492,1342.5488370603325
0,1294.1955566406252,1364.6000008829762,1139.0045902870013
0,1231.9396972656252,1470.7762435946754,1046.6291552524115
0,1221.5637207031252,1261.8171604132224,1085.2804455370604
1,1356.4514160156252,1210.5858107267507,1136.3217169661546
1,1055.5480957031252,1238.4735351352576,1186.2718454957896
1,1512.0910644531252,1412.8237742970314,1376.4024066806464
1,1408.3312988281252,1374.8618845762746,1310.4464637239055
1,1657.3547363281252,1619.8503176838165,1491.241688847166
1,1470.5871582031252,1741.2778507484134,1579.4987091613073
1,1470.5871582031252,1460.2819343030674,1627.7893905465955
1,1646.9787597656252,1617.4683184595435,1496.7895663339598
1,1729.9865722656252,1497.3289247184996,1634.9937108161218
1,1958.2580566406252,1667.2813948322228,1572.0587348354848
1,1750.7385253906252,1653.063718177219,1582.8090218878924
1,1771.4904785156252,1678.5488346622537,1554.9210946880758
1,1958.2580566406252,1614.2254178123765,1590.2677557335273
1,1937.5061035156252,1802.4172604039622,1638.6707658654993
1,1958.2580566406252,1932.1558523291635,1678.294468171823
1,1792.2424316406252,1512.3024017947337,1720.8728531357422
1,1833.7463378906252,1779.101377321952,1941.7345447363546
1,1864.8742675781252,1842.5228327586449,1835.3770335888858
1,2238.409423828125,1895.8942702251163,1943.077113779657
1,2010.1379394531252,1876.2846170466557,1870.381764309552
1,1979.0100097656252,1803.04232508839,1902.570538884376
1,2134.649658203125,1965.9955307843302,1965.9736538196717
1,2331.793212890625,1778.9417040156736,1971.317567510655
1,2020.5139160156252,2053.917969310487,1955.783537273511
0,1999.7619628906252,1872.671872432717,1930.682473180824
0,1927.1301269531252,1936.955664147214,1740.9596016150065
0,1937.5061035156252,1701.3572897917393,1836.289454123505
0,1688.4826660156252,1627.423610513225,1614.5024943982169
0,1626.2268066406252,1623.7568699235185,1454.995843467817
0,1408.3312988281252,1690.865242528201,1384.2370117801502
0,1470.5871582031252,1506.7530202237936,1236.9853467898702
0,1304.5715332031252,1391.2735722310763,1316.0686033858547
1,1283.8195800781252,1340.210112331616,1218.0992407296153
1,1356.4514160156252,1322.9064066691494,1318.2438493822135
1,1584.7229003906252,1582.9434706656996,1476.6418021978238
1,1812.9943847656252,1518.356445552221,1460.4778654472734
1,1678.1066894531252,1535.2296045775865,1404.9230008156885
1,1418.7072753906252,1863.1924104071704,1496.8656428798752
1,1667.7307128906252,1694.1247687398088,1450.7076854863928
1,1823.3703613281252,1958.243437092707,1666.9880475345726
1,1792.2424316406252,1968.7098402004965,1600.5889714543691
1,1740.3625488281252,1940.7366414132832,1783.0923106063656
1,1698.8586425781252,1892.1138227106105,1749.342309293973
1,1823.3703613281252,2003.2306312077217,1802.7884189999515
1,2030.8898925781252,1976.5367200714725,1901.2181378760333
1,1833.7463378906252,1969.9715119158232,1737.1253922033907
1,1927.1301269531252,1931.7505109593058,1796.8574574580518
1,2103.521728515625,2079.926787767012,1872.5420271971047
1,2010.1379394531252,1906.5989753533024,1949.8795191215274
1,2228.033447265625,2199.8208249085933,2006.005903567847
1,2248.785400390625,2361.7936970613487,1908.8304596073494
1,2269.537353515625,1989.8423632662084,1809.8477870077118
1,2113.897705078125,2059.2758912735135,1878.8591779913386
1,2342.169189453125,2149.983618619045,1965.3752961928456
1,2217.657470703125,1934.981158060672,1973.0204897751373
1,2228.033447265625,2030.3904652656115,2011.8598500464968
1,2300.665283203125,1986.4765312604877,2006.875459583138
1,2352.545166015625,1994.9987686059535,1968.743347400517
1,2331.793212890625,2222.0990993669197,2020.3477848779028
1,2228.033447265625,2019.2995464612388,2093.8619561489872
1,2311.041259765625,1965.728571095645,2029.7612758179903
1,2176.153564453125,2142.6433690612807,2009.4388715202008
1,2311.041259765625,2107.4913679107117,2074.2602305164287
1,2414.801025390625,2419.40202596612,1874.991916433993
0,2352.545166015625,2261.652099136898,1881.0287582176916
0,2145.025634765625,2121.9379072568845,1765.540213333068
0,2165.777587890625,2074.1542620894693,1619.6051822081947
0,1823.3703613281252,1952.3227141128832,1598.7790145600884
0,1512.0910644531252,1767.1488233053478,1733.2109557312685
0,1615.8508300781252,1831.149882983584,1410.053668753766
0,1387.5793457031252,1570.4211085300858,1319.9896738904038
0,1501.7150878906252,1566.2789025424102,1314.734395864901
1,1325.3234863281252,1530.2752037636044,1296.9292750410164
1,1439.4592285156252,1592.0915375162194,1417.8083061187247
1,1563.9709472656252,1621.7957699549572,1363.2338679318307
1,1792.2424316406252,1707.3522281104122,1695.2949147689442
1,1678.1066894531252,1780.371868326914,1473.5409274945766
1,1574.3469238281252,1857.6960546050232,1629.4259165763883
1,1698.8586425781252,1975.3856194196414,1516.3974825062116
1,1698.8586425781252,1954.568068212787,1638.9964836794015
0,1802.6184082031252,1775.4478881452228,1589.4348883470873
0,1781.8664550781252,1699.5354344857908,1655.8061126452521
0,1646.9787597656252,1720.7725121744697,1585.2569557444974
0,1470.5871582031252,1853.9280044001482,1341.939089280717
0,1408.3312988281252,1550.9034860845234,1268.6686808295742
0,1221.5637207031252,1409.9141529406959,1377.6651402248353
0,1397.9553222656252,1486.9338187140193,1194.4440659732943
0,1418.7072753906252,1522.2198310568174,1086.573419895517
1,1231.9396972656252,1325.0689917978918,1055.2471486395282
1,1418.7072753906252,1227.3449515593118,1213.0715036536326
1,1325.3234863281252,1532.6205992253383,1319.1959213457094
1,1366.8273925781252,1454.8555055818256,1431.9321212930142
1,1470.5871582031252,1716.152041513033,1382.6475749212595
1,1460.2111816406252,1523.7569376932158,1437.2786784420828
1,1750.7385253906252,1701.9854394943686,1550.322558394885
1,1678.1066894531252,1595.0060713025673,1631.9543471459094
1,1771.4904785156252,1898.41317846995,1523.3986351652227
1,1947.8820800781252,1555.3315874707225,1599.6323193271687
1,1823.3703613281252,1943.634389827123,1745.4335668602948
1,1885.6262207031252,1771.8521279655981,1764.869710540421
1,2030.8898925781252,1954.7231941656244,1820.3447158198642
1,1989.3859863281252,1775.8434082512526,1799.1216112405948
1,2041.2658691406252,1993.695845690704,1897.9247213521564
1,2155.401611328125,1953.8924060058978,2017.3414240843476
0,1999.7619628906252,2079.0744621783615,1846.500749996942
0,1916.7541503906252,1998.0658233387542,1822.8919208385278
0,1937.5061035156252,1619.766736106456,1595.5026006841372
0,1678.1066894531252,1684.2170930170887,1499.4486768408258
0,1605.4748535156252,1717.91032189492,1461.9575546575832
0,1698.8586425781252,1471.4942272858548,1535.4134179561493
0,1522.4670410156252,1460.3344252324641,1442.8185480883658
0,1397.9553222656252,1538.684672864413,1348.5526961452063
1,1346.0754394531252,1342.662973985265,1155.3118090789449
1,1263.0676269531252,1413.29229403481,1413.153578467165
1,1605.4748535156252,1618.921368905777,1456.155870343928
1,1460.2111816406252,1681.8880044239966,1471.8555902297373
1,1615.8508300781252,1544.9571561004122,1493.7442043740875
1,1532.8430175781252,1752.8764904939997,1740.3053447807079
1,1584.7229003906252,1851.73714218636,1596.1423810633323
1,1823.3703613281252,1927.428304390986,1657.5731432815257
0,1916.7541503906252,2032.2367531327534,1695.846484306641
0,1688.4826660156252,1841.9469744963242,1417.0663671631
0,1615.8508300781252,1581.8028166399015,1419.9591324882474
0,1387.5793457031252,1594.8913613073205,1286.5815981537598
0,1418.7072753906252,1642.9331991690613,1321.4413787684011
0,1460.2111816406252,1510.2666104101968,1160.9080442119405
0,1304.5715332031252,1342.1532996588758,1117.3914831528377
0,1397.9553222656252,1440.5095389903465,992.6688884648422
0,1356.4514160156252,1071.3503615459747,988.3037191423049
0,1076.3000488281252,1276.1127114771955,882.562984780242
0,1148.9318847656252,924.6089413670111,960.6517392778826
0,1190.4357910156252,970.3858780933431,928.0562107786042
0,1252.6916503906252,1153.5853117935897,1021.8784747571295
0,1065.9240722656252,1139.6117835982207,749.1679522564555
0,962.1643066406252,1099.1904798988073,785.8272884008226
0,941.4123535156252,832.5023156966338,782.4552428415727
0,941.4123535156252,771.5990175304404,815.4099697072355
0,1034.7961425781252,1022.2746091577961,717.0188254765793
0,1014.0441894531252,848.7581854958889,757.437609573487
0,982.9162597656252,907.0933591538857,707.7164766176562
0,972.5402832031252,972.1578443446303,621.698656641528
0,453.74145507812517,832.8818904789402,617.8391122812428
0,868.7805175781252,781.0254566201049,604.015970297559
0,661.2609863281252,936.2159410512654,667.5228727062315
1,765.0207519531252,912.8565049231204,675.8030030877451
1,785.7727050781252,849.9380640902075,809.736180819351
1,1024.4201660156252,1163.2619076315464,760.0612313675194
1,972.5402832031252,1315.6102564552996,1017.547601501537
1,1294.1955566406252,1198.4559274199855,1002.1379529514678
1,1138.5559082031252,1206.452518705198,1196.2677859944724
1,1221.5637207031252,1252.8525228818141,1242.816157357723
1,1377.2033691406252,1488.190498347169,1145.0894563680265
1,1501.7150878906252,1363.843377594131,1228.677261667101
1,1626.2268066406252,1517.0542720104993,1360.747984401564
1,1636.6027832031252,1538.1547767374682,1426.2191210976532
1,1719.6105957031252,1516.8342605002474,1394.09281046171
1,1688.4826660156252,1693.8994517759716,1549.2646757325883
1,1875.2502441406252,1713.703772692667,1698.6639049785845
1,1812.9943847656252,1759.1295975984358,1600.8755580707523
1,2020.5139160156252,1873.0442342297645,1735.476691860045
1,1781.8664550781252,1633.4373711084747,1769.7940650089815
1,1916.7541503906252,1789.651850426602,1800.6510095193617
1,1906.3781738281252,1760.784396911819,1867.9776860160086
1,1823.3703613281252,1796.8645976373164,1725.0890537368575
1,2072.393798828125,1984.314896713241,1680.6476174014979
1,1906.3781738281252,1823.1141076286196,1860.2030055706393
1,2311.041259765625,1940.6708279522013,1815.5158882503877
1,2072.393798828125,1997.7180715755296,1796.0660435637428
0,1927.1301269531252,1980.9296698395574,1818.4888425396207
0,1854.4982910156252,1991.7013334141814,1501.5439998768588
0,1771.4904785156252,1656.1175035539372,1589.2744640612993
0,1574.3469238281252,1606.9539415235733,1502.3689858029286
0,1491.3391113281252,1588.167149967003,1444.26968084447
0,1584.7229003906252,1565.1294172235237,1257.8054827068356
0,1615.8508300781252,1472.161911234645,1259.6528560983818
0,1283.8195800781252,1511.2841320322846,1237.6281024514246
1,1169.6838378906252,1268.8225099906444,1285.3967954742723
1,1304.5715332031252,1765.0633736809418,1343.8496972331552
1,1480.9631347656252,1563.026282627747,1282.350122896377
1,1605.4748535156252,2019.7040566250384,1428.8410977575782
1,1543.2189941406252,1835.4763714779588,1355.2415090875945
1,1646.9787597656252,1549.089080565764,1382.9698057611417
1,1584.7229003906252,1776.8707630896874,1541.6345501183089
1,1761.1145019531252,1845.041575124369,1575.505553652562
0,1657.3547363281252,1944.7992503651037,1373.7997395567895
0,1543.2189941406252,1859.320866062449,1579.6444280119476
0,1574.3469238281252,1713.5317150562041,1453.7578366435607
0,1387.5793457031252,1482.6796066305324,1407.3088913789963
0,1159.3078613281252,1586.6967040034885,1243.8327287827121
0,1418.7072753906252,1499.2661451385945,1328.546709256927
0,1117.8039550781252,1517.4193039898457,1174.5429803545287
0,1242.3156738281252,1278.2710495318593,972.831489000357
0,1169.6838378906252,1285.2068740666064,991.3877771315152
0,1190.4357910156252,1276.2857265222717,949.0218210626705
0,1065.9240722656252,1193.8319562685665,971.1258758821292
0,1086.6760253906252,1233.3711827552513,821.6896965951025
0,962.1643066406252,1005.761257246286,816.4488510436055
0,1034.7961425781252,1073.6687350008049,906.2698442696454
0,1076.3000488281252,1116.1828070419388,858.6927405810072
0,982.9162597656252,1177.7852100594707,827.8030634113824
1,816.9006347656252,1083.998598437128,767.516447024435
1,796.1486816406252,1308.638316151984,862.9930686011454
1,1055.5480957031252,1148.9991943636048,771.9817974395951
1,1117.8039550781252,1375.314542787113,1096.9624345994237
1,1480.9631347656252,1423.5650356273095,1068.4382454739125
1,1335.6994628906252,1409.6341128417655,1171.2428557027772
1,1429.0832519531252,1700.2935968841527,1205.024614038568
1,1460.2111816406252,1714.6540003116206,1314.362816280122
1,1563.9709472656252,1537.6663277197144,1391.1729831240038
1,1667.7307128906252,1748.855869174675,1367.1954161419378
1,1729.9865722656252,1552.752452415858,1487.7112833872375
1,1906.3781738281252,1699.3095729654228,1481.5837423535538
1,1698.8586425781252,1799.2947460971016,1659.5491858583061
1,1864.8742675781252,1858.8216112617195,1659.544142069246
1,1927.1301269531252,1965.205484245095,1727.9048069395708
1,1968.6340332031252,1808.7346264751413,1831.8511630546602
1,2020.5139160156252,2087.247851995071,1722.7493047368837
1,2030.8898925781252,1938.3010241286293,1792.4705264648778
1,1885.6262207031252,1908.474559784691,1777.072779618928
1,2176.153564453125,2149.5560241499966,1690.8230372076905
1,2124.273681640625,1997.5359280175585,1889.6188628536672
1,2196.905517578125,2103.607249117506,1925.040488361873
1,2072.393798828125,2204.094887978236,1939.7819654136008
1,2155.401611328125,2259.8599033129813,1919.4476659183993
0,2217.657470703125,1939.5161212358903,2011.867420875415
0,2062.017822265625,1910.9795094588758,1664.811056007922
0,1792.2424316406252,1643.7746893088377,1723.8183981337663
0,1667.7307128906252,1806.2515826170838,1636.6835753204364
0,1501.7150878906252,1684.493017892946,1647.468383461924
0,1563.9709472656252,1576.7099038951483,1505.2517413606179
0,1356.4514160156252,1623.8601927451975,1380.0201512371198
0,1460.2111816406252,1550.7757525136974,1253.7083392776378
1,1211.1877441406252,1319.486806109672,1314.620890189847
1,1377.2033691406252,1400.5780847005497,1448.7874093564417
1,1387.5793457031252,1320.2285159365024,1409.0019857502778
1,1740.3625488281252,1428.8750137818975,1419.3761981395864
1,1429.0832519531252,1681.1443731193554,1368.8570389177485
1,1636.6027832031252,1631.3479660952798,1361.4454221780716
1,1729.9865722656252,1772.3067900468118,1581.8913064516034
1,1750.7385253906252,1564.3208053195642,1459.4172796205498
0,1626.2268066406252,1824.3680254411086,1509.953170427692
0,1657.3547363281252,1621.8345247940447,1456.5795202397069
0,1470.5871582031252,1714.475519609181,1406.5780027984492
0,1418.7072753906252,1535.0594379439974,1270.7454991949273
0,1553.5949707031252,1520.6932633194476,1284.0069316009365
0,1304.5715332031252,1428.319358399512,1203.62332913405
0,1418.7072753906252,1493.3821531736046,1107.2450815289628
0,1097.0520019531252,1420.8354478394856,1075.4033091938138
1,1377.2033691406252,1168.288066944012,1140.031551103083
1,1584.7229003906252,1272.7100395870227,1138.4727363039156
1,1231.9396972656252,1193.4330901273406,1297.2777773945973
1,1729.9865722656252,1399.2217389024584,1456.3318030715582
1,1678.1066894531252,1399.9987385295217,1608.1964891859031
1,1688.4826660156252,1406.3674799779717,1506.2631463617904
1,1678.1066894531252,1474.0161688051796,1483.942607117849
1,1626.2268066406252,1467.1857712275216,1710.3701307531896
0,1812.9943847656252,1522.3431337027444,1582.6385975909773
0,1574.3469238281252,1373.1977704943972,1656.0334501858322
0,1584.7229003906252,1254.378230732578,1410.4335610476285
0,1387.5793457031252,1259.0930298361345,1235.0862805632771
0,1377.2033691406252,1384.7643751985509,1435.7999643227429
0,1180.0598144531252,1142.1846711877447,1235.5302182012801
0,1273.4436035156252,1042.5056646065009,1049.7070862688784
0,1200.8117675781252,1031.705229317177,1101.4494141837965
0,1138.5559082031252,1220.3391413059007,1032.0972065084652
0,1117.8039550781252,743.7932433011653,1065.899110320238
0,951.7883300781252,1082.6006732897306,1035.269101690637
0,1231.9396972656252,988.4605209393102,963.6914611647768
0,1003.6682128906252,1050.458082886417,861.1342894379407
0,1045.1721191406252,901.4423743121699,936.2337469785322
0,765.0207519531252,1096.8068667881273,862.0195598863139
0,889.5324707031252,776.0113912817369,938.0424544651801
1,816.9006347656252,977.1056334007329,779.2503655521432
1,1034.7961425781252,998.0808784443873,915.469199495426
1,1169.6838378906252,1134.5013255149956,854.0630433165613
1,1014.0441894531252,1239.9878434989005,974.1984545159711
1,1086.6760253906252,1213.8645707962974,1136.4834191212515
1,1356.4514160156252,1465.7369454921654,1292.7414487448045
1,1460.2111816406252,1487.3691156484658,1286.148541496589
1,1294.1955566406252,1701.9909423836204,1368.4698516751266
0,1584.7229003906252,1625.8900452531711,1423.805190070134
0,1283.8195800781252,1521.4815259693016,1276.4772555031323
0,1377.2033691406252,1523.6926754207418,1252.0680165949916
0,1159.3078613281252,1501.1819339092128,1084.3169014543334
0,1211.1877441406252,1314.9442703205996,1155.8014298577468
0,1263.0676269531252,1346.8745328994312,1099.4166153522876
0,1200.8117675781252,1222.328921023086,1052.0464205775259
0,1159.3078613281252,1196.9637603110045,943.1978350035869
1,1159.3078613281252,1156.6220849443207,955.3172677611693
1,1231.9396972656252,1236.8417605411255,1079.3015759083
1,1346.0754394531252,1212.7920308230416,1284.0476592112343
1,1356.4514160156252,1363.1889814750818,1313.2880914059092
1,1418.7072753906252,1325.434645519625,1123.778633910354
1,1418.7072753906252,1390.4061207265,1383.1143774958173
1,1543.2189941406252,1429.8179755057172,1304.8621388478773
1,1429.0832519531252,1355.9288705714062,1376.2314721549951
0,1667.7307128906252,1515.22195199945,1397.6334405861642
0,1615.8508300781252,1373.0313375972053,1435.214238057705
0,1709.2346191406252,1448.956448994268,1112.0698447118677
0,1501.7150878906252,1378.7911679092877,1169.4307729006691
0,1366.8273925781252,1446.055848317288,1228.9418303678324
0,1169.6838378906252,1262.6204190049127,1089.0204184247664
0,1076.3000488281252,1304.9762126574844,1094.4300217445746
0,920.6604003906252,1253.4747715194874,1048.5633842342127
1,1180.0598144531252,1157.898008007546,1083.018315930752
1,1242.3156738281252,1329.0581840617624,1135.2372392857785
1,1231.9396972656252,1407.7190441955127,1191.0381122338836
1,1242.3156738281252,1422.9630410771729,1143.2422532463424
1,1408.3312988281252,1466.7904730986513,1543.9409167488666
1,1553.5949707031252,1504.0554196070827,1485.33758797272
1,1491.3391113281252,1562.5124942614043,1415.2946387581842
1,1719.6105957031252,1643.0311692682967,1531.3732354956053
1,1636.6027832031252,1569.307462118011,1676.9651485661057
1,1771.4904785156252,1624.912472080843,1580.1240394712445
1,1833.7463378906252,1719.2140364564443,1727.2189612438242
1,1896.0021972656252,1798.574194533904,1853.5566257049602
1,1698.8586425781252,1662.7564516001921,1789.6201337470145
1,1761.1145019531252,1751.503460568497,1936.7994494847503
1,1802.6184082031252,1947.7005515985422,1846.9871112285502
1,1937.5061035156252,1979.6752765075705,1746.9076842457516
0,1823.3703613281252,1707.6251722267732,1744.3253019202202
0,1781.8664550781252,1726.602042845508,1617.8862788353215
0,1719.6105957031252,1746.8002786535885,1523.342031573185
0,1657.3547363281252,1343.0654208687815,1495.041271179041
0,1512.0910644531252,1450.5427888045012,1382.7218806486703
0,1408.3312988281252,1488.947370192376,1310.61655249636
0,1346.0754394531252,1363.9206304496213,1182.0689414085152
0,1356.4514160156252,1242.9579909014378,1184.459662160377
1,1252.6916503906252,1218.3216423021283,1051.655632760289
1,1346.0754394531252,1327.9207160101566,1213.865797678778
1,1366.8273925781252,1234.4108323072066,1325.7783688615978
1,1491.3391113281252,1367.0261152086916,1427.1570673795538
1,1429.0832519531252,1297.0002221747359,1320.77811843326
1,1626.2268066406252,1577.593740828311,1407.8104621329283
1,1781.8664550781252,1611.6526687656224,1503.8884591661256
1,1854.4982910156252,1492.7022956865278,1502.9052115192242
0,1595.0988769531252,1759.2523942266228,1550.1976015660919
0,1512.0910644531252,1518.7585447011393,1618.3482243472797
0,1522.4670410156252,1482.8015176795377,1261.1478308102564
0,1429.0832519531252,1439.4680465671886,1270.0462876407587
0,1283.8195800781252,1113.7057426988456,1222.8663794559607
0,1408.3312988281252,1420.3202288305924,1046.67189260643
0,1325.3234863281252,1118.0721476940241,1145.5329701563703
0,1304.5715332031252,1074.325258443849,1130.9732883186093
0,1263.0676269531252,1119.1705514074422,1091.5550922279285
0,1107.4279785156252,727.1171763751654,1024.2175177093984
0,1086.6760253906252,878.6304179869209,841.4344724184158
0,899.9084472656252,882.1145925526727,821.6367835037144
0,1045.1721191406252,890.3638288897464,920.7889952471079
0,972.5402832031252,747.7889416683918,747.0491046665998
0,951.7883300781252,898.2178948565133,802.4967156804582
0,868.7805175781252,891.4535730018645,699.8492279239796
0,982.9162597656252,607.116825903546,725.2054135838315
0,796.1486816406252,789.149111973273,793.0152240092425
0,744.2687988281252,862.8958815319418,679.2813104405884
0,806.5246582031252,747.6161613319317,641.9772988015718
0,899.9084472656252,641.505305319676,632.7699073005415
0,785.7727050781252,713.6779025996515,595.6249454995238
0,775.3967285156252,676.7149170523533,609.6791299482031
0,941.4123535156252,787.660798130722,616.5881528187932
0,868.7805175781252,775.2441390653946,691.162379364795
0,723.5168457031252,560.8356828106673,580.3990129942877
0,785.7727050781252,658.5447898771464,542.6486156240602
0,796.1486816406252,681.24360772517,426.0925777689297
0,796.1486816406252,772.3498141443469,527.3943920756861
0,879.1564941406252,579.2874905147042,381.7824049123651
0,806.5246582031252,786.8274962692938,521.2500438822115
0,692.3889160156252,786.2232391200738,585.3828813024577
1,661.2609863281252,693.3197170130221,542.0808065493811
1,920.6604003906252,840.2963760311134,774.3712369671498
1,1014.0441894531252,865.4223772655682,791.3858376280157
1,879.1564941406252,1101.497795056222,761.2353728462044
1,1055.5480957031252,1108.0296197172588,796.7418054938122
1,1159.3078613281252,995.3499326581147,1145.3676332244527
1,1190.4357910156252,1040.1449168803265,1017.6829540854102
1,1263.0676269531252,1388.3142144649883,1105.2855360548567
1,1553.5949707031252,1413.2967157447592,1238.0917463980882
1,1501.7150878906252,1307.7313017930371,1311.9826823147116
1,1595.0988769531252,1418.5320995596628,1388.9218768237859
1,1698.8586425781252,1480.0586447061846,1519.6752191980204
1,1512.0910644531252,1398.193114839742,1520.2823546174309
1,1646.9787597656252,1555.6033539923965,1460.0421242762948
1,1802.6184082031252,1471.0703522187755,1593.0370753291247
1,1667.7307128906252,1739.4333528919724,1597.3179895355652
1,2010.1379394531252,1573.7605929788886,1643.9590995912738
1,1833.7463378906252,1415.4529246899617,1742.9491514812207
1,2207.281494140625,1763.0964777702036,1709.1388005420185
1,1979.0100097656252,1571.1313704574698,1744.6407981928417
1,2259.161376953125,1776.8433662492512,1722.4986637939526
1,2103.521728515625,1662.4863156497759,1774.2762338150524
1,2238.409423828125,1567.7994038390977,1776.6575784178772
1,2145.025634765625,1799.919576217168,1840.0534740551147
1,2051.641845703125,1707.63440778679,1951.471524719579
1,2165.777587890625,1845.2217127579327,1874.6248761187992
1,2072.393798828125,1762.2081869653455,1873.096357859966
1,2186.529541015625,1744.4302017196273,1933.909860127147
1,2113.897705078125,1696.7994268887628,1867.0947852119652
1,2425.177001953125,1965.246023218933,1803.4291486353536
1,2041.2658691406252,1760.6623573109043,2022.6532035811422
1,2010.1379394531252,1694.2829222320725,2086.640051294839
1,2279.913330078125,2073.359207216643,1973.4018062165026
1,2082.769775390625,1966.9974059736721,2124.1376433243695
1,2176.153564453125,1705.2653461376212,2063.813645951196
1,1947.8820800781252,1871.2320763594355,2024.657923201451
1,2051.641845703125,1800.8992578505286,2146.7072577229483
1,2062.017822265625,2018.4336333589233,2012.6967898448784
1,2113.897705078125,1962.5223092489243,2100.456881984515
1,2062.017822265625,1900.755105472192,1959.825937660209
1,2030.8898925781252,2062.040908980955,2066.417958056545
1,2124.273681640625,1948.0869650278653,2014.8553839229057
1,2030.8898925781252,1896.6366817792368,2105.0838032608603
1,2165.777587890625,2027.230222445209,2093.8646917825567
1,2082.769775390625,2165.8914727764572,2108.789546312842
1,2155.401611328125,2044.199887575608,2318.6135973112005
1,1958.2580566406252,2116.101587576283,2227.7715193401837
1,1989.3859863281252,1884.6638702797386,2137.0281206408395
0,2228.033447265625,1926.3646716289634,2145.5927031563806
0,2082.769775390625,1829.348243742318,1992.172705435986
0,1750.7385253906252,1876.845809555231,1964.1350801926214
0,1574.3469238281252,1798.00882652776,1762.6197072900768
0,1729.9865722656252,1613.8664555386142,1712.0057097350577
0,1408.3312988281252,1334.5956859587218,1615.6869181492734
0,1532.8430175781252,1381.1312878661754,1520.510094356662
0,1231.9396972656252,1302.70127652378,1265.059162037203
1,1169.6838378906252,1504.0073850690544,1310.1157775876977
1,1314.9475097656252,1454.9978382769373,1226.1846206373614
1,1636.6027832031252,1368.979779046933,1339.9171479663285
1,1294.1955566406252,1514.4939230658824,1410.9600010451188
1,1480.9631347656252,1693.8228701253477,1493.5202458311608
1,1595.0988769531252,1520.2440252749343,1685.996731588521
1,1719.6105957031252,1780.312310714562,1698.595193859717
1,1657.3547363281252,1778.7149401184904,1650.3216728172586
0,1657.3547363281252,1643.802733439589,1616.7281215873752
0,1698.8586425781252,1681.5324777918925,1390.9161368254427
0,1532.8430175781252,1664.969763600414,1464.4604735392552
0,1574.3469238281252,1533.3039984997988,1380.042981874714
0,1480.9631347656252,1440.2750600287422,1358.060401798566
0,1294.1955566406252,1215.4118045786581,1165.2109971228572
0,1221.5637207031252,1578.4699459584983,1238.332821337091
0,1190.4357910156252,1299.8797902562076,1108.7078411388638
0,1148.9318847656252,1289.3796048524741,1227.0489538405302
0,1429.0832519531252,1293.4533664768833,1025.1397690376275
0,1003.6682128906252,1218.0478131321222,960.1740067940642
0,962.1643066406252,1032.235831922338,990.367189873001
0,1045.1721191406252,776.1398032188592,939.956074580072
0,1128.1799316406252,955.3716072770993,798.2236327712396
0,1065.9240722656252,1131.8843773407286,861.4863527229105
0,972.5402832031252,1005.3709702802284,819.9800422447373
0,796.1486816406252,1042.2025707322994,744.2724041468106
0,993.2922363281252,1049.55505077028,624.0873367006438
0,899.9084472656252,1072.6853337480097,672.2932118376557
0,962.1643066406252,1027.0891922034702,695.2563910830727
0,993.2922363281252,1081.857931579321,740.9091753703631
0,848.0285644531252,641.0452575891248,632.7740370054978
0,931.0363769531252,769.1445524332603,658.326991554001
0,713.1408691406252,820.8950846732058,558.0778076288536
1,785.7727050781252,933.5571136225975,675.938420622244
1,920.6604003906252,863.3219998510406,830.5979453396064
1,1128.1799316406252,1088.3211580683314,934.4180120189069
1,1128.1799316406252,1170.9185238563102,1006.1629648379336
1,1138.5559082031252,1182.566707732861,1231.0190321076432
1,1304.5715332031252,1305.386092809047,1258.941980128082
1,1294.1955566406252,1433.2197731868036,1241.5307289267637
1,1470.5871582031252,1522.100365962135,1309.247922685491
1,1553.5949707031252,1634.694633200484,1417.6492908611037
1,1553.5949707031252,1511.3343566822793,1465.2264222883618
1,1480.9631347656252,1616.9149095200798,1492.414210301617
1,1626.2268066406252,1605.062468719234,1557.9880105349398
1,1532.8430175781252,1853.0358844247687,1576.0292585048098
1,1729.9865722656252,1750.1429625509795,1598.5265007573216
1,1729.9865722656252,1962.8827326098683,1824.1806553013344
1,1709.2346191406252,2012.015991453129,1758.1082371882962
0,1802.6184082031252,2036.3392021516418,1791.2689257992208
0,1646.9787597656252,1773.9927028685472,1583.8565005403138
0,1408.3312988281252,1825.486109423832,1589.954695959258
0,1470.5871582031252,1741.2644963211878,1412.5656285814796
0,1470.5871582031252,1587.183046653902,1475.4819846598737
0,1180.0598144531252,1483.337585714764,1366.3012073822697
0,1294.1955566406252,1391.1707280220035,1165.8118271599817
0,1169.6838378906252,1215.4552460055547,1194.8174220787234
1,1086.6760253906252,1359.4334703148854,1226.2439285534174
1,1263.0676269531252,1352.742595305028,1260.652429017884
1,1294.1955566406252,1674.4120701084476,1280.277612591424
1,1636.6027832031252,1292.6778347285135,1379.829567458482
1,1657.3547363281252,1430.9615560359837,1408.7153129073943
1,1512.0910644531252,1443.310104154916,1433.5550654284768
1,1781.8664550781252,1563.339118375729,1427.1083412891492
1,1781.8664550781252,1527.9237715379406,1432.15133171644
0,1709.2346191406252,1585.7881422190787,1511.802879905766
0,1584.7229003906252,1484.3163423285616,1343.221236407341
0,1480.9631347656252,1418.5968035635544,1296.3955915416088
0,1335.6994628906252,1436.4145557470472,1447.0303261167096
0,1387.5793457031252,1259.7377498766707,1359.6677660120617
0,1304.5715332031252,1323.321848914724,1221.9079200894284
0,1294.1955566406252,1222.9248898672213,1027.5161279667757
0,1169.6838378906252,1170.1217744383844,1101.6759904057499
0,1283.8195800781252,1190.187991407267,1059.3915826891816
0,1169.6838378906252,1025.2151469194152,1014.0967600025664
0,1263.0676269531252,1118.2037524541902,983.5706919005341
0,1180.0598144531252,1036.2506654667327,886.5833428737914
0,1034.7961425781252,1003.469537343344,925.6876403876666
0,1117.8039550781252,703.6406686877585,771.8144416964104
0,1148.9318847656252,861.3323271653857,931.4989989898897
0,993.2922363281252,791.0491178450505,828.340673111975
0,889.5324707031252,964.0372080542065,657.0453925859393
0,951.7883300781252,778.7744875784911,784.6365361467782
0,899.9084472656252,843.2295132716044,866.2171288266792
0,920.6604003906252,756.4362895918479,666.6524757440367
0,775.3967285156252,681.1275532733974,704.7926185030807
0,868.7805175781252,724.5094055015334,628.430356754909
0,879.1564941406252,845.1708191902558,720.7946035441271
0,1086.6760253906252,735.2924759888614,594.4641366252015
1,889.5324707031252,772.0009665097374,675.1916079261078
1,941.4123535156252,955.1261762638576,834.6641465166797
1,1034.7961425781252,1005.0195650168869,855.3784036618442
1,1034.7961425781252,1102.8730845697548,852.5998344108168
1,1076.3000488281252,1203.1303052108542,1181.1576589736053
1,1055.5480957031252,962.0065017615368,1062.4451437110533
1,1283.8195800781252,1127.7814585802344,988.947910449178
1,1460.2111816406252,1226.6058419478413,1287.9436208042632
0,1532.8430175781252,1210.488648874529,1184.4895656848942
0,1356.4514160156252,1313.2109152862406,1236.9055797181861
0,1283.8195800781252,1328.4768289807137,1071.0615250670967
0,1200.8117675781252,1273.4786827788485,1042.7647829125847
0,1159.3078613281252,1133.5521731289025,1031.867899731918
0,1180.0598144531252,990.7735187527047,976.8074312530506
0,1045.1721191406252,1206.192447962844,863.0463627940725
0,1065.9240722656252,1156.9538074576317,806.6803152205724
0,1335.6994628906252,1009.3967577618587,930.6308280466686
0,1242.3156738281252,1001.4848707340656,734.3316761675289
0,1065.9240722656252,1107.7967851867472,916.038301127912
0,962.1643066406252,930.1466650372322,625.1487755115168
0,1138.5559082031252,1037.5592425849604,801.2130258475593
0,993.2922363281252,837.2109418720856,704.2313863913308
0,848.0285644531252,998.9641752075959,675.2185070475042
0,661.2609863281252,988.0953507274985,661.5935745740902
1,1034.7961425781252,890.3462284315701,795.0769113076586
1,972.5402832031252,1107.5171866407477,919.4550359345006
1,941.4123535156252,1000.2770725689705,922.0158610736291
1,1138.5559082031252,1246.321677663355,1102.7199206129337
1,1159.3078613281252,1342.4673972207238,1123.408234249173
1,1159.3078613281252,1321.911243787448,1206.6344660068082
1,1449.8352050781252,1357.177877654492,1208.658313839602
1,1418.7072753906252,1613.825073030909,1277.7013945163167
0,1626.2268066406252,1666.089721010399,1147.5993218558197
0,1325.3234863281252,1694.4109728728545,1280.1587954105403
0,1397.9553222656252,1312.6527534233849,1083.4327211442367
0,1273.4436035156252,1442.2781198536204,1085.3515874731856
0,1335.6994628906252,1321.638487269712,1043.8101031650638
0,1180.0598144531252,1343.7546638093934,919.2755699695559
0,1097.0520019531252,1321.3580695548062,893.6859796119124
0,951.7883300781252,1112.4244605058059,846.3493171202855
1,993.2922363281252,1457.9669125586256,880.6275314355045
1,1252.6916503906252,1295.1973041926171,1016.0945843372599
1,1408.3312988281252,1371.4437175686105,1170.8176140756686
1,1180.0598144531252,1448.8709221908282,1145.5038351298435
1,1522.4670410156252,1316.9266305272968,1350.9638906991152
1,1325.3234863281252,1323.9208235173503,1331.6268296931828
1,1439.4592285156252,1469.7815510334624,1541.6327944584457
1,1543.2189941406252,1458.158707242329,1522.6450773237511
1,1771.4904785156252,1620.1565553367989,1661.2183056242848
1,1636.6027832031252,1649.8060234770853,1669.943510595216
1,1771.4904785156252,1703.9002356408105,1648.8150634064132
1,1657.3547363281252,1689.0356978577547,1777.9577013855505
1,1605.4748535156252,1748.6495780000066,1527.8878087083604
1,1875.2502441406252,1953.4837342983521,1772.202572946345
1,1823.3703613281252,2099.283485879944,1684.3021265078637
1,1906.3781738281252,1920.8849341734435,1776.30760180291
0,1937.5061035156252,2013.657539437502,1637.010222117151
0,1916.7541503906252,1829.1669938440918,1450.6786968249612
0,1792.2424316406252,1685.7016506466482,1374.0491569175697
0,1584.7229003906252,1485.8998906352535,1482.5548455985636
0,1470.5871582031252,1453.6601604930597,1368.8519044755674
0,1470.5871582031252,1357.9748012184477,1305.2734154519592
0,1636.6027832031252,1579.0335881328806,1258.0187649575637
0,1408.3312988281252,1446.973201400298,1085.3619731523434
0,1335.6994628906252,1333.5894310487358,1111.7076681645513
0,1314.9475097656252,1326.496948646929,1113.417863707033
0,1242.3156738281252,1137.420354015435,1009.2336540027156
0,1169.6838378906252,1161.7177525960426,1067.4262229812393
0,1169.6838378906252,1159.1833960231477,986.0105564985753
0,1211.1877441406252,1318.793844856434,796.4792691600439
0,1024.4201660156252,1059.8210466571784,864.554055482947
0,1366.8273925781252,1100.1569171082253,779.4003413203295
0,827.2766113281252,1018.0604278637788,744.5700751412598
0,765.0207519531252,1129.6437000828862,711.7093380633015
0,972.5402832031252,849.7858976137212,854.4897001224896
0,941.4123535156252,1176.3185395740802,833.4024516230519
0,1107.4279785156252,817.844912088448,654.6497503987619
0,858.4045410156252,850.256337971846,625.9471455280568
0,785.7727050781252,825.2009030202956,629.7367863712205
0,837.6525878906252,919.6929375210717,597.7770686131278
1,765.0207519531252,890.3817973094776,757.704892729014
1,899.9084472656252,909.8596932398681,783.3369959593342
1,1055.5480957031252,1008.3249060744041,970.108940227599
1,1159.3078613281252,902.1995782698493,1078.1943335201008
1,1408.3312988281252,1045.6860066152176,1201.2600519143664
1,1128.1799316406252,1238.227948501374,1242.1417511372706
1,1366.8273925781252,1193.349290758445,1256.79506372748
1,1304.5715332031252,1318.9614063780648,1333.9050875714797
0,1211.1877441406252,1243.1825682273618,1201.2478721913094
0,1242.3156738281252,1267.0458200476864,1212.4059816917922
0,1615.8508300781252,1083.8321158567978,1152.590971442123
0,1107.4279785156252,1166.4640178459606,1092.011301318041
0,1190.4357910156252,925.4389878698678,1045.6554803778338
0,1377.2033691406252,1232.826294534389,987.4893928006423
0,1190.4357910156252,885.6940100166998,914.7552292037137
0,1055.5480957031252,1333.3718160006506,889.3743644553957
0,1138.5559082031252,1018.6819079842871,903.3710228308244
0,1086.6760253906252,920.2818198100515,644.5300536998512
0,1283.8195800781252,921.8875585460185,884.9827431747141
0,1014.0441894531252,985.9871677917065,810.3867753101418
0,796.1486816406252,848.0901122813989,816.6646003885132
0,931.0363769531252,838.0077442941786,686.6673808458405
0,993.2922363281252,708.9576041899614,739.7755933730131
0,1034.7961425781252,968.44621671819,661.1441694839143
0,910.2844238281252,628.3767863994835,678.8492025336402
0,951.7883300781252,712.323554830531,678.4709996397856
0,879.1564941406252,664.5968356341879,598.5046272865258
0,848.0285644531252,766.9552845026548,607.1647263660298
0,889.5324707031252,624.2346070213567,667.6863766706523
0,837.6525878906252,579.1638925196744,638.6994077072371
0,827.2766113281252,663.1156017213274,624.5911848412954
0,744.2687988281252,695.9024379443683,655.1703407190262
1,868.7805175781252,587.4417555463644,651.9385725731797
1,993.2922363281252,631.443692906447,817.8598293498708
1,1003.6682128906252,846.3345976915263,932.5023673188985
1,1034.7961425781252,963.1552627410744,1009.3540794458005
1,1097.0520019531252,1045.0828510500555,1042.2140223874853
1,1211.1877441406252,1101.9343956415134,1276.3592417869586
1,1449.8352050781252,1286.3033326031807,1463.7717585816
1,1470.5871582031252,1162.128238625973,1467.9710275649797
1,1470.5871582031252,1343.7981875401367,1668.2698413968776
1,1460.2111816406252,1385.3165803735744,1510.6865903668586
1,1501.7150878906252,1447.9739268880307,1463.7891021472108
1,1501.7150878906252,1314.039837312744,1504.476041558557
1,1781.8664550781252,1608.481955893098,1618.6088196083567
1,1698.8586425781252,1673.61371311027,1784.1411306363293
1,1709.2346191406252,1725.7129543546055,1792.8824309076504
1,1781.8664550781252,1628.6602391442989,1906.8870030214525
1,1833.7463378906252,1889.0399535717816,1875.6929868370999
1,1937.5061035156252,2002.5751575495897,2057.7089889039557
1,1802.6184082031252,1888.4828960593493,2130.4084967207723
1,1854.4982910156252,1940.1718131973614,2089.440540272795
1,1937.5061035156252,1993.1532865728943,1970.0686487195017
1,2145.025634765625,2134.591159136395,2104.1672602250833
1,2228.033447265625,2182.6267663066847,2020.3471177708536
1,1937.5061035156252,2218.0404634032816,2029.4488121967856
1,2186.529541015625,2220.8974883911,2060.350169113643
1,2217.657470703125,1984.3390311338333,2051.360824258719
1,2082.769775390625,2141.6094218444237,2013.9228199609302
1,2290.289306640625,2123.9922605495526,2157.154735488969
1,2082.769775390625,2048.996474941804,2049.158420273037
1,2113.897705078125,2175.5921098440576,2064.8225694662665
1,2010.1379394531252,2259.1214858711437,2104.988660069901
1,2124.273681640625,2105.340302272858,2148.765833319365
0,2113.897705078125,2090.2221993806284,2064.8628015194035
0,2020.5139160156252,1821.6025482195157,1902.1189349462124
0,1844.1223144531252,1799.140316546955,1829.7739334169376
0,1698.8586425781252,1765.5706573661828,1851.2062216919578
0,1512.0910644531252,1672.0085351824475,1665.059783034989
0,1377.2033691406252,1769.8023759301377,1468.9611317193546
0,1491.3391113281252,1515.6883924469823,1286.947210830735
0,1231.9396972656252,1409.0034032456147,1296.9508736250148
1,1169.6838378906252,1458.7737796791153,1327.2253186756827
1,1263.0676269531252,1453.1788886752106,1365.7989106328478
1,1439.4592285156252,1781.511870298386,1330.635790136334
1,1491.3391113281252,1791.7726249243615,1438.0764487810186
1,1657.3547363281252,1734.9135041142551,1413.6363988677736
1,1688.4826660156252,1713.702005962339,1520.7663469021395
1,1584.7229003906252,1764.11021592367,1655.8042529048855
1,1709.2346191406252,1895.019703231611,1648.2134879873647
0,1823.3703613281252,1817.0806485169544,1508.694418409589
0,1719.6105957031252,1812.9146456870408,1417.1143485177515
0,1698.8586425781252,1718.902304344006,1468.1052658124404
0,1366.8273925781252,1477.2840016264315,1276.512578957384
0,1553.5949707031252,1412.3210878777102,1302.9472225067088
0,1439.4592285156252,1316.712154110747,1187.4200071509733
0,1304.5715332031252,1314.4767338508746,1110.5699497764363
0,1180.0598144531252,1170.714541957081,1154.7592876098909
0,1252.6916503906252,1137.154860326939,926.2069746050713
0,1283.8195800781252,1259.7660791635635,962.2373607539585
0,1273.4436035156252,1191.0604710220405,921.4858576594165
0,1169.6838378906252,1142.9070053901573,842.5989204338658
0,1148.9318847656252,1005.0447585208548,783.6357406681436
0,848.0285644531252,998.8830479825666,794.7276538412433
0,1003.6682128906252,1074.7998583346762,728.5932289752552
0,1107.4279785156252,874.1899255600877,704.3215174078775
0,920.6604003906252,872.8584485676589,733.1113794900615
0,982.9162597656252,774.4199633093455,589.7421435676478
0,837.6525878906252,1008.7786882791104,671.0176523839178
0,889.5324707031252,703.5621013140957,615.4610046054968
0,899.9084472656252,657.9732561747867,660.7715659367592
0,785.7727050781252,658.7839367734961,588.9663659208613
0,858.4045410156252,662.9918842137125,446.0311516003786
0,816.9006347656252,767.0115630471556,502.27409568615224
1,858.4045410156252,665.4584344615355,639.7950576039058
1,816.9006347656252,855.2428737119873,869.3140183193387
1,1076.3000488281252,904.9161701747356,781.8993637327665
1,962.1643066406252,1026.0906358161556,873.2921122025483
1,1045.1721191406252,954.9836226649263,1023.4474062749274
1,1221.5637207031252,1194.5113666831282,1064.5091350468638
1,1429.0832519531252,1307.841068570704,1142.3001532671667
1,1439.4592285156252,1177.288287137566,1153.1477280282625
0,1408.3312988281252,1457.2451556434846,1337.7701196648113
0,1294.1955566406252,1341.1792645971698,1186.3405529411252
0,1159.3078613281252,1339.7094792939256,1174.3792369525854
0,1107.4279785156252,1137.3382596145655,1091.486071499148
0,1003.6682128906252,1042.8146862279539,1117.0257489286487
0,1159.3078613281252,1090.6055253370248,996.2221141290916
0,1076.3000488281252,997.8854678183396,864.7227460476092
0,1148.9318847656252,1135.9556919921151,893.0564965859219
0,858.4045410156252,1094.2135520581303,850.7457597064017
0,1045.1721191406252,1086.580515017577,776.9943770268197
0,972.5402832031252,990.6378109022339,820.1925339407463
0,1180.0598144531252,1046.4999572224694,772.4873714311514
0,941.4123535156252,797.716159037351,819.0739928714452
0,868.7805175781252,877.779117314884,760.252271363327
0,972.5402832031252,729.1325351037232,689.4621699524901
0,796.1486816406252,873.2078662571502,682.4054825249436
1,775.3967285156252,966.5553305649094,769.2670630077521
1,1034.7961425781252,1022.4225552892862,799.9486034713382
1,889.5324707031252,1211.882767606444,812.7388901357665
1,1055.5480957031252,1213.4864182462018,1074.5506965085594
1,1128.1799316406252,1305.7823312317878,1171.3369535880101
1,1387.5793457031252,1340.9555028974319,1258.81307532211
1,1190.4357910156252,1400.7758141756499,1345.8057503086866
1,1366.8273925781252,1392.2355198586492,1329.928259805739
0,1595.0988769531252,1488.7942110604033,1312.6389271559399
0,1449.8352050781252,1535.1777058763446,1331.737538669382
0,1356.4514160156252,1272.6804986286882,1315.4249769680378
0,1252.6916503906252,1366.1670472478252,1241.194709683245
0,1200.8117675781252,1166.5783141113943,1007.2973492926708
0,1076.3000488281252,1298.0841698039435,969.7397648655226
0,1128.1799316406252,1263.8839889261415,1044.478321457887
0,1065.9240722656252,1278.586717519238,981.9672881475576
1,972.5402832031252,1194.0062827330078,954.49883858256
1,1045.1721191406252,1171.9906001393108,1006.4640811307556
1,1231.9396972656252,1221.8008272257478,1264.0256738263427
1,1252.6916503906252,1319.8390030121432,1247.0525755454642
1,1211.1877441406252,1256.1175168827822,1272.693514725802
1,1200.8117675781252,1341.85081420851,1262.8370415368663
1,1366.8273925781252,1443.6159139019353,1481.1949143600805
1,1584.7229003906252,1526.098636802543,1656.4183058475326
0,1325.3234863281252,1457.2535383003797,1478.1633370612005
0,1356.4514160156252,1426.3245864066944,1475.4408451072698
0,1325.3234863281252,1421.5154889225776,1364.5269003471274
0,1387.5793457031252,1526.555702135367,1247.2448328557593
0,1314.9475097656252,1329.535174561144,1190.3320285804712
0,1397.9553222656252,1324.0999965074998,1204.6922656729305
0,1460.2111816406252,1179.7884095260904,1036.9687239007724
0,1190.4357910156252,1203.0652463917668,975.5178771019747
0,1117.8039550781252,1155.774730579326,1013.9907659987269
0,1148.9318847656252,1028.7349034822876,883.9972652797487
0,972.5402832031252,915.8066849636087,1102.4916575417035
0,972.5402832031252,985.5632855874392,997.1457627787985
0,910.2844238281252,887.0139236500268,832.5594784950734
0,972.5402832031252,942.0778714525835,855.7636420525854
0,931.0363769531252,890.0023059916364,845.6188709822684
0,816.9006347656252,832.5515103007251,733.9134447710894
0,931.0363769531252,888.2000924065171,714.2405825813191
0,1117.8039550781252,871.479262714592,577.2853153038687
0,941.4123535156252,804.867051931324,620.3136597233294
0,868.7805175781252,748.1472142292148,725.0956820534986
0,848.0285644531252,832.7938131824449,609.5650188059398
0,816.9006347656252,850.5904914740399,625.741606601365
0,982.9162597656252,787.5114097636788,628.4376646059433
0,951.7883300781252,593.2725305334783,608.7773952425794
0,848.0285644531252,692.7908068915552,619.1496650331039
0,858.4045410156252,661.889616051557,600.1334715936206
0,785.7727050781252,701.1763878243347,544.558286592542
0,806.5246582031252,780.7376974239099,570.2364326468513
0,702.7648925781252,609.3900661628438,625.422450407304
0,702.7648925781252,652.7780722896828,551.3403559456347
0,588.6291503906252,728.1168686778516,597.0905735058857
0,671.6369628906252,756.6121876021425,542.3518891057478
1,619.7570800781252,641.3431122837604,650.3855274702153
1,920.6604003906252,672.4073484714513,805.9838152268384
1,858.4045410156252,834.2117398679463,849.1926455832865
1,962.1643066406252,847.95525909714,894.409660276694
1,1055.5480957031252,1067.0245730575657,962.9016754505559
1,899.9084472656252,1259.0975353182657,1013.6109922080478
1,1055.5480957031252,1149.754470672753,1132.1264827156244
1,1242.3156738281252,1319.50590202788,1231.9435357882387
0,1263.0676269531252,1191.3160550119646,1227.5710785242477
0,1252.6916503906252,1089.767641951182,1077.8812485626552
0,1045.1721191406252,1219.0442432755347,1047.5337803228117
0,1138.5559082031252,1104.927957774696,1063.9591487009354
0,1045.1721191406252,1019.3931072374904,1003.64392319774
0,1148.9318847656252,1260.379820998976,981.8548962883918
0,1086.6760253906252,925.8688623832728,985.5569511136825
0,1148.9318847656252,1003.2813213751549,831.9624600017697
0,899.9084472656252,861.0034097496541,983.2335671797641
0,1076.3000488281252,1068.3954224209779,892.1256395569869
0,951.7883300781252,932.6104272940235,714.3564649974528
0,1014.0441894531252,914.4931954480861,660.8394549987145
0,682.0129394531252,869.2515247279268,796.5166715958753
0,868.7805175781252,718.519731215519,755.7825305679174
0,931.0363769531252,758.3443587452363,615.615138775657
0,785.7727050781252,763.0356325811155,654.8063063176104
0,920.6604003906252,686.2773594170112,626.0707021388884
0,796.1486816406252,833.9372966343885,556.3299483127273
0,650.8850097656252,805.4245382222747,457.6559931223052
0,941.4123535156252,529.0974377534365,607.5801901305658
0,879.1564941406252,613.7402643091012,504.3815593178931
0,796.1486816406252,814.3171359128041,637.3280220785431
0,723.5168457031252,528.1969460192103,550.3412864784991
0,785.7727050781252,517.1663717193139,510.48811962906035
0,765.0207519531252,535.2246882943907,409.738566829732
0,661.2609863281252,693.9134678694611,458.8777239779204
0,557.5012207031252,664.9167487970465,569.9638095311834
0,816.9006347656252,523.9343509933241,428.7667953031654
0,765.0207519531252,631.9764968249466,444.8834793353828
0,827.2766113281252,684.4725408719298,387.0800132414597
0,848.0285644531252,503.0849527083022,520.6076822332702
0,692.3889160156252,563.1884725967458,453.17631074263073
0,713.1408691406252,648.4160745196268,421.2519059858197
0,536.7492675781252,602.940838896127,455.612143685957
0,848.0285644531252,633.8337810234884,390.01995649154566
0,650.8850097656252,636.4973922466224,382.1449397513442
0,868.7805175781252,687.0179851011202,438.46794039158874
0,650.8850097656252,642.2416889804794,444.88742555533526
0,599.0051269531252,718.3224159075222,441.67185602027797
0,650.8850097656252,562.5902633532316,525.3300129988241
0,754.6447753906252,612.2960906925811,589.862783133957
0,733.8928222656252,475.0788819947088,488.6611724439031
0,495.24536132812517,715.1702619989651,429.5889171737903
0,702.7648925781252,588.0034701498786,480.4958653645739
0,723.5168457031252,622.3877998295067,348.9051832649134
0,692.3889160156252,607.5504370656383,406.6382723967948
0,578.2531738281252,389.3604767241749,424.29842798276394
0,713.1408691406252,464.49817743033987,400.39456312312984
1,630.1330566406252,590.9904620965063,396.94638307027384
1,682.0129394531252,747.4562419448189,584.639339572592
1,1014.0441894531252,820.5325267613691,640.3909613314015
1,765.0207519531252,1006.6374413971805,878.4965261080052
1,1003.6682128906252,942.9619255793369,942.1105520293258
1,972.5402832031252,1178.8540095906524,1129.158696379423
1,951.7883300781252,1186.0605016532227,1169.5919921468053
1,1242.3156738281252,1228.1058823189635,1112.9776780695697
1,1325.3234863281252,1490.3691086674605,1331.1222502163046
1,1408.3312988281252,1449.960795933016,1391.4688101305399
1,1491.3391113281252,1349.8447723655606,1426.3609547060835
1,1294.1955566406252,1536.616544752588,1442.2295057554738
1,1501.7150878906252,1480.592168694322,1429.0520660372622
1,1615.8508300781252,1521.4379418439596,1453.9142549599635
1,1636.6027832031252,1633.5238998805173,1493.128526678089
1,1449.8352050781252,1535.4942503376276,1598.4500249238843
0,1792.2424316406252,1723.3940928441407,1577.7639503717985
0,1418.7072753906252,1663.1125544066163,1558.4840676602212
0,1294.1955566406252,1454.9306746713062,1526.8223639335233
0,1314.9475097656252,1263.1869264276238,1352.013525607858
0,1408.3312988281252,1422.8014738673273,1146.957688224577
0,1377.2033691406252,1210.0076543387252,1300.843835465589
0,1366.8273925781252,1236.0626902672775,1164.795055619635
0,1314.9475097656252,1043.0938073524387,1148.7406131467283
1,1252.6916503906252,1102.5077408587385,1200.7180620995525
1,1304.5715332031252,1118.6069346442148,1133.1988226907843
1,1273.4436035156252,1299.0999585892519,1157.6454885192256
1,1366.8273925781252,1303.1063074903007,1147.9468425094253
1,1543.2189941406252,1405.0728926729469,1426.4471284766707
1,1439.4592285156252,1386.4612864614269,1565.028804314521
1,1387.5793457031252,1653.4607690683742,1396.301108228472
1,1626.2268066406252,1640.0359332583726,1518.9359933521368
1,1626.2268066406252,1761.0532526901575,1632.1195953309573
1,1595.0988769531252,1919.9465548156154,1663.005588247117
1,1491.3391113281252,1892.1207428050297,1778.4181764587893
1,1802.6184082031252,1965.3210145670441,1777.7021576721706
1,1802.6184082031252,1780.0170329329226,1725.52603029135
1,1709.2346191406252,1918.9581497154538,1841.0521431534598
1,2010.1379394531252,2073.351282699037,1656.298094599248
1,1896.0021972656252,2057.446251152755,1819.425483272946
0,2010.1379394531252,2052.3284586506456,1764.081323037615
0,1823.3703613281252,1808.893177687936,1597.966201854444
0,1781.8664550781252,1830.690162568286,1665.89163808272
0,1688.4826660156252,1723.6443273215227,1522.5371552918084
0,1574.3469238281252,1644.4025567452127,1313.6906943450347
0,1501.7150878906252,1492.6095937685225,1196.0542857523837
0,1615.8508300781252,1555.1457501682814,1308.8989043545803
0,1325.3234863281252,1445.4887026197857,1176.547950685402
0,1263.0676269531252,1378.5427240131576,1187.1782584306613
0,1273.4436035156252,1449.4294840173825,1231.3646125332841
0,1200.8117675781252,1290.6793178599646,1083.1162171575477
0,1242.3156738281252,1359.0116369516938,1032.3801796223033
0,1055.5480957031252,1254.8337271724995,967.9654821067585
0,1086.6760253906252,1045.0896250738163,835.8651218103121
0,1055.5480957031252,1060.3241424752823,1019.0986757591869
0,931.0363769531252,1133.963814724204,900.8044153340222
1,1076.3000488281252,1161.94280348835,837.5281092109902
1,1107.4279785156252,1127.5194844183914,987.0783530351665
1,1024.4201660156252,1160.6153646612847,1075.9266745616237
1,1211.1877441406252,1359.0809603070963,1136.5656618758849
1,1294.1955566406252,1364.321830788303,1209.5328484145077
1,1356.4514160156252,1474.796827389811,1241.3321062162645
1,1366.8273925781252,1434.0456004797468,1245.2703933303528
1,1366.8273925781252,1734.3123510737378,1276.7863721565604
0,1512.0910644531252,1538.504901291976,1331.756750267863
0,1408.3312988281252,1532.632265779007,1161.1365295379253
0,1377.2033691406252,1311.0402765618005,1127.6984011627196
0,1283.8195800781252,1377.952314724411,1088.164264008889
0,1429.0832519531252,1432.0931501697833,972.8269473250302
0,1335.6994628906252,1356.3822492520944,1118.6229044433933
0,1242.3156738281252,1256.1602578440086,896.4153065608886
0,1387.5793457031252,1160.977924443612,942.7881322838616
1,1314.9475097656252,1237.1768624560962,826.8532678329601
1,1418.7072753906252,1208.4087901709574,1051.7172556101348
1,1470.5871582031252,1450.0063385804206,1001.5019282885954
1,1491.3391113281252,1337.831516704412,1152.0524898605233
1,1491.3391113281252,1401.9581955243452,1259.3910067424486
1,1626.2268066406252,1372.0582360573542,1418.3892819117289
1,1491.3391113281252,1539.9926763448707,1339.0659041685742
1,1543.2189941406252,1674.4531771514237,1385.6262001901166
0,1740.3625488281252,1595.8084943365805,1453.6776455714835
0,1719.6105957031252,1587.8823110260528,1318.798716762809
0,1346.0754394531252,1630.0332470771464,1364.3272982145206
0,1356.4514160156252,1395.4187449871417,1174.2485943792972
0,1480.9631347656252,1158.2703240206426,1265.4815665783146
0,1366.8273925781252,1272.5602600298196,1095.5664278730828
0,1356.4514160156252,1290.3116846925639,1127.9835435984044
0,1263.0676269531252,1100.3943415686722,1012.0954010194996
0,1180.0598144531252,1305.6608337741377,891.7662597880275
0,1117.8039550781252,1071.9281586039692,975.8276476477149
0,1148.9318847656252,1216.3177114076846,857.1611183055023
0,1065.9240722656252,1063.776452816564,933.6100413334972
0,1231.9396972656252,1211.5302093601836,722.3231665609509
0,982.9162597656252,1096.9617241394938,811.8695226588438
0,1055.5480957031252,872.7060338904971,841.1196590579927
0,1045.1721191406252,1079.747457720292,677.8440501747418
0,1086.6760253906252,941.7164060999736,730.907426635073
0,899.9084472656252,912.3674373087391,655.3262300781493
0,848.0285644531252,677.261202192617,691.6978380412638
0,837.6525878906252,756.7658757994235,593.4216871414039
0,796.1486816406252,1008.3819042865935,607.4314397597083
0,931.0363769531252,923.5306087362854,502.50023267635254
0,941.4123535156252,839.3156641005585,377.63498594491807
0,754.6447753906252,860.1741039075894,484.71805238520074
0,692.3889160156252,890.5921070954238,508.3793984201573
0,920.6604003906252,747.2470939938374,545.1771263086672
0,713.1408691406252,908.604435585021,470.4230100203068
0,578.2531738281252,536.1550967163473,395.6687926622923
0,816.9006347656252,812.4435664840406,528.058681290114
0,692.3889160156252,851.204282109017,419.2597060484229
0,713.1408691406252,806.5293371002723,265.2346266730352
0,733.8928222656252,671.7471951907139,418.11015245324296
1,713.1408691406252,710.2185442208329,634.6412909214296
1,931.0363769531252,894.4465144711,608.5733583007855
1,910.2844238281252,906.0901161500225,730.4258610437151
1,775.3967285156252,944.3425963298833,1032.6368814136179
1,1263.0676269531252,1137.5460128856344,1036.9809159684528
1,1076.3000488281252,1189.929265259017,1191.3248771341894
1,1107.4279785156252,1125.9853005545554,1277.4773607737402
1,1304.5715332031252,1219.509521830831,1129.5288632860422
1,1128.1799316406252,1490.0034668905182,1248.1160832577486
1,1491.3391113281252,1397.014879153327,1343.2333069359051
1,1408.3312988281252,1445.4229721525794,1354.3814011685486
1,1522.4670410156252,1476.6607519330173,1364.3448208286884
1,1346.0754394531252,1773.979891579902,1563.9643061342392
1,1698.8586425781252,1725.5017667864415,1563.0669069191288
1,1678.1066894531252,1597.9180950017053,1528.4231326237523
1,1657.3547363281252,1665.2115840390034,1613.8630820923759
0,1792.2424316406252,1730.840968239418,1846.54130042616
0,1667.7307128906252,1440.375343091687,1555.4807529499171
0,1460.2111816406252,1394.5235287661972,1466.0094646162997
0,1366.8273925781252,1607.4021207268213,1389.5223442993934
0,1366.8273925781252,1255.628261925489,1247.723959091304
0,1200.8117675781252,1331.5934847884423,1180.740069557763
0,1314.9475097656252,1073.6798648494207,1211.546469166303
0,1263.0676269531252,1283.5819189581032,1159.0324038947251
0,931.0363769531252,1217.9653089583735,1024.8683010237742
0,1117.8039550781252,1001.6839402342055,935.0505776952118
0,1148.9318847656252,1022.0041898126935,848.2756661622161
0,1065.9240722656252,1036.2512704330284,864.7592390104022
0,1003.6682128906252,1038.5890287054035,841.9433283041701
0,972.5402832031252,841.9861407570376,744.7079702500566
0,827.2766113281252,1056.1098166616944,903.072193302572
0,1159.3078613281252,916.9770061133628,810.3359299220928
0,868.7805175781252,1028.1611273677702,778.6220834662334
0,910.2844238281252,998.1326280661445,736.4019603205969
0,951.7883300781252,901.4331781300931,750.0422176375126
0,827.2766113281252,838.0487793773494,555.7663736627633
0,713.1408691406252,830.1816025695164,689.2583024892482
0,941.4123535156252,671.1322176146923,808.3442276626228
0,796.1486816406252,783.1553623584118,640.5969460688502
0,941.4123535156252,804.8663601403163,541.1562852125668
1,920.6604003906252,1028.4906335290018,600.4247799190279
1,1014.0441894531252,956.8221460884231,753.4016630752786
1,868.7805175781252,959.2031442218422,849.3529273782743
1,962.1643066406252,998.0358954430185,927.0350589266666
1,899.9084472656252,1254.1550355912925,1058.2649744335504
1,1231.9396972656252,1394.9932919587054,1133.744127140784
1,1346.0754394531252,1435.2821251107391,1250.1206642562115
1,1325.3234863281252,1507.962824874384,1336.7480223909515
0,1439.4592285156252,1330.7837129530903,1231.8769253712799
0,1491.3391113281252,1330.90179305068,1199.760018724134
0,1314.9475097656252,1253.8483436183683,1232.9396977901158
0,1356.4514160156252,1415.9553161300216,1103.8504475172285
0,1086.6760253906252,1078.36753144589,1178.0003780522206
0,1159.3078613281252,1082.247374317061,1051.1660522908865
0,1076.3000488281252,1186.6775766649966,1066.5019563621543
0,1107.4279785156252,1021.0285425412168,859.8134736577379
0,1263.0676269531252,973.7245588874805,977.031230099355
0,1169.6838378906252,804.2442753832718,974.9372036099155
0,858.4045410156252,1178.0586595580182,894.5727321000971
0,1065.9240722656252,1100.5313394145016,851.7334024332132
0,982.9162597656252,1060.6021047244367,828.8726563250534
0,1014.0441894531252,777.9945561971496,739.3023607954232
0,941.4123535156252,812.2047373482454,817.9101454039369
0,993.2922363281252,919.4388133570703,886.0866520708778
0,827.2766113281252,794.2810288005447,614.2284448498056
0,879.1564941406252,745.5788379024755,715.2536162133711
0,910.2844238281252,730.2953418731192,494.6847929141278
0,827.2766113281252,746.2220415923864,628.4372945256807
0,931.0363769531252,809.5518107453537,559.3025604044146
0,640.5090332031252,632.830134072881,629.3575636149088
0,682.0129394531252,710.0649694092115,614.1784851012018
0,827.2766113281252,798.3218740131525,479.5872587738665
0,806.5246582031252,672.2111130672685,481.2038458238231
0,744.2687988281252,735.3606022565363,578.0477525510822
0,910.2844238281252,745.8925619509616,509.1018049265353
0,630.1330566406252,716.4960488866896,600.4684714225414
0,630.1330566406252,875.3937393642414,459.5156688131692
0,702.7648925781252,666.5769864862618,458.7662263026759
0,744.2687988281252,898.623911686155,476.03150960657604
0,723.5168457031252,894.0956010684654,451.0307672842203
0,682.0129394531252,690.9190606957131,583.3836234337091
0,547.1252441406252,445.4288928042896,475.64437687405234
0,775.3967285156252,538.0574441741696,423.46241091111705
0,692.3889160156252,684.3925802202804,361.39631011661896
0,754.6447753906252,570.774166585176,378.27315813455607
0,557.5012207031252,590.5195213145338,405.1747783930872
0,650.8850097656252,469.5199490499739,503.74041238239005
0,630.1330566406252,720.7226653030172,514.6509516098503
1,630.1330566406252,762.3151063368379,626.8295572865679
1,630.1330566406252,714.7954975310091,624.4592767307327
1,796.1486816406252,896.7655127247434,777.2282657915512
1,858.4045410156252,1131.9137072024635,867.2845971863742
1,910.2844238281252,1317.5492304732038,912.0821149323136
1,972.5402832031252,1169.519962482583,1133.6027565201466
1,1055.5480957031252,1428.0959800283604,1153.208026327705
1,1086.6760253906252,1295.496165081245,1161.073809086747
1,1190.4357910156252,1521.1130689573813,1405.4880245889033
1,1283.8195800781252,1541.640133571039,1279.0424808747073
1,1408.3312988281252,1499.817090257558,1427.2895538254509
1,1263.0676269531252,1499.046434023946,1368.1078720455032
1,1512.0910644531252,1653.7896351222246,1603.265360040104
1,1314.9475097656252,1706.7882709254545,1549.7504895244003
1,1574.3469238281252,1773.545494053817,1611.5999528122165
1,1605.4748535156252,1774.2483239401872,1746.14916442935
1,1532.8430175781252,1841.6017235777365,1919.801003437745
1,1698.8586425781252,1696.9799379768515,1779.238833920648
1,1761.1145019531252,1622.8764913226764,1815.5709176593157
1,1854.4982910156252,1961.2947892604634,1788.8498870905248
1,1916.7541503906252,1838.4057004063034,1832.1286909268042
1,1854.4982910156252,2088.8815496560283,1784.0537970203134
1,1833.7463378906252,1888.1628421624148,1833.3644473586508
1,1812.9943847656252,1937.5802172357637,2002.7886805442204
0,1927.1301269531252,2074.808855635548,1731.0845613333688
0,1750.7385253906252,1737.452897295007,1636.6882890357515
0,1522.4670410156252,1789.6882055681508,1642.3463433624017
0,1636.6027832031252,1458.3186789783729,1661.8820733403593
0,1470.5871582031252,1600.3471416468637,1444.2592225900494
0,1615.8508300781252,1391.650093482393,1407.9648651961402
0,1356.4514160156252,1516.5224948289963,1217.4400336125811
0,1429.0832519531252,1312.5251685187075,1145.2692991608603
0,1190.4357910156252,1129.941746312424,1207.221958450703
0,1325.3234863281252,1291.3455588933864,1072.2659880645624
0,1252.6916503906252,1315.1607686188115,986.1792006174624
0,1211.1877441406252,1229.6081185982907,1017.1603853092638
0,1283.8195800781252,1141.3549419405365,849.6086139424878
0,972.5402832031252,1109.4477462406414,968.6646086855778
0,868.7805175781252,1118.5840414167128,821.7333601374671
0,982.9162597656252,1152.7037905697503,726.9091532607148
0,879.1564941406252,991.7295225855976,703.2760610754984
0,941.4123535156252,776.5801877631764,737.4251711517754
0,848.0285644531252,787.3638987952911,681.7623328562692
0,1117.8039550781252,902.3513836125597,632.0026164036418
0,889.5324707031252,926.0443684582085,895.46836460121
0,899.9084472656252,1018.6560318428387,656.3854253268635
0,775.3967285156252,977.6398591753918,735.4688039655933
0,702.7648925781252,789.4504960925304,583.689072834171
0,972.5402832031252,979.9937532209885,660.3398108976379
0,858.4045410156252,890.0042362855354,589.8591910510498
0,702.7648925781252,880.0889405812084,551.1765652040186
0,848.0285644531252,842.6162447124473,559.3483717282277
0,765.0207519531252,1028.6791228123197,544.7808650931713
0,848.0285644531252,838.7426802658423,554.8886203385125
0,868.7805175781252,571.4035826719778,529.9256627679464
0,889.5324707031252,666.5012106051581,492.7436125611311
0,713.1408691406252,768.8076835376759,525.5714492601975
0,723.5168457031252,669.1837092214166,487.4645492541827
0,806.5246582031252,867.9557318831723,619.305445034644
0,765.0207519531252,611.9960644869678,603.0732420794508
0,848.0285644531252,809.2141939781512,512.174394149504
0,868.7805175781252,832.2595990867615,474.61280576570596
0,733.8928222656252,635.1205043443823,522.1246936707495
0,599.0051269531252,729.9995774057339,403.2926994191412
0,713.1408691406252,896.1184391584885,434.59686724469964
0,671.6369628906252,626.3999217311384,631.3801753921246
0,899.9084472656252,660.7026534546898,478.8516431128021
0,619.7570800781252,673.4011249366254,493.257115437289
0,682.0129394531252,725.800749090949,372.87741047011554
0,526.3732910156252,738.6237773660056,483.08741437570984
0,692.3889160156252,962.9935167258507,419.42243988611267
0,723.5168457031252,719.1340874231287,409.0749855378248
1,816.9006347656252,718.3602536043088,601.866264678179
1,744.2687988281252,1012.3211330484905,773.3606139476492
1,931.0363769531252,897.498005904416,781.7385355139002
1,827.2766113281252,864.7898560864293,831.1324269475398
1,899.9084472656252,933.4766277977429,888.2002828840713
1,848.0285644531252,1140.8542895707235,872.9369994966955
1,1045.1721191406252,1314.0358815901263,1143.2732726118647
1,1325.3234863281252,1145.2832247153383,1257.3136192684062
0,1418.7072753906252,1171.3934546526486,1183.186635582309
0,1211.1877441406252,1136.2726528600826,1080.6524595421615
0,962.1643066406252,1258.2246403477075,1073.0953125343906
0,941.4123535156252,1010.96522320271,1056.9828651049713
0,1086.6760253906252,1103.026853789575,1108.232704429728
0,920.6604003906252,850.5718807081171,976.8372323150234
0,1014.0441894531252,923.8458935766186,982.7227946622536
0,972.5402832031252,961.7056506075204,864.7217539423691
0,879.1564941406252,1065.66113560095,833.0955653603933
0,848.0285644531252,898.0987350539557,777.6766850714104
0,848.0285644531252,869.2138414883967,683.2478785354896
0,931.0363769531252,686.5290450183194,635.2651286951074
0,931.0363769531252,668.4340652187393,703.7483054871888
0,837.6525878906252,611.3576892954604,826.9653026428807
0,765.0207519531252,916.355098735678,670.9306981687328
0,837.6525878906252,777.6139361466137,691.0322933693217
0,837.6525878906252,745.5923431682647,586.660433376876
0,879.1564941406252,901.1494058996418,655.2596918294907
0,785.7727050781252,988.5987337902876,544.9749229291923
0,899.9084472656252,801.7493293891434,410.8579989561315
0,785.7727050781252,882.1905685431318,494.9549377539579
0,879.1564941406252,812.0457689023339,399.14761274748946
0,910.2844238281252,695.4131839231951,516.0516165359321
0,889.5324707031252,732.9862644880692,511.6694497389095
0,733.8928222656252,756.8803199526106,560.5441519128381
0,765.0207519531252,596.0074539178135,530.8440282881267
0,733.8928222656252,843.0070030839286,614.5152658970934
0,474.49340820312517,942.203326916534,448.7477367862094
0,630.1330566406252,570.6433014051383,450.4277584487608
0,702.7648925781252,528.0406076393708,640.83800110838
0,650.8850097656252,738.302617499195,594.1988858201835
0,484.86938476562517,667.0431159296612,408.7368644143064
0,588.6291503906252,676.2321707674149,452.79449116504037
0,453.74145507812517,464.7473690436816,371.0446888589567
0,599.0051269531252,566.5550859098114,531.9932972399615
0,484.86938476562517,451.44600415288056,502.1531964102358
0,682.0129394531252,611.6196724918402,479.11553707145896
0,619.7570800781252,675.632543705623,395.0080870008008
0,640.5090332031252,532.3013529091859,571.8025631201393
0,702.7648925781252,684.2735717680052,487.21719202192565
0,682.0129394531252,630.8304162305269,428.09434519290045
0,609.3811035156252,508.1814757630917,458.8422713655752
0,619.7570800781252,662.4803829399565,500.26529320363517
0,599.0051269531252,588.312074243841,475.63398351300526
0,754.6447753906252,635.179348589548,365.61282847405397
0,495.24536132812517,506.57327414227603,414.35254505062284
0,630.1330566406252,547.9097878857043,575.0842832620904
0,515.9973144531252,623.1852059743192,471.08748577660316
1,557.5012207031252,731.1293033220481,469.48313936328117
1,723.5168457031252,819.7732495538644,637.4827196114577
1,827.2766113281252,1025.5062146860287,793.2697804964864
1,920.6604003906252,1086.9820326340919,889.3944978937607
1,920.6604003906252,1043.0227435355864,1132.9026900820566
1,931.0363769531252,1146.018667789057,995.0860977022124
1,1065.9240722656252,1092.3833922922074,1221.7927618417752
1,1034.7961425781252,1252.9155425556887,1279.145745703547
0,1003.6682128906252,1357.2310192818884,1122.7225833755244
0,1045.1721191406252,1358.2422545855147,965.9838497914162
0,993.2922363281252,1072.9373410521657,1221.4714399453017
0,785.7727050781252,1140.076499798365,1081.538789282726
0,879.1564941406252,911.1548276421895,1101.4191477683278
0,827.2766113281252,1066.2040582792222,1135.8910272693065
0,962.1643066406252,963.096007436828,866.7103038284769
0,827.2766113281252,731.127581109378,796.0982447676555
0,827.2766113281252,851.6779885611647,929.3237061878048
0,796.1486816406252,849.0866569236671,695.317870614339
0,827.2766113281252,1034.3254962319152,768.0861312293271
0,785.7727050781252,787.1260701869061,782.0634718502185
0,899.9084472656252,485.9481597604947,802.9621756406104
0,796.1486816406252,782.6350716753785,728.8060742538978
0,1055.5480957031252,839.335683056363,616.7221259312515
0,1024.4201660156252,883.9085777355609,640.2557594363803
0,692.3889160156252,908.6292663000069,703.0692511665492
0,723.5168457031252,517.3856747283118,538.0607188467915
0,899.9084472656252,755.0115347523729,780.9134614085413
0,630.1330566406252,659.12324013368,697.6435119796429
0,630.1330566406252,709.5530617060554,775.9103597198311
0,640.5090332031252,641.8485889211075,679.1588466043265
0,733.8928222656252,768.1462273673784,660.3560059430044
0,640.5090332031252,741.0921248949439,560.4993185166325
1,806.5246582031252,853.7670357127632,848.5420030860466
1,754.6447753906252,870.7461518479856,678.3762730221151
1,848.0285644531252,1104.5711486207679,740.591463110987
1,848.0285644531252,896.1295535968154,868.6025352318792
1,1107.4279785156252,1181.5158461543874,965.0016812619028
1,1117.8039550781252,1101.5843873395042,1058.920354852701
1,1169.6838378906252,1348.5323273048982,1219.1700860435942
1,1314.9475097656252,1370.0125259850877,1202.2738195190095
0,1335.6994628906252,1332.9704327757308,1192.4100989573121
0,1366.8273925781252,1563.6442096524718,1259.7628636645143
0,1273.4436035156252,1321.1014471714093,1110.8987538163392
0,1055.5480957031252,1240.6700378216424,934.3004110243432
0,982.9162597656252,1241.1431525672233,998.4361790092938
0,858.4045410156252,1018.7881783803448,951.1102203994781
0,1034.7961425781252,1054.2630385844325,818.7120119891753
0,910.2844238281252,966.2845092046928,885.6361185716665
1,827.2766113281252,941.731543057869,1081.0585469213297
1,1107.4279785156252,983.6295201738131,1175.4089733459668
1,1107.4279785156252,1273.6154774817321,1252.7916164768794
1,1335.6994628906252,1320.894850109997,1231.5091424421398
1,1252.6916503906252,1299.9882909971743,1417.7029962418048
1,1283.8195800781252,1604.530686915319,1370.4855905563736
1,1501.7150878906252,1461.1390342295067,1487.5747546321488
1,1574.3469238281252,1621.0388534336455,1547.3202210758636
0,1418.7072753906252,1558.8969018789437,1457.4549189452964
0,1356.4514160156252,1500.9305938192626,1361.8465527718645
0,1460.2111816406252,1363.1613157377085,1217.4489313440367
0,1128.1799316406252,1373.9055960814949,1297.2004968958154
0,1231.9396972656252,1203.5357950926048,1200.0540490472004
0,1242.3156738281252,1296.7914255310804,1183.1948185470972
0,1076.3000488281252,1277.1989759135695,1024.6499065093187
0,1076.3000488281252,1371.544351570873,840.2223970415913
1,1107.4279785156252,1169.3766989561002,911.9889382384058
1,1263.0676269531252,1439.3497678521962,1159.4495269199954
1,1325.3234863281252,1167.5418094029214,1191.1715522444974
1,1491.3391113281252,1433.2757584736505,1121.6896026953048
1,1377.2033691406252,1502.4858327026423,1336.131655892582
1,1387.5793457031252,1523.8844076202338,1344.8636349140065
1,1501.7150878906252,1686.7720602309346,1277.4138701902523
1,1719.6105957031252,1696.893239663133,1486.982261665293
0,1553.5949707031252,1763.3736535988041,1234.7036591163092
0,1761.1145019531252,1873.0237779024483,1249.8597005705512
0,1397.9553222656252,1587.2566070543035,1306.026976781673
0,1460.2111816406252,1602.772207568918,1192.3530058898218
0,1397.9553222656252,1487.657894058305,1102.3737503074512
0,1439.4592285156252,1232.669854494377,1069.7421460401633
0,1242.3156738281252,1308.524187537716,1017.4311166580133
0,1045.1721191406252,1128.4323910163134,895.9540289696278
0,1086.6760253906252,1264.5850624159914,792.2167926476346
0,1107.4279785156252,1201.097743312293,896.3696036681139
0,1024.4201660156252,1154.929253782964,808.2430304107579
0,1024.4201660156252,1049.742743782385,733.379315730304
0,1107.4279785156252,1088.935337915725,796.810063672012
0,962.1643066406252,871.2891575450383,725.4954474251927
0,920.6604003906252,905.9285372269494,766.512162815095
0,744.2687988281252,927.2902434274268,686.210321279989
0,993.2922363281252,919.5527867913398,882.562110376711
0,951.7883300781252,911.0373662254093,722.4066250910248
0,806.5246582031252,731.8671404832571,651.5102762437241
0,889.5324707031252,819.31487590678,727.5158715220969
0,806.5246582031252,692.3661254665561,501.3871709896127
0,889.5324707031252,554.3362027743899,600.7587893117498
0,754.6447753906252,786.8254903333628,675.00737017027
0,723.5168457031252,674.8224749936071,677.1284558269363
0,754.6447753906252,566.1169903638687,612.4202895412853
0,910.2844238281252,795.058883114227,410.2370196037739
0,682.0129394531252,638.2803863909455,585.5206920472199
0,868.7805175781252,715.5283593055469,530.7451317553756
0,744.2687988281252,659.8521679596726,720.4585868390457
0,661.2609863281252,627.8556491727157,662.0290892890898
0,588.6291503906252,534.6292509479142,649.7455756500328
0,889.5324707031252,661.292521136823,393.62343277475065
0,692.3889160156252,594.5825877738173,577.7510682539026
0,744.2687988281252,468.64378315044445,640.5262365688403
0,588.6291503906252,535.8310251255147,501.36234653155486
0,671.6369628906252,586.0533062814349,568.4233433371769
0,640.5090332031252,427.24691949819396,587.497536713771
0,661.2609863281252,459.461811017931,395.1865307058758
0,630.1330566406252,708.5500817709637,543.2756318123854
0,671.6369628906252,638.3175504857646,485.3197825271992
0,640.5090332031252,529.7670807863647,392.21860866450317
0,702.7648925781252,526.6059871240917,550.8801399942164
0,692.3889160156252,580.5373248678312,402.034005116398
0,578.2531738281252,520.8843279030477,384.6923841861965
0,640.5090332031252,565.8607237715364,360.17741593821927
0,692.3889160156252,496.3782822603386,407.59602525322435
0,640.5090332031252,667.1112216946037,500.1383470116824
0,671.6369628906252,471.5869027268149,549.248164134478
0,609.3811035156252,548.1379366542657,459.143683291532
0,713.1408691406252,613.9652213899647,445.38818016420163
0,515.9973144531252,557.0634935287361,396.3276501439872
0,567.8771972656252,471.4066024251782,475.72470092144715
0,682.0129394531252,642.2360853627823,333.0433832251585
0,609.3811035156252,583.6795396991057,363.7719173235834
0,609.3811035156252,595.243742007966,544.3779137622299
0,630.1330566406252,521.8590869821232,586.9975063249982
0,630.1330566406252,548.2215718740802,360.49829402762344
0,557.5012207031252,525.0829397569436,487.7609769495531
0,650.8850097656252,359.39633390411603,422.3164397397435
0,495.24536132812517,646.3727124847832,498.21071467944535
0,609.3811035156252,658.2586399782691,422.15970098944683
0,547.1252441406252,545.5130523097854,447.61103190917356
0,682.0129394531252,449.75465102540363,488.06242754990234
0,526.3732910156252,647.8374848086539,381.9333606979242
0,702.7648925781252,513.6955897087474,405.5041138134714
0,547.1252441406252,462.7978611390296,312.2227400277071
0,588.6291503906252,730.6007583776577,381.78481100042296
0,474.49340820312517,608.5425944284856,350.9902902997363
0,505.62133789062517,508.9382178155267,396.2011113393313
0,515.9973144531252,511.1161135291217,512.7848919357068
0,536.7492675781252,550.5409250135134,444.42284515077523
0,547.1252441406252,511.2586251503057,495.9791646187045
1,713.1408691406252,390.44479736886456,518.5697062259871
1,754.6447753906252,696.2263345010476,563.632653930169
1,702.7648925781252,878.40827569256,589.1511089547006
1,630.1330566406252,794.7749979173877,761.9029244514687
1,858.4045410156252,1005.4012986748826,841.5768546244368
1,962.1643066406252,1055.1335696145509,1015.1948556921028
1,941.4123535156252,1103.6358689628312,1128.4077642971545
1,1107.4279785156252,1473.1575421524474,1231.6129774658793
0,1273.4436035156252,1113.9689143541077,1221.2909956742208
0,1169.6838378906252,1123.063308817889,1012.1877187311914
0,931.0363769531252,1113.139607579489,1028.0010651135044
0,806.5246582031252,1125.894986024057,939.8686698201694
0,1076.3000488281252,1065.394292523901,989.6050024223415
0,868.7805175781252,961.0067369031303,896.2910265125078
0,962.1643066406252,987.2331611415316,932.4694138546585
0,1034.7961425781252,872.4649470487396,859.941770789768
0,733.8928222656252,953.9692994371807,882.2781956308821
0,796.1486816406252,644.1828224196859,811.9118508673625
0,910.2844238281252,1037.8292840709803,728.599595422727
0,671.6369628906252,862.708092142844,725.0730947820747
0,775.3967285156252,984.68076674779,682.2396727216974
0,848.0285644531252,897.292242610926,731.7033131126302
0,723.5168457031252,852.4689801362191,705.4059928164274
0,796.1486816406252,708.9487039550279,729.37017412243
1,941.4123535156252,845.2332096097963,758.7585338818436
1,692.3889160156252,1071.2443156366571,900.4771452653674
1,1024.4201660156252,961.6556387075702,951.3138800860808
1,1117.8039550781252,1390.1933312033016,1055.2209551684443
1,1055.5480957031252,1258.4545362237359,1138.5394949227903
1,1242.3156738281252,1259.13416437999,1390.001018459704
1,1377.2033691406252,1397.9721988174354,1380.2319186119987
1,1377.2033691406252,1409.1414862181641,1492.1381199988416
0,1418.7072753906252,1362.3604110942317,1469.267088619578
0,1449.8352050781252,1270.627874133902,1286.0154077386733
0,1356.4514160156252,1166.4338536927798,1223.2378132902104
0,1097.0520019531252,1191.2310388161902,1225.7936797667735
0,1107.4279785156252,1228.1340493410312,1343.8843683755283
0,1086.6760253906252,1026.6782671832332,1046.2396613161395
0,941.4123535156252,1100.4719248420595,991.8760206168357
0,951.7883300781252,1237.339433652099,975.0307775691962
0,1045.1721191406252,900.3190120615473,875.1871832204389
0,993.2922363281252,1025.280325425294,972.987627130267
0,1045.1721191406252,1060.9135311165323,890.0290931718198
0,931.0363769531252,808.6113831289977,791.0403073510074
0,868.7805175781252,909.9172074654983,601.875368195814
0,910.2844238281252,765.0652643712714,691.6910639534962
0,744.2687988281252,787.0536604824971,669.5932501265701
0,816.9006347656252,912.8310189539068,820.5591636743128
0,1003.6682128906252,833.1130958699116,697.0053897627786
0,848.0285644531252,881.9700091961364,504.2140233533173
0,713.1408691406252,951.2449175678119,614.7470997929292
0,910.2844238281252,808.6598316770134,520.4006846373989
0,661.2609863281252,718.6107875488407,599.3484141353092
0,816.9006347656252,676.1244086953981,586.8197595616431
0,723.5168457031252,649.7648407236018,569.3736917089661
0,962.1643066406252,660.9312690607658,516.9818183528112
0,754.6447753906252,876.56726163858,573.4073430458466
0,951.7883300781252,487.38457894724013,584.8005500789671
0,775.3967285156252,738.0521286322648,453.7477840087564
0,702.7648925781252,817.1468564709189,383.4928351327259
0,713.1408691406252,614.1115766582336,469.23466023415324
0,682.0129394531252,668.8329717670828,598.9643933335567
0,765.0207519531252,754.1670806509258,447.02618932184976
0,557.5012207031252,701.2821542799295,447.7889366016491
1,484.86938476562517,953.0479827298293,529.3748783104323
1,692.3889160156252,830.0991755936756,661.3507498307245
1,899.9084472656252,799.1302693609478,693.4446111903051
1,733.8928222656252,1161.7587470169997,830.0528183574885
1,1034.7961425781252,1130.9642790391229,1048.7065782391087
1,1190.4357910156252,1120.0133836183586,1175.8084304128463
1,1200.8117675781252,1275.0096770956286,1132.7811897350805
1,1314.9475097656252,1314.699454238157,1331.3866549476106
0,1335.6994628906252,1249.26414991364,1277.9108207890454
0,1159.3078613281252,1258.53326612441,1120.4718750054847
0,1076.3000488281252,1144.709378570811,1139.4328300615407
0,1117.8039550781252,1122.7506265419834,973.605040386825
0,1065.9240722656252,1235.2761218242765,961.3674326812402
0,827.2766113281252,982.7015910332559,895.3621070580149
0,982.9162597656252,1075.7815418242717,967.0706807631167
0,941.4123535156252,948.0165404286547,904.4213830533212
0,931.0363769531252,970.2777909599126,808.07466401392
0,920.6604003906252,851.8798805766768,752.7545706298998
0,1097.0520019531252,871.3542425406526,781.3873279350178
0,920.6604003906252,1026.2643317306367,776.2332354725321
0,796.1486816406252,876.4033251070492,621.2031642474949
0,785.7727050781252,919.8049256265224,676.2593083482739
0,910.2844238281252,721.4380210877163,764.532490231249
0,806.5246582031252,873.3660445790536,690.015224172656
0,702.7648925781252,863.0065366324313,630.274116884468
0,765.0207519531252,709.765315750406,691.4656801426445
0,848.0285644531252,488.36846180652276,540.2339701725023
0,806.5246582031252,673.8080146435151,578.0386389810867
0,682.0129394531252,613.7267442412066,583.4900306314082
0,692.3889160156252,468.8557776134023,620.5525206915761
0,619.7570800781252,779.4440938842083,526.3899515933234
0,640.5090332031252,619.1898900988494,665.2978091374496
0,868.7805175781252,731.6011724634411,495.6469962944035
0,744.2687988281252,604.820854310281,407.04197038595333
0,692.3889160156252,768.4701711936543,485.7066956807128
0,692.3889160156252,539.1365537847496,430.6840636864596
0,796.1486816406252,561.4862230284174,367.37532952031887
0,599.0051269531252,670.444581355676,402.15043745537923
0,640.5090332031252,538.9365894333641,395.0852553465106
0,765.0207519531252,743.3809176601135,474.280445855686
1,536.7492675781252,748.1166428903838,488.9602467285472
1,910.2844238281252,984.5519766466679,680.2998255664731
1,640.5090332031252,783.3234616509743,794.2458798619116
1,993.2922363281252,792.3675884338768,983.0134852907297
1,920.6604003906252,1020.6195856882337,1074.4067167148
1,1034.7961425781252,1077.8711097693317,1133.6538018853805
1,982.9162597656252,1124.4420950313229,1145.9162896374016
1,1314.9475097656252,1101.4040148902334,1310.6838903022026
0,1242.3156738281252,1092.4675516588643,1162.8612070112144
0,1221.5637207031252,1023.5732995726021,1312.9857999632386
0,920.6604003906252,1222.1544742529343,1132.5547572265789
0,1003.6682128906252,1017.7095562884058,1125.6516259027992
0,1014.0441894531252,1060.2240679196616,1014.1277268031811
0,1014.0441894531252,956.972115803362,1011.9920525159487
0,1014.0441894531252,970.4275140058108,844.3928847415511
0,1128.1799316406252,799.8200039097406,983.3748544911217
0,1034.7961425781252,968.6510631602249,942.9330529326479
0,899.9084472656252,1001.6212316596451,948.5045410518429
0,1128.1799316406252,542.6112816605774,777.1255704102584
0,848.0285644531252,880.046870682525,778.1410819482717
0,879.1564941406252,752.4077195832999,862.574841165887
0,920.6604003906252,796.5033181248494,793.9145815973526
0,868.7805175781252,722.3214897676189,681.962978902775
0,785.7727050781252,652.4477216304433,587.63166404545
0,858.4045410156252,727.3791533878419,577.3403630458416
0,744.2687988281252,645.9754206189356,674.9062657516455
0,941.4123535156252,564.4199508541994,608.8115858529735
0,567.8771972656252,584.0981527893373,765.5356910218775
0,713.1408691406252,729.2269439511515,535.5713327003253
0,723.5168457031252,698.5761608883568,544.3817360855036
0,951.7883300781252,664.7448168190555,595.7976399256328
0,837.6525878906252,737.0641007550926,643.0471238434451
0,682.0129394531252,404.04154329157774,563.855451453412
0,484.86938476562517,479.2058316377651,558.164185252673
0,713.1408691406252,659.362664025765,521.009522503429
0,578.2531738281252,572.847484365002,542.8406190533781
0,889.5324707031252,576.9201307612295,519.7750308016491
0,827.2766113281252,703.5329274973808,547.0518523574957
0,744.2687988281252,518.9408413441549,545.8031436612208
0,775.3967285156252,365.08463671570485,524.6982819345409
1,733.8928222656252,647.2971186647759,586.1989293570746
1,671.6369628906252,911.1647080189717,683.7828076471064
1,848.0285644531252,887.1061454805093,807.0270693012086
1,837.6525878906252,1089.5946183094381,982.3541482886475
1,1086.6760253906252,865.7130342392488,1029.1257095176563
1,982.9162597656252,1000.3422184599932,1091.4442365027364
1,1169.6838378906252,1244.826677973459,1094.4335366745888
1,1076.3000488281252,1397.7210878131857,1269.9028509945813
0,1449.8352050781252,1447.1764440638162,1181.4773562602002
0,1231.9396972656252,1403.7448412352824,1149.072447474618
0,1180.0598144531252,1316.568171473519,1110.620311564294
0,1252.6916503906252,1222.674853702575,1103.4438437810634
0,1117.8039550781252,1270.2927295291347,1077.3388728560985
0,1138.5559082031252,1209.3992798939596,961.871279607279
0,993.2922363281252,1188.240632029636,860.9164903063315
0,910.2844238281252,1023.1914040108068,897.7498090336045
0,962.1643066406252,1056.1685744125957,789.7277233093007
0,868.7805175781252,914.8855831033659,833.416322116726
0,1045.1721191406252,945.4556598407315,897.5127673032813
0,982.9162597656252,805.4175509103147,846.660207620853
0,1014.0441894531252,997.8340158594899,754.449952150891
0,962.1643066406252,813.5809163193063,768.2638201658053
0,816.9006347656252,853.0276989532807,753.4351529966264
0,858.4045410156252,902.1649545615604,768.3123235312257
0,858.4045410156252,675.6230184051268,775.0438678451775
0,723.5168457031252,752.7074003119021,544.1470238035305
0,796.1486816406252,922.0199202732927,626.5431193149947
0,941.4123535156252,799.9436059282666,644.4997743123726
0,640.5090332031252,852.1784854801488,688.7075316979314
0,567.8771972656252,804.631853071523,536.1176102032897
0,796.1486816406252,883.8850594150271,530.2619576318305
0,910.2844238281252,733.452046549881,681.6467072966316
0,713.1408691406252,625.8275471734142,532.1515312920857
0,765.0207519531252,709.4479919970328,442.35329443603285
0,827.2766113281252,697.8802411242592,505.4409480643839
0,640.5090332031252,922.3540752760667,650.6917953587052
0,609.3811035156252,891.7947380129815,496.7862389778009
0,713.1408691406252,725.5642731865112,618.951200690806
0,578.2531738281252,836.2355045642613,618.6652438910808
0,505.62133789062517,817.509451856059,510.74686653166094
0,765.0207519531252,791.8172183712994,501.8868844677011
0,682.0129394531252,747.344169096203,578.1066948622708
0,692.3889160156252,484.50131456553345,459.5528450584089
0,692.3889160156252,606.8390905880376,686.4247310164207
0,702.7648925781252,689.705003612883,585.5061583737324
0,619.7570800781252,605.5814276405084,533.5306660603968
0,547.1252441406252,809.8795683918056,400.9295766911941
0,609.3811035156252,710.746594589655,428.03000371375794
0,702.7648925781252,686.4846518772574,585.7000623669807
0,609.3811035156252,759.6727229067528,498.19593493197186
0,650.8850097656252,671.4099129986053,490.8113268369997
0,443.36547851562517,561.9462967724849,308.49149731115017
0,609.3811035156252,773.3932233764115,545.360897448165
0,619.7570800781252,542.9865351098288,469.9978566550896
0,702.7648925781252,543.3481064272377,398.28856832263045
0,816.9006347656252,677.1189339211984,346.49241954063746
0,505.62133789062517,538.0019686816511,495.3425700633351
0,630.1330566406252,537.151178156352,461.4881613710475
0,484.86938476562517,628.7247694996096,395.76696486214365
0,682.0129394531252,498.2307062826345,477.0123227176258
0,484.86938476562517,595.1827235578306,569.5378313835196
0,630.1330566406252,550.1874408232036,610.8184645251774
0,599.0051269531252,605.1531046801011,460.5934822098568
0,464.11743164062517,525.5546961833954,554.4250940304472
0,682.0129394531252,555.7790627075353,524.7561246234493
0,713.1408691406252,351.1804334140618,653.0833183036486
0,578.2531738281252,540.842677074334,509.5135314694062
0,453.74145507812517,567.0783718891444,563.8997229072463
0,630.1330566406252,593.1327627588684,507.6062233064596
0,547.1252441406252,700.3499431702271,555.9130378607063
0,640.5090332031252,315.12734761260447,507.4482462193141
0,578.2531738281252,621.6697535508799,420.84821573553063
0,536.7492675781252,447.2341211515287,544.784470422246
0,599.0051269531252,607.9636856830914,485.19738140174644
0,547.1252441406252,636.7456029701733,506.9543886874355
0,599.0051269531252,445.9681578691777,655.248127325283
0,515.9973144531252,502.6768849732121,447.91862239200134
0,536.7492675781252,628.7681696924176,782.2721876505162
0,515.9973144531252,656.3706224731756,424.9356814489565
0,640.5090332031252,342.46825756684655,434.39237708162085
0,536.7492675781252,546.8980238949681,333.83388847673314
0,484.86938476562517,479.26091812325944,429.7737669347165
0,609.3811035156252,691.0029747917412,574.1894001845986
0,536.7492675781252,377.92248759882796,513.6641084076078
0,682.0129394531252,547.6222194456137,527.9941529963074
0,567.8771972656252,435.0108254717802,521.4262296161872
0,557.5012207031252,492.03589504256547,575.6859842838309
0,640.5090332031252,404.74149481432255,626.8118620902451
0,702.7648925781252,592.453640809787,711.4874954008737
0,432.98950195312517,446.366614565524,441.64582981178125
0,464.11743164062517,570.2568308141654,505.5990118041023
0,495.24536132812517,599.7364853376588,542.6094305983265
0,557.5012207031252,399.6816026176561,452.5657336197921
0,391.48559570312517,561.3439943789538,460.2129880794145
0,630.1330566406252,457.73204184238284,394.85326399687904
0,505.62133789062517,478.01432433499707,448.69464389900406
0,567.8771972656252,527.1613929341472,456.4884617348218
0,547.1252441406252,439.1028495118578,484.1707023911828
0,640.5090332031252,388.59143370678214,487.92017539470106
0,547.1252441406252,511.558447758491,471.8601983691258
0,547.1252441406252,313.8803203875324,462.44939393339513
0,474.49340820312517,459.29090101607784,358.32000865682124
0,547.1252441406252,407.31556206148815,469.8806982605118
0,360.35766601562517,637.7700954621666,452.64626095238106
0,526.3732910156252,604.1253939097768,423.7539153426445
0,443.36547851562517,502.6330240761995,453.3326880076026
0,464.11743164062517,564.2260266366192,487.3149881399655
0,733.8928222656252,465.77611225789417,433.32443635312865
0,401.86157226562517,579.1445050235563,663.0330621491082
0,422.61352539062517,487.7239588638204,389.7331995329065
0,609.3811035156252,709.5071041220184,491.17398498024033
0,474.49340820312517,479.7682085488907,425.8510375343786
0,567.8771972656252,336.51781652843124,311.7529858499772
0,661.2609863281252,343.06340665232904,457.7205993482783
0,619.7570800781252,529.9973117387214,396.53815898325007
0,515.9973144531252,370.34846802876456,351.5156426589409
0,474.49340820312517,523.194168976612,408.0875950058143
0,609.3811035156252,544.8490385242663,538.3951762345654
0,567.8771972656252,490.47838978442326,559.245961586948
0,464.11743164062517,439.4319257276141,433.38016346153853
0,339.60571289062517,387.48700475213616,340.383135951491
0,567.8771972656252,343.5987536470921,437.7901807976187
0,515.9973144531252,482.5135418830791,332.48171662170853
0,515.9973144531252,430.06579557600253,491.69737297438365
0,671.6369628906252,585.546399674486,518.6594736933014
0,339.60571289062517,578.8299116856031,383.04911779831923
0,578.2531738281252,545.2873224333096,355.36621035869246
0,567.8771972656252,436.7587472110359,444.3453708160784
1,474.49340820312517,597.5484346900065,525.1344328244451
1,754.6447753906252,686.9270179141442,623.8396897081321
1,671.6369628906252,797.4077820669461,900.3376040852809
1,733.8928222656252,1039.157490577372,906.8089816942379
1,848.0285644531252,1022.0806518895018,1108.5033685059161
1,765.0207519531252,1178.6736692949855,1111.5547557726125
1,837.6525878906252,1165.5853960115285,1205.2558388710918
1,858.4045410156252,1230.3739419648452,1382.0059945530238
0,1024.4201660156252,1338.5790159241847,1281.2318933415418
0,951.7883300781252,1465.632316364001,1325.4214972968184
0,910.2844238281252,1146.0238317387182,1182.5876829740666
0,806.5246582031252,1266.6016341527752,1190.4924088140829
0,816.9006347656252,1082.3454274208427,1051.4308142153518
0,879.1564941406252,883.8145858706121,1006.2291335198809
0,713.1408691406252,1024.931164391308,1060.6477313205926
0,848.0285644531252,1053.4870613536782,930.0046879920951
0,848.0285644531252,1057.0344314336082,918.6846406666899
0,702.7648925781252,948.050023817659,887.1034921892813
0,827.2766113281252,1097.7493982051537,859.4126008581293
0,630.1330566406252,919.3859250232504,756.78123313522
0,671.6369628906252,670.6810615797222,831.7306601238491
0,754.6447753906252,707.2048861355689,943.4413125276174
0,692.3889160156252,943.3787692081353,873.8324483051532
0,650.8850097656252,872.0360703140002,804.6493846478877
0,816.9006347656252,780.0238341013846,743.2703537940299
0,848.0285644531252,617.2767098219855,722.3182617418972
0,495.24536132812517,733.1534138748605,792.9716049591742
0,785.7727050781252,697.4807527378672,709.0461111817312
0,578.2531738281252,768.3632986161364,661.3723696752661
0,713.1408691406252,857.9767039258559,623.5205773077976
0,588.6291503906252,884.9981665143433,656.5689725268321
0,536.7492675781252,620.2892627963498,624.3412925748003
0,692.3889160156252,778.9209630828334,650.6854819612975
0,713.1408691406252,567.1621163517127,492.53980964549066
0,858.4045410156252,628.2478513190408,622.8748989729577
0,692.3889160156252,616.5737859471616,406.3454996380093
0,661.2609863281252,780.2803488300948,468.8717334326059
0,702.7648925781252,852.4472781868461,535.3833363366929
0,899.9084472656252,661.6684084337991,578.4042735562168
0,702.7648925781252,588.6020110015639,511.20946574029983
0,505.62133789062517,607.5113515979145,521.994098335007
0,609.3811035156252,561.0552415549162,531.1725420619329
0,630.1330566406252,616.488193415438,458.41752373099115
0,723.5168457031252,637.9459798344305,544.6986070780099
0,630.1330566406252,739.4901061540801,546.2073580444023
0,609.3811035156252,655.1643396121008,556.7779208350853
0,588.6291503906252,519.15363131004,478.7201895599871
0,412.23754882812517,768.4711518121237,467.6553609165459
0,567.8771972656252,666.0980622031728,615.0905974135967
0,630.1330566406252,531.2100018801715,475.0980714068866
0,495.24536132812517,338.1305257630038,490.0212684532625
0,526.3732910156252,671.5894689654858,647.5824286860817
0,650.8850097656252,383.2034517684824,511.61691801066104
0,567.8771972656252,549.6302861828576,540.8796000279261
0,640.5090332031252,610.3820410126835,545.6062540206326
0,474.49340820312517,660.46634998315,550.6700019116957
0,474.49340820312517,579.5897369346696,595.705807287444
0,609.3811035156252,431.9623031405752,684.1018445357998
0,650.8850097656252,601.0874000548777,416.43437755939306
0,713.1408691406252,563.8543793925373,441.0821674299733
0,578.2531738281252,575.396745289885,450.13178236714623
0,567.8771972656252,474.3172512566044,595.1684713686378
0,567.8771972656252,433.55581032302473,409.41470582337956
0,692.3889160156252,692.9229093412216,488.1725478741066
0,754.6447753906252,352.9730113317611,549.2729744158233
0,578.2531738281252,236.35830766577186,522.9454646251245
0,526.3732910156252,541.7723039612877,567.3761837339628
0,588.6291503906252,480.4670674385262,517.2163145351906
0,630.1330566406252,569.5363002313889,562.3661995597794
0,640.5090332031252,570.5627842003818,455.6466970073642
0,381.10961914062517,563.9217764278853,553.1096268727754
0,650.8850097656252,511.775953962775,485.9901706404113
1,422.61352539062517,576.3899086518671,662.240616442586
1,910.2844238281252,766.9494020112745,753.5453733210736
1,723.5168457031252,923.7063027708482,817.7504350749066
1,754.6447753906252,914.1283920305917,981.8902235085551
1,899.9084472656252,1132.505031237747,920.5971763992234
1,1055.5480957031252,1167.7125930709362,1099.394871868098
1,1024.4201660156252,1144.5024072947524,1029.1346876742184
1,982.9162597656252,1376.1926037544233,1182.4799609484965
0,1180.0598144531252,1343.921926395615,1112.2970222390895
0,1097.0520019531252,1398.5416262823544,1120.0748285742955
0,962.1643066406252,1100.752086828275,1151.5709610000927
0,1003.6682128906252,1099.7091095072442,1002.9832675936825
0,941.4123535156252,1093.415731062651,1113.0203845679173
0,1128.1799316406252,1214.7612683297878,902.482507253308
0,920.6604003906252,1104.2706147725494,796.980405696822
0,837.6525878906252,1168.962144949886,906.1103115999084
0,765.0207519531252,1075.0421857241217,809.0991981333071
0,972.5402832031252,892.7425935724489,801.6950943975238
0,982.9162597656252,1092.2396532066368,768.5535412658397
0,858.4045410156252,882.7226789278167,651.678091111534
0,806.5246582031252,1022.6520146437006,705.1183551038445
0,785.7727050781252,906.11234400978,665.6473215979702
0,806.5246582031252,920.7128076689878,689.702004974098
0,785.7727050781252,895.9960679284135,624.0366699169713
0,858.4045410156252,890.9646284110172,694.9473555455937
0,661.2609863281252,682.2521950717502,734.1498307415911
0,879.1564941406252,934.8965710491774,686.7197319593125
0,661.2609863281252,668.6641932283703,642.9702023000904
0,609.3811035156252,814.1580668263259,483.174834932531
0,775.3967285156252,541.2121629712334,506.375400336583
0,837.6525878906252,763.893214204114,455.5728489987172
0,619.7570800781252,837.9183760201514,479.5723291636891
0,754.6447753906252,580.8784491962986,497.74838635358867
0,796.1486816406252,772.1658635305344,604.3459050715456
0,619.7570800781252,642.6220336501968,552.9264216178718
0,661.2609863281252,677.452574470683,556.2938652790663
0,630.1330566406252,717.1482764524285,551.1937777067862
0,630.1330566406252,585.4738334832994,562.3648547167021
0,661.2609863281252,615.8280253340448,585.5829485952602
0,682.0129394531252,589.1145928422832,449.03510478456417
0,578.2531738281252,491.96673894568494,502.76546254516023
0,713.1408691406252,663.3560913085271,590.8491213076325
0,599.0051269531252,287.76740945958085,456.28207472595716
0,910.2844238281252,475.02150980972544,450.3658084508454
0,547.1252441406252,656.2988154823477,442.3817001503911
0,609.3811035156252,455.4010260499986,517.8670501148848
0,599.0051269531252,407.3684792310905,440.9891016507281
0,630.1330566406252,593.4679589075506,505.9727596228064
0,858.4045410156252,325.33756064986017,495.06250869325834
0,640.5090332031252,598.5706025028279,411.83018239493504
0,733.8928222656252,549.7797348241887,516.5673331252065
0,547.1252441406252,550.3726657172332,469.35414017758245
0,609.3811035156252,590.4208035544211,446.438262495159
0,682.0129394531252,494.51236990894347,462.9424397321606
0,702.7648925781252,539.7818097193177,475.786478792956
0,588.6291503906252,425.75787561384,392.5675333116329
0,391.48559570312517,382.0455258015701,572.2262051384121
0,661.2609863281252,453.51895167078015,532.2089549276558
0,682.0129394531252,450.66148669599954,461.87661352800137
0,754.6447753906252,425.83557025276184,643.9964075127031
0,536.7492675781252,453.2723193275265,514.737626699998
0,578.2531738281252,483.5911492861683,410.8178776006512
0,453.74145507812517,574.8655703912319,347.1209451428158
0,474.49340820312517,467.07355419409413,528.1933698116109
0,599.0051269531252,601.27806836305,461.5577865751876
0,443.36547851562517,527.4961574045407,390.92093227468104
0,630.1330566406252,493.73355543949424,475.26756556505813
0,692.3889160156252,508.0993631762346,528.2550147056763
0,515.9973144531252,621.2171486006106,509.0743247061063
0,432.98950195312517,388.3251837868265,395.38318972867603
0,661.2609863281252,705.5363157040097,415.4410936182388
0,682.0129394531252,751.3992189824025,365.1124459043066
0,682.0129394531252,465.1319827579987,321.64170530138426
0,682.0129394531252,599.3200238738427,367.5628855674426
0,505.62133789062517,629.3735929188465,405.95040634471786
0,671.6369628906252,611.8880768127503,388.0767301858666
0,495.24536132812517,584.0261435932139,406.3754569302719
0,578.2531738281252,489.0130890119714,444.67937735100793
0,484.86938476562517,524.0531858960799,524.9945293539145
0,484.86938476562517,680.9296541846428,322.8857379889377
0,578.2531738281252,485.7048583624223,475.0797422110728
0,692.3889160156252,462.24858186935387,430.23451399819174
0,578.2531738281252,523.5199748176452,558.124477191585
0,515.9973144531252,444.09381995520056,442.72031009238566
0,640.5090332031252,443.0919829947605,480.41598841647453
0,619.7570800781252,480.64928103604746,430.8452096122105
0,464.11743164062517,438.8701373391376,459.73775916390804
0,443.36547851562517,418.07026249863605,572.6122916070067
0,567.8771972656252,608.8752757294933,459.915767788455
0,650.8850097656252,587.9449275858889,434.48700217926114
0,443.36547851562517,462.9994100940709,439.1471263353192
0,671.6369628906252,430.8301017879848,420.295720905305
0,474.49340820312517,581.3526075054872,590.1417804168493
0,526.3732910156252,537.3664936696229,380.7701787755602
0,495.24536132812517,731.2697964088964,468.1443458333291
0,547.1252441406252,532.0051367660777,589.4497594133713
0,484.86938476562517,591.0476163648465,514.4190247302816
0,650.8850097656252,592.7338389260659,526.3464152860975
0,484.86938476562517,487.707986082942,511.8112039590402
0,609.3811035156252,385.81951661262707,584.2228150911926
0,495.24536132812517,395.1644707183989,431.69423811039644
0,567.8771972656252,514.7542010843538,508.98741724150887
0,640.5090332031252,603.5537103591328,505.90727201691743
0,484.86938476562517,508.61091321923294,365.0299217327181
0,661.2609863281252,390.1713984450299,505.3739986673613
0,422.61352539062517,570.7378642540385,471.9558819888103
0,536.7492675781252,564.40869347943,509.76306434353245
0,578.2531738281252,584.3915963015943,349.1835201131449
0,484.86938476562517,689.9231417156502,403.83697903491066
0,650.8850097656252,610.6813552711191,454.62842779386375
0,547.1252441406252,515.1533297805261,333.82263728260114
0,630.1330566406252,404.6892796742413,479.94772509555
0,671.6369628906252,381.46755253074286,508.1115928717022
0,682.0129394531252,534.0061822000938,514.5759119498895
0,536.7492675781252,502.57323508466635,453.2734057516873
0,557.5012207031252,615.762312586585,389.5122719838836
0,671.6369628906252,551.2067164385347,384.1374017743505
0,526.3732910156252,612.9838311992715,510.65008237773725
0,453.74145507812517,415.40694344481335,410.3170248122162
0,360.35766601562517,623.399972744718,334.60558262838947
0,692.3889160156252,439.50453203681263,410.95953150792616
0,474.49340820312517,544.1781528365544,552.2524080799162
0,443.36547851562517,456.0706305207333,534.3789172226677
0,474.49340820312517,397.2542962809557,513.3823553898138
0,547.1252441406252,490.7715343091764,493.0521196103139
0,650.8850097656252,368.2686804671364,439.5733572885849
0,578.2531738281252,618.9607439002948,586.6172453544373
0,432.98950195312517,575.1440773296868,470.98718920457446
0,484.86938476562517,499.46653518689186,418.76847562046123
0,588.6291503906252,185.37316067046382,471.14244696451414
0,453.74145507812517,212.60249156811597,421.43587894909956
0,557.5012207031252,360.3310263943323,419.20260707584015
0,339.60571289062517,453.43570194387206,432.72551277866387
0,536.7492675781252,530.2026892990178,416.4703584865367
0,505.62133789062517,199.56371602873705,443.14708982144623
0,401.86157226562517,407.8284363360277,501.497684028775
0,661.2609863281252,356.7530963574489,373.8799389664827
0,557.5012207031252,517.2215326824293,507.8645492868847
0,443.36547851562517,554.6433770713141,509.6992141945906
0,474.49340820312517,498.0959878536485,613.7785928225094
0,464.11743164062517,460.11133448854247,398.2592690073652
0,536.7492675781252,483.3772534120708,515.685134952003
0,381.10961914062517,394.81900391809813,440.39523402686933
0,484.86938476562517,332.0618655087619,544.8318363498867
0,474.49340820312517,437.92186947800946,471.5814102926661
0,526.3732910156252,369.147859014398,585.0512557805271
0,453.74145507812517,472.0658035394671,332.2093905124454
0,526.3732910156252,464.6161908435498,442.502131601941
0,526.3732910156252,356.3462909623476,544.5295515814553
0,505.62133789062517,472.8610224552096,473.0530718535638
0,619.7570800781252,336.5482419605549,384.0372536841801
0,536.7492675781252,283.7980884931576,378.34414842572465
0,474.49340820312517,441.13064779029486,456.4188112730397
0,495.24536132812517,489.32722847836385,476.37885149427666
0,588.6291503906252,536.0277152370527,542.4702922096892
0,650.8850097656252,522.5023645007425,581.4603800350721
0,619.7570800781252,341.2015378093115,412.85567675383624
0,526.3732910156252,429.64642057262796,443.4110042184593
0,619.7570800781252,477.4888485388762,524.1247665367591
0,536.7492675781252,318.303804553573,467.92583687341033
0,733.8928222656252,433.46787783884315,505.3243378990735
0,754.6447753906252,435.4422076953896,409.73160803431824
0,453.74145507812517,414.8769787751594,544.7720408434029
0,526.3732910156252,491.29967241776495,453.99822280696065
0,588.6291503906252,371.3593368037095,648.8118565726403
0,557.5012207031252,656.809927489562,484.1785215852493
0,547.1252441406252,584.0442327399618,539.788132836853
0,484.86938476562517,483.12809732597583,537.3079764302022
0,215.0939941406252,602.6266505205223,608.9309641589708
0,432.98950195312517,433.84423563813795,444.031129385089
0,588.6291503906252,393.5177939101002,546.4160470849163
0,536.7492675781252,428.47137199872657,487.4492366914979
0,661.2609863281252,608.9195680848716,440.0429381716185
0,536.7492675781252,378.4644072872195,449.9779423947503
0,630.1330566406252,452.2820565091516,498.6343855666299
0,401.86157226562517,523.4006237586495,415.97461943249976
1,547.1252441406252,657.4989056056856,584.6050993262908
1,858.4045410156252,599.0359799332548,730.4021484978314
1,650.8850097656252,636.3448966706769,885.025680836813
1,765.0207519531252,1019.937177168995,796.8328424278033
1,775.3967285156252,803.1981990255579,854.6470155542039
1,1097.0520019531252,866.8255881019446,1011.115347998153
1,899.9084472656252,1113.1942349252015,1036.1091858492657
1,806.5246582031252,1083.2327434135939,1071.8704926846237
0,879.1564941406252,1150.6752151947726,1083.5216475874895
0,910.2844238281252,1133.5673973973314,1084.1313121956052
0,910.2844238281252,1104.6664811954483,953.9478721218076
0,599.0051269531252,1037.335812697293,1071.295746573703
0,858.4045410156252,925.5213644471482,916.1343690638275
0,858.4045410156252,927.6650267575745,888.3052656191372
0,806.5246582031252,774.0045407866056,734.8825797503565
0,816.9006347656252,984.0344987985583,738.40241654136
0,879.1564941406252,718.9657684168105,771.3854863951692
0,941.4123535156252,691.3612740919853,724.3002124554165
0,879.1564941406252,899.4119244835708,576.6670975653518
0,723.5168457031252,695.8988372755773,740.53936408198
0,578.2531738281252,861.7447424860468,592.4162203209794
0,484.86938476562517,868.2741143861781,718.6932950824032
0,1003.6682128906252,777.9201405708358,710.1636623609306
0,796.1486816406252,680.9625331472068,445.77120443395995
0,536.7492675781252,651.268238704874,700.5691348311615
0,567.8771972656252,722.2891604929346,531.0540071391692
0,775.3967285156252,800.6316809059938,506.81803996828745
0,599.0051269531252,718.9387593312405,507.9141679586779
0,796.1486816406252,682.0350497126525,541.6687121822968
0,505.62133789062517,618.6939607410624,412.488673966731
0,661.2609863281252,760.416389892276,558.3166162290577
0,578.2531738281252,646.925537853194,573.7614732050378
0,557.5012207031252,673.5582487678492,401.7992727888918
0,547.1252441406252,574.6065121004442,463.03746267604197
0,702.7648925781252,565.2153832958913,441.52992724697754
0,464.11743164062517,680.2519684658561,487.97104957923483
0,650.8850097656252,592.5208629537017,397.2650221581569
0,682.0129394531252,641.2677450312923,331.57878720104895
0,692.3889160156252,591.7661747575173,373.6625861054423
0,536.7492675781252,638.5343644003676,438.57330367914835
0,515.9973144531252,710.491206983165,309.09669140298274
0,588.6291503906252,607.8667786330717,436.7797269488378
0,557.5012207031252,451.31966328776565,413.93351414372955
0,713.1408691406252,541.2293615450297,530.9385127245646
0,702.7648925781252,326.91263438431184,478.6760046975104
0,526.3732910156252,679.0465096673107,506.2970622063108
0,474.49340820312517,668.0395478694369,588.687340746364
0,547.1252441406252,612.3366740145314,465.832831460606
0,702.7648925781252,531.2118970980107,400.1971666280401
0,765.0207519531252,623.0669946239054,305.7884835793203
0,536.7492675781252,565.0580448948859,345.8526964265922
0,484.86938476562517,507.4845104171031,426.6917185059609
0,557.5012207031252,497.03241198835747,441.14828786360704
0,609.3811035156252,592.3547558497327,357.9996513696159
0,495.24536132812517,539.2226377498581,489.1198000480172
0,578.2531738281252,589.472226917606,447.0065711580123
0,619.7570800781252,660.9638482471885,390.17395234451766
0,619.7570800781252,531.2341224053522,450.9346526895182
0,464.11743164062517,602.7578051375845,373.71182605092275
0,453.74145507812517,601.4592614181844,489.60223878729005
0,661.2609863281252,539.7782281368094,393.764220559101
0,484.86938476562517,464.994624575956,346.39410465894605
0,370.73364257812517,580.761608125955,430.60403952360116
0,557.5012207031252,462.6647835054313,394.024442264466
0,619.7570800781252,582.8178790442155,430.5158692569398
0,474.49340820312517,673.4751618004636,359.889937803935
0,609.3811035156252,530.9672027068151,389.70141105161866
0,474.49340820312517,609.9304154025714,342.09881496685557
0,599.0051269531252,585.802810723183,470.87400717856866
0,796.1486816406252,449.22171013978186,422.73488519640847
0,578.2531738281252,567.5692227730397,413.4069863608117
0,474.49340820312517,674.3786215724169,456.7071431838264
0,650.8850097656252,546.2674139848011,357.12571657867704
0,453.74145507812517,774.6914577530667,556.563584505162
0,650.8850097656252,532.9692803171062,436.86353029843644
0,505.62133789062517,426.81286578838456,551.4315167681192
0,391.48559570312517,663.6078685087589,542.356943261603
0,474.49340820312517,507.52905296587755,409.7833748902044
0,640.5090332031252,603.3344696426232,355.41188897186913
0,619.7570800781252,510.93049113446386,577.1835158131183
0,547.1252441406252,606.937206414532,369.8022807502682
0,557.5012207031252,573.3557635777381,422.2887239896704
0,422.61352539062517,518.9825920312511,518.3924610851775
0,650.8850097656252,465.1055939119779,324.23824467797243
0,495.24536132812517,631.745776807045,391.9567801391677
0,432.98950195312517,525.4969829434833,584.2863679218246
0,733.8928222656252,410.4701178108088,477.3278625419988
0,557.5012207031252,550.7276002782978,440.516664847993
0,650.8850097656252,356.79045084816767,510.5990502013074
0,381.10961914062517,539.4254671500565,330.06928963721487
0,484.86938476562517,521.3447718853567,401.193963531291
0,453.74145507812517,429.5675177816929,310.5135540432268
0,557.5012207031252,648.8132559678744,493.8972249411496
0,650.8850097656252,495.81356757113184,481.91773938162555
0,692.3889160156252,676.3090004909948,348.36741632287243
0,453.74145507812517,502.3079997045253,471.1167455705833
0,526.3732910156252,553.5367212401827,436.3935317152857
0,401.86157226562517,503.839688984756,397.63369337301293
0,339.60571289062517,628.816109550752,539.4886355377159
0,526.3732910156252,474.87712926681735,584.0814213701487
0,671.6369628906252,545.755577722352,577.9456311925416
0,588.6291503906252,639.6195680696012,436.71005728724055
0,495.24536132812517,640.4302231755685,517.5012081776956
0,671.6369628906252,625.1093342537073,453.5740789070012
0,484.86938476562517,629.1850292456625,325.2565800319646
0,474.49340820312517,539.586469872666,530.076591731118
0,495.24536132812517,527.3599730189449,430.83688691019137
0,370.73364257812517,657.1605840941104,428.5928579090799
0,515.9973144531252,229.83305639119146,554.7092280086353
0,526.3732910156252,475.2808236348228,457.61735107981116
0,609.3811035156252,646.316286077865,439.87621097821113
0,536.7492675781252,681.9137019358229,522.0348176141144
0,557.5012207031252,733.4235090489981,468.65843339278354
0,495.24536132812517,462.47707813724355,377.371593666536
0,484.86938476562517,459.2482517082682,428.75991646540643
0,619.7570800781252,471.0292608034322,265.7695920807622
0,484.86938476562517,644.2852836118643,369.6325347526014
0,443.36547851562517,536.2181704015441,393.1688595523929
0,536.7492675781252,668.869251526475,512.1919051914554
0,412.23754882812517,610.4000583522318,509.55870295134827
0,547.1252441406252,738.6114086406591,419.7330405398195
0,484.86938476562517,571.7146201910887,378.3554995708456
0,381.10961914062517,543.6265461929977,440.67560489349717
0,578.2531738281252,361.62505211589473,435.7573641352022
0,329.22973632812517,472.1086382019458,462.9763388166557
0,578.2531738281252,334.97116945367543,485.0725122627266
0,443.36547851562517,416.7190097577096,305.2116461573614
0,443.36547851562517,474.7079450212967,408.48504464891477
0,235.8459472656252,523.4013132601337,473.77945735303507
0,453.74145507812517,451.57667038968447,408.31041862494675
0,432.98950195312517,719.682920672004,482.36600659909016
0,661.2609863281252,536.8453803916905,456.88895586655025
0,526.3732910156252,646.2340173668027,364.17746697063427
0,360.35766601562517,610.5390055399658,471.03454243608616
0,453.74145507812517,544.8281029640092,386.831539884372
0,443.36547851562517,521.0362752268192,445.8476487174764
0,495.24536132812517,476.3927408470281,431.4256321340011
0,567.8771972656252,697.0993900159007,535.7541827642018
0,578.2531738281252,383.1980009458616,422.3034217813707
0,391.48559570312517,519.969987336912,563.1009406427122
0,640.5090332031252,526.5086641003011,376.9441162406009
0,536.7492675781252,547.142222946131,361.64984229847283
0,349.98168945312517,568.253726422726,484.43581971213365
0,401.86157226562517,584.4949822004139,613.0546210158899
0,443.36547851562517,571.5626968808253,362.4761321580136
0,536.7492675781252,364.7321368864481,362.5175444735538
0,422.61352539062517,547.2013798774905,516.9900397065949
0,443.36547851562517,373.4723029296524,433.2425614607348
0,640.5090332031252,505.8513670993076,396.0264240274014
0,474.49340820312517,570.8970838851177,520.1166448762629
0,578.2531738281252,570.6829177660929,515.3783959710314
0,432.98950195312517,581.5424804025752,433.6664635091864
0,619.7570800781252,416.9902187140097,560.4343607120385
0,422.61352539062517,357.5170614453974,418.7975044664969
0,495.24536132812517,661.0701553849751,543.9608562303815
0,453.74145507812517,484.24418253900996,399.0851758182216
0,474.49340820312517,582.6730762814293,492.1011783225831
0,412.23754882812517,368.34394491251305,306.290527911945
0,505.62133789062517,536.1210617328106,499.80752769493904
0,526.3732910156252,624.3679194574324,455.1991366223249
0,443.36547851562517,535.3171652884344,360.2912006983173
0,682.0129394531252,500.0254427094893,422.35472355163364
0,588.6291503906252,572.0663331925482,387.5170309024199
0,754.6447753906252,561.0372002285967,544.4884787050298
0,609.3811035156252,455.38111161877345,372.19348968998725
0,443.36547851562517,179.183516446057,468.0883848340239
0,526.3732910156252,383.61271888120194,415.7634722586464
0,484.86938476562517,695.7957965467739,453.3898594492482
0,630.1330566406252,450.2248811051148,296.1180695940732
0,381.10961914062517,468.3163581709283,562.3175445044653
0,567.8771972656252,478.96805080942477,432.17674759015006
0,464.11743164062517,568.9241100651648,274.7133273563662
0,588.6291503906252,516.818648614855,374.7765671097436
0,329.22973632812517,552.0960898982871,419.0432111800033
0,557.5012207031252,814.9667707696533,266.769952449442
0,277.34985351562517,638.3199876315708,421.6629140640327
1,308.47778320312517,680.1077977834577,452.31972480999747
1,713.1408691406252,727.2978549044878,655.9065155022407
1,744.2687988281252,969.0296318539467,726.2885443035857
1,879.1564941406252,954.1153646036609,855.6788530265198
1,661.2609863281252,1189.4977544869694,1114.566656485936
1,765.0207519531252,1014.3937751264831,1074.8225812678581
1,796.1486816406252,1155.7466715608116,964.668408124962
1,910.2844238281252,1213.641870712319,1226.2365871742643
1,744.2687988281252,1229.7793333783284,1285.0452461982836
1,1180.0598144531252,1613.5233945768143,1269.8240001377749
1,982.9162597656252,1452.517638040549,1431.7501148188148
1,1387.5793457031252,1522.2830837507813,1432.8073692458336
1,1190.4357910156252,1712.4511460657611,1653.3237345141877
1,1273.4436035156252,1533.0811495492399,1515.1151470510406
1,1314.9475097656252,1909.326968747668,1572.945598998255
1,1418.7072753906252,1705.1456664086008,1623.5061267919734
1,1449.8352050781252,1785.4001194281386,1631.5876640982694
1,1460.2111816406252,1782.7528216127616,1539.982325221667
1,1698.8586425781252,1716.0022252339782,1747.3976940836383
1,1781.8664550781252,1719.7934678507684,1700.5783068011474
1,1709.2346191406252,1778.9516560650434,1734.4398382200634
1,1667.7307128906252,1919.5916189903446,1752.4995768923561
1,1719.6105957031252,1831.2866091499552,1816.7780015925548
1,1646.9787597656252,2036.055868900347,1774.7074395923632
1,2051.641845703125,1873.3078176424895,1899.2967883698548
1,1802.6184082031252,1511.8112459142583,1781.9261200799833
1,1989.3859863281252,1882.9299450038911,1773.4000852458455
1,2082.769775390625,1962.3597274064907,1966.7684872676894
1,2093.145751953125,2135.058268580965,1825.6506018029318
1,2145.025634765625,1837.5228232872805,2070.338041048246
1,2030.8898925781252,1891.45812886888,2046.3398337359663
1,2321.417236328125,2086.4342381826223,1916.451152321161
1,2321.417236328125,2101.303665638495,2069.459333506298
1,2196.905517578125,2098.5159451475392,2012.3434426725426
1,2145.025634765625,2115.8153608367525,2102.446964854505
1,2051.641845703125,2161.8546552320904,2022.636112226759
1,1916.7541503906252,2117.0863374625915,2147.7075615316726
1,2217.657470703125,2097.951325302213,2138.9892650579363
1,2124.273681640625,2142.5165069675313,2077.951738258987
1,2228.033447265625,2298.5446011431254,2121.683344181335
1,2300.665283203125,2108.8942874100294,2156.818912726449
1,2165.777587890625,2083.6475402430033,2137.4670980434316
1,2082.769775390625,2149.7649382518325,1996.2868444845785
1,2041.2658691406252,2223.9990293624946,2104.245407847821
1,2155.401611328125,2348.688656244976,2146.9782400042004
1,2248.785400390625,2174.6978469422784,2119.876806160054
1,2228.033447265625,2097.1042118010128,2234.1753437352354
1,2331.793212890625,2239.916410958859,2168.3693050238767
1,2176.153564453125,2184.9092496467274,2100.033259465544
1,2383.673095703125,2107.278108413566,2188.85352512773
1,2290.289306640625,1848.3705031817426,2177.4941452784387
1,2238.409423828125,2226.1286905478705,2274.632607468678
1,2186.529541015625,2103.9133818473124,2272.4588414025334
1,2466.680908203125,1992.0725476235148,2173.338219990433
1,2155.401611328125,2155.0569334456763,2231.2857731509516
1,2279.913330078125,2024.9706197314017,2319.0975650762966
1,2082.769775390625,1933.0462889560852,2269.0597494871176
1,2124.273681640625,1985.0791292001593,2088.1583621226932
1,2072.393798828125,2228.312825749953,2219.6485167816104
1,2217.657470703125,1949.8908735236632,2224.5036337811816
1,2145.025634765625,2162.283265554685,2243.0546755199675
1,2414.801025390625,2027.0323954328237,2072.3759983228188
1,2259.161376953125,2176.737676276663,2247.0219746326097
1,2248.785400390625,2351.772763772798,2164.3555737665833
1,2238.409423828125,2059.558135353406,2319.2527532499635
1,2477.056884765625,2267.580615338505,2286.48574050426
1,2051.641845703125,2075.589837386104,2309.0657766906343
1,2155.401611328125,2268.864575669666,2047.5627977110466
1,2248.785400390625,2339.2166259739183,2175.6400919044277
1,2228.033447265625,2048.5495945352045,2094.385828081075
1,2134.649658203125,2173.573280270583,2035.2471048597895
1,2342.169189453125,2124.8166795987327,1981.0942692936158
1,2477.056884765625,2217.4065372178748,2062.442578282554
1,2145.025634765625,2187.7196777246404,2047.6592162571524
1,2404.425048828125,2249.366957807965,2119.622088454635
1,2279.913330078125,2179.829679148902,2144.5427038976454
1,2373.297119140625,2297.54743837601,2067.6593740902763
1,2383.673095703125,2258.4388514991724,1972.8229336818888
1,2342.169189453125,2329.753723286133,1966.379950368814
1,2456.304931640625,2310.1358507098344,2016.5621607833405
1,2342.169189453125,2489.4490603569097,1989.712957713384
1,2321.417236328125,2405.827454349632,2027.0140056442222
1,2445.928955078125,2283.547193743507,2137.1541335312704
1,2456.304931640625,2451.2958309762894,1928.3941248047565
1,2311.041259765625,2108.5267975454462,1969.4407042957148
1,2445.928955078125,2343.788055348454,1874.3086787437658
1,2383.673095703125,2299.962816118152,2050.872185385316
1,2342.169189453125,2332.1646155486774,2024.9557983039665
1,2082.769775390625,2122.3795291755773,1969.7689912271496
1,2228.033447265625,2360.226501564271,1967.5844501803233
1,2155.401611328125,2446.9050379324817,2136.9202299749113
1,2124.273681640625,2189.707907543493,1898.6928936002219
1,2145.025634765625,2490.6305666190556,1990.6593049220737
1,2259.161376953125,2168.79416361153,2037.9633351145203
1,2331.793212890625,2259.378537858937,1995.5763644523288
1,2238.409423828125,2242.1589128504847,2013.0829890574253
1,2145.025634765625,2024.1290968284047,1898.0709943097197
1,2155.401611328125,2148.062784641054,1968.3244128078402
1,2342.169189453125,2164.787595506999,2032.759462847271
1,2186.529541015625,2263.0465087240773,1945.8465671949166
1,2217.657470703125,2104.7156386326637,1948.2180135133804
1,2176.153564453125,2120.231809565907,1923.372097564983
1,2373.297119140625,2231.241659977572,2133.459969392322
1,2207.281494140625,2344.8192527785645,2033.0798596962004
1,2248.785400390625,2036.266202307571,2077.1501414963927
1,2362.921142578125,2215.2288974658986,2168.256400630159
1,2269.537353515625,2270.538384925738,1957.9485573139193
1,2300.665283203125,2276.2912177647463,2139.328275582631
1,2176.153564453125,2326.5303846781867,2083.8259125085206
1,2259.161376953125,2413.435967160627,2031.9839611731054
1,2155.401611328125,2196.141139470166,2158.596744415392
1,2010.1379394531252,2289.8693273557496,2083.160173184113
1,2279.913330078125,2121.6424578311476,2226.8147465206057
1,2311.041259765625,2354.9097885811443,2112.657788646147
1,2362.921142578125,2216.784733299754,2098.2424012916986
1,2383.673095703125,2338.945126258221,2209.462281241311
1,2435.552978515625,2453.6672311752122,2058.4339899069764
1,2228.033447265625,2255.5668602638784,2051.1339236595486
1,2362.921142578125,2217.591934891154,2091.5834816459655
1,2155.401611328125,2108.1804405866346,2108.2365849019347
1,2082.769775390625,2527.7037160115556,2056.740891525273
1,2269.537353515625,2252.934873444288,2104.3999682457566
1,2248.785400390625,2048.7253254207035,2184.521158939211
1,2331.793212890625,2132.9163450013,2103.3588462196876
1,2269.537353515625,2250.021647584221,2143.2033577202797
1,2238.409423828125,2090.810617053066,2153.7802283584674
1,2248.785400390625,2259.4871176514002,2149.371283207488
1,2238.409423828125,2393.1201504511855,2193.1295673461755
1,2165.777587890625,2173.662482566335,2093.6983366641425
1,2093.145751953125,2133.0200903728346,2001.6586752042772
1,1999.7619628906252,2252.4678447010288,1990.2707771097005
1,2145.025634765625,2115.352247624778,2120.3927668173205
1,2103.521728515625,2232.105589452448,2007.2831072636445
1,2072.393798828125,2300.4385995628177,2079.227176508761
1,2352.545166015625,2202.768438395361,1999.0933686106803
1,2020.5139160156252,2142.0811484859523,2018.8137610348285
1,2394.049072265625,2187.8700481851197,2125.69928297773
1,2248.785400390625,2062.9124595187736,1975.824186409052
1,2342.169189453125,2155.4718834138807,2151.711787887361
1,2165.777587890625,2234.9752115751194,2033.4742318969413
1,2300.665283203125,2325.3348271086115,2163.8812202588188
1,1999.7619628906252,2373.3633483673134,2057.2959245058964
1,2186.529541015625,2187.1844823718066,2074.9334828994947
1,2269.537353515625,2404.2775465375375,2070.344686791034
1,2300.665283203125,2387.4625103176063,2138.5288165687
1,2020.5139160156252,2114.442854249598,2041.8080788797008
1,2248.785400390625,2261.022455991337,1835.2823818395907
1,2217.657470703125,2300.9953108628047,1964.5521669199718
1,2331.793212890625,2257.4554379713286,2070.6898625255176
1,2103.521728515625,2289.673469273481,1953.2616268497568
1,2217.657470703125,2422.606502140143,1942.9317811878514
1,2269.537353515625,2363.427970998948,1951.7668540306972
1,2321.417236328125,2213.2772733624574,1974.0194677051493
1,2331.793212890625,2361.1722869997716,2030.0169046565
1,2331.793212890625,2347.5217367295345,1904.764083875776
1,2414.801025390625,2410.7161754432927,2023.1776562429393
1,2290.289306640625,2411.6373862519326,1930.6193594632512
1,2290.289306640625,2297.2093933309916,2102.500015389821
1,2394.049072265625,2454.607761646006,1973.200614790673
1,2248.785400390625,2272.7776853692267,2038.3300638216585
1,2362.921142578125,2410.5725539149216,2116.0343404677965
1,2290.289306640625,2487.756843897176,2030.0175624575281
1,2062.017822265625,2216.2934652907384,2121.784628907313
1,2207.281494140625,2296.2615122185107,2173.322829624919
1,2228.033447265625,2392.753433748353,2152.3883927930888
1,2477.056884765625,2431.7424315791513,2053.8943632325377
1,2373.297119140625,2395.7916021197666,1845.7824260131183
1,2300.665283203125,2347.9254623918764,2109.977468929959
1,2425.177001953125,2405.4196693323975,1926.7808632045464
1,2456.304931640625,2230.8933457230864,1932.534656930666
1,2186.529541015625,2516.9750662156525,1968.8801005693842
1,2321.417236328125,2226.523631695521,1806.1261913263863
1,2238.409423828125,2097.8879653264476,1856.9522505742284
1,2352.545166015625,2289.1799880668605,1959.9625018643592
1,2051.641845703125,2542.133240498619,1890.2245664227398
1,2269.537353515625,2355.112192154186,2015.0918867811972
1,2113.897705078125,2327.49604426117,1918.4550692461903
1,2155.401611328125,2543.3533707136526,2037.2514644445573
1,2113.897705078125,2333.848526305559,1976.575141534519
1,2207.281494140625,2393.132084467047,1972.6003895000024
1,2228.033447265625,2495.8618961566153,2005.8774248599116
1,2196.905517578125,2631.5459027471497,1871.8192729676189
1,2051.641845703125,2492.3542473359475,1990.0479725635053
1,1989.3859863281252,2500.6791526710126,1996.2348487569468
0,2030.8898925781252,2449.3721992046644,1939.9056769719461
0,1989.3859863281252,2165.8063821195024,1744.2878392809182
0,1906.3781738281252,2284.6590652523164,1669.9879097613164
0,1802.6184082031252,2107.3031750168093,1468.9520808124055
0,1740.3625488281252,1925.9294995561465,1396.1830581875486
0,1688.4826660156252,1692.3718528500385,1364.8778101633757
0,1595.0988769531252,1876.8883061597116,1274.552855043581
0,1470.5871582031252,1701.1377205007082,1192.2771454319377
1,1470.5871582031252,1670.0881302890048,1219.5998901145192
1,1325.3234863281252,1664.0167231466266,1347.7544280049042
1,1470.5871582031252,1752.2946242524083,1350.4504184086873
1,1553.5949707031252,1907.216776113253,1547.6730867951605
1,1678.1066894531252,1846.1398469090545,1505.3036209291604
1,1802.6184082031252,1955.7657917352576,1481.3553664344022
1,2051.641845703125,2058.9675313063694,1475.7219820604932
1,1646.9787597656252,2095.273287454013,1641.9278916605099
1,1906.3781738281252,1964.624500705201,1635.9747410092193
1,1864.8742675781252,2087.645649985774,1730.876791048648
1,1999.7619628906252,2286.9143517661414,1597.3562114188737
1,2062.017822265625,2098.456394109772,1642.7962100897348
1,2124.273681640625,1992.8605310482512,1744.2530580485645
1,2155.401611328125,2141.312233881834,1811.8692496277724
1,2103.521728515625,2016.4927045472548,1697.7690876505349
1,2414.801025390625,2220.333688229987,1844.9029335091925
1,2217.657470703125,2340.7541592553544,1882.2325165442312
1,2145.025634765625,2061.4581613114,1797.109059910972
1,2290.289306640625,2294.8710240020987,1808.1625684701178
1,2373.297119140625,2253.878184845323,1874.070781200728
1,2269.537353515625,2402.1508814349577,1901.4064854575681
1,2435.552978515625,2184.5274919571143,1994.989288568803
1,2445.928955078125,2284.941697306372,1889.0667053972609
1,2248.785400390625,2245.699778613533,1952.2726440000297
1,2238.409423828125,2286.4014468351616,1862.1664303657376
1,2290.289306640625,2299.800972652384,1904.5901012932131
1,2228.033447265625,2070.327628727077,1987.19817282736
1,2103.521728515625,2354.112436017901,2030.3603280121104
1,2207.281494140625,2101.907751646614,1951.0079823052622
1,2165.777587890625,2036.635301247919,2016.2972221234677
1,2155.401611328125,2213.3597749088226,2008.5213543550854
1,2248.785400390625,2166.238799301276,2134.022698250583
1,2238.409423828125,2341.204606728187,2171.091315194296
1,2176.153564453125,2308.021947412159,2059.245318761793
1,2477.056884765625,2171.4768513850117,2196.5858258882718
1,2362.921142578125,2293.1872408670074,2103.1614108204417
1,2311.041259765625,2508.4536249860807,2146.5497630745376
1,2124.273681640625,2129.991351612826,2042.0122234606822
1,2404.425048828125,2245.731698724007,2118.267452735033
1,2300.665283203125,2199.6663009195645,2115.84760759498
1,2207.281494140625,2312.342796841334,2165.763273741098
1,2134.649658203125,2094.2409228026872,2218.0329353784123
1,2269.537353515625,2204.012787136704,2253.971541420228
1,2300.665283203125,2321.5760761249676,2210.314535492342
1,2165.777587890625,2225.149630452299,2297.109381963042
1,2311.041259765625,2345.228684755307,2200.4115508271916
1,2176.153564453125,2362.5734520268943,2426.649468027206
1,2196.905517578125,2214.5469439203075,2264.412261880365
1,2103.521728515625,2270.4655778347374,2284.400901147814
1,2165.777587890625,2129.147464022414,2187.1410902070133
1,2352.545166015625,2153.2105125557987,2122.8256806835207
1,2290.289306640625,2110.8781993093307,2138.2925734947653
1,2259.161376953125,2304.881545823587,2224.7888574072103
1,2331.793212890625,2320.270780886409,2085.9853310402837
1,2300.665283203125,2262.5430388238,2122.8950240549866
1,2331.793212890625,2209.761505389211,2201.358212055202
1,2248.785400390625,2318.1386257551817,2239.4411263801926
1,2072.393798828125,2273.8806515704514,2277.997509038135
1,2113.897705078125,2305.514650727668,2207.0002103279885
1,2155.401611328125,2239.8088129728285,2233.235207368438
1,2207.281494140625,2208.925374267118,2267.2928749848697
1,2103.521728515625,2270.671067926721,2254.203039574876
1,2134.649658203125,2492.5294715554755,2201.567017508268
1,2383.673095703125,2195.415211646155,2233.2931978775946
1,2269.537353515625,2205.817638132146,2213.959789369455
1,2228.033447265625,2370.0275317793707,2045.2156379107596
1,2290.289306640625,2089.8585757597325,1964.1840879742995
1,2217.657470703125,2069.223033841213,2030.8863630020937
1,2279.913330078125,2216.699071255403,2077.406166132873
1,2425.177001953125,2169.2610308776693,2121.996163358493
1,2124.273681640625,2254.353164820611,2113.0985872247165
1,2435.552978515625,2362.20680811431,2085.450746029652
1,2352.545166015625,2279.4358331109493,2237.835378728577
1,2342.169189453125,2043.7827493990567,2145.068223252159
1,2404.425048828125,2377.8660532389226,2112.3226397730623
1,2238.409423828125,2187.1041399027085,2265.1432347468603
1,2269.537353515625,2092.9171389796916,2074.038943703523
1,2217.657470703125,2169.6084536896115,2316.0341129864055
1,2269.537353515625,2208.7051808833976,2408.8612812735473
1,2352.545166015625,2260.750969637008,2346.038366172834
1,2300.665283203125,2104.6229537449003,2206.1484595519023
1,2279.913330078125,2028.079397585276,2127.9819546196254
1,2155.401611328125,2177.012806954221,2165.044726565152
1,2145.025634765625,2162.9077441775594,2392.0225450077573
1,2176.153564453125,2129.074966968729,2125.5984956027955
1,2186.529541015625,2255.5300264777525,1989.050770686075
1,2238.409423828125,2237.9158543212584,2136.8798965105984
1,2051.641845703125,2459.4364955968495,2126.3436652212276
1,2321.417236328125,2248.069711011366,2106.7841371680074
1,2342.169189453125,2365.314975788732,2057.677730482881
1,2062.017822265625,2380.688351844874,1975.8499172469835
1,2103.521728515625,2344.597413715366,2228.365142678731
1,1927.1301269531252,2283.0721335815642,2083.373254209285
1,2549.688720703125,2463.139291687333,2190.832974094156
1,2134.649658203125,2208.1751560339317,2218.8275939200075
1,2290.289306640625,2326.9883406269323,2203.280706276793
1,2362.921142578125,2260.473691550468,2166.0206500370577
1,2259.161376953125,2322.8271325657806,2247.4718061778817
1,2466.680908203125,2307.326204044014,2306.82967726529
1,2269.537353515625,2033.5308560492635,2273.4701417298093
1,2445.928955078125,2339.8225599457583,2381.5065231834183
1,2269.537353515625,2165.705107760125,2281.120545735811
1,2051.641845703125,1999.6337572931,2201.823996517073
1,2373.297119140625,2360.224732354541,2331.2921564567264
1,2269.537353515625,2317.5152229261084,2240.6562808423246
1,2051.641845703125,2080.6675295663167,2189.3856114153
1,2342.169189453125,2409.9114737172667,2284.4568444544084
1,2404.425048828125,2466.320460771284,2362.8423676772786
1,2331.793212890625,2477.3132211255534,2264.0199332607426
1,2259.161376953125,2251.8384076978386,2242.808439435895
1,2321.417236328125,2302.585795252021,2273.146618564357
1,2259.161376953125,2220.4176091709087,2332.9442900222934
1,2373.297119140625,2417.1109295242222,2238.2689094195075
1,2248.785400390625,2458.9348800531866,2216.234669095159
1,2155.401611328125,2502.979077894609,2102.5197597783304
1,2176.153564453125,2427.885553684108,2152.3408975443067
1,2082.769775390625,2322.9950219165435,2122.072679350457
1,2269.537353515625,2498.760340126832,2228.88955542162
1,1947.8820800781252,2507.190122503208,2143.4751088393223
1,2342.169189453125,2537.264008364908,2030.006021634139
1,2269.537353515625,2192.037758234377,2003.7569443089772
1,2248.785400390625,2370.029697701476,2079.309720614657
1,2259.161376953125,2501.7757210012114,2007.6784785352932
1,2228.033447265625,2299.3331766349074,2012.6012021347092
1,2383.673095703125,2317.4817292400076,2007.5713247987585
1,2176.153564453125,2186.051979814311,2074.267036423525
1,2466.680908203125,2367.685344311378,2119.699697986998
1,2176.153564453125,2282.5338370447926,2098.488792402263
0,2290.289306640625,2095.8958448980648,2025.8293491584461
0,2103.521728515625,2269.871796839126,1856.6898111220798
0,2041.2658691406252,1904.426860625649,1758.6840540859253
0,1927.1301269531252,1887.1711891545913,1719.2791867699796
0,1812.9943847656252,1784.7150322316093,1782.7826525415574
0,1480.9631347656252,1680.388875807613,1679.1577407619009
0,1470.5871582031252,1759.5960117299849,1541.4983726738922
0,1418.7072753906252,1410.4826149748958,1256.5661998064488
1,1273.4436035156252,1475.7739861131845,1325.4133154566905
1,1491.3391113281252,1602.2340833720614,1311.0625281057703
1,1418.7072753906252,1636.3008916536962,1403.2534467205114
1,1605.4748535156252,1605.7867538159394,1458.968420523689
1,1346.0754394531252,1507.2911230267903,1549.0120185281571
1,1823.3703613281252,1501.1486685801156,1464.0656411199486
1,1719.6105957031252,1696.7843291032075,1524.5244505143032
1,1823.3703613281252,1440.024716659984,1681.957640378367
1,1605.4748535156252,1839.4136521681971,1658.8567697047617
1,1844.1223144531252,1594.7133687462886,1626.4420548338744
1,1958.2580566406252,1907.7204268945577,1647.1585793842635
1,1927.1301269531252,1853.1816216237917,1669.0724011370926
1,2124.273681640625,1755.4390779182165,1827.736308136179
1,1854.4982910156252,1686.901563516321,1808.808680883684
1,1906.3781738281252,2021.2455201093258,1749.7339684181618
1,2113.897705078125,2025.798325625818,1719.928517988929
1,2145.025634765625,2028.6634400729874,1828.7155052031826
1,2228.033447265625,2055.6561845548786,1925.3066837071076
1,2228.033447265625,2031.4608551901772,1911.3447466620323
1,2362.921142578125,2061.6735945177297,1998.288068803228
1,2259.161376953125,1819.2612619410363,1800.8705923233001
1,2238.409423828125,1920.03227088195,1852.3617239380612
1,2093.145751953125,2193.2662804959355,1976.7327400531283
1,2414.801025390625,2022.087090152223,1949.4400356249384
1,2435.552978515625,1971.054668425974,1879.7743577509043
1,2051.641845703125,1809.6532352286342,2002.8548662782289
1,2435.552978515625,1856.554733997285,1965.8589442544649
1,2331.793212890625,2017.271018334982,1850.861156582921
1,2342.169189453125,2091.251612795336,1878.2748152726795
1,2331.793212890625,1943.3266763087067,2098.6778780816603
1,2269.537353515625,1897.706045947411,1832.5983657656093
1,2321.417236328125,1918.9523805845124,2002.46960374249
1,2103.521728515625,1930.284778339509,2106.915169177505
1,2093.145751953125,1951.8495489328066,2151.5839854045653
1,2041.2658691406252,2134.021554190575,2125.0896169619737
1,2228.033447265625,1909.256151433387,2223.0024153121026
1,2331.793212890625,2060.750838493838,2225.2527981241597
1,2591.192626953125,1912.1961917433332,2080.167798737086
1,2518.560791015625,2114.551226646574,2200.6043177817764
1,2113.897705078125,2129.614262051866,2221.9777410464526
1,2051.641845703125,1895.6129475880014,2338.2547466746514
1,2300.665283203125,1974.169819293966,2201.355101112637
1,2238.409423828125,2084.68298908919,2179.414314571725
1,2176.153564453125,2037.0808837094446,2096.2060135219026
1,2103.521728515625,2044.7687682221638,2028.5825927161325
1,2165.777587890625,2267.9283244308403,2114.28765296341
1,2093.145751953125,2207.282919823036,2127.9609085781813
1,2176.153564453125,2128.783688308661,2000.7554752008152
1,2207.281494140625,2109.0350643870697,2075.7575384686234
1,2279.913330078125,1941.7084931341315,2087.6698334132943
1,2186.529541015625,1998.2736241423395,2035.0250974972625
1,2207.281494140625,2142.8025348136057,2067.7302517001826
1,2103.521728515625,2100.7863869703615,1966.257065813215
1,2321.417236328125,2100.5643001773456,1983.3241283223406
1,2155.401611328125,2249.261784887268,2062.3219122440223
1,2186.529541015625,2333.692969870873,2057.347382337784
1,2155.401611328125,2111.5285519681747,2112.2698509006664
1,2134.649658203125,2098.275012302725,2008.444013465498
1,2155.401611328125,2028.0238498479268,1995.1298280946194
1,2072.393798828125,1937.6536462396277,2152.9304007809114
1,2041.2658691406252,2003.75195554603,2059.228313536489
1,2196.905517578125,1996.2662237499435,2177.6739508827222
1,2165.777587890625,1981.3308095324332,2037.6599934544965
1,1958.2580566406252,1926.7089230794327,2152.4251247804336
1,1968.6340332031252,2204.3816319275898,2173.8754552669866
1,2072.393798828125,2176.000625002408,2101.949657171136
1,1989.3859863281252,2275.749499850241,2128.6977081257824
1,2165.777587890625,2365.5077398498242,2122.8681699421704
1,2082.769775390625,2137.3635432831566,2206.363799405885
1,2165.777587890625,2087.865306616596,2235.1204337560475
1,2207.281494140625,2297.9169143803233,2065.7317556697117
1,2103.521728515625,2253.4281266716243,2020.4553652113118
1,2072.393798828125,2134.467413698966,2009.0753536114246
1,2331.793212890625,2268.2741252422807,2065.024847199333
1,2290.289306640625,2035.4350739792078,2024.9601681012778
1,2342.169189453125,2193.9824637508923,2080.477507822214
1,2020.5139160156252,2322.703800400308,2098.244778511629
1,2290.289306640625,2248.035331911337,2071.5109565211674
1,2072.393798828125,2360.2656923623,2050.1421636085925
1,2124.273681640625,2287.569324891562,2223.5167242039274
1,2051.641845703125,2122.1699001187458,2185.3475065619273
1,2103.521728515625,2325.6413357700876,2118.64419465629
1,2331.793212890625,2087.1582219195975,2089.9595992830928
1,2279.913330078125,2455.8923735887684,2119.1083462864344
1,2207.281494140625,2187.763107178574,2089.275952837189
1,2342.169189453125,2096.4857735295463,2172.4081495422392
1,2362.921142578125,2064.7600236376156,1969.0047325143069
1,2394.049072265625,2249.1920870847625,2108.168884024301
1,2321.417236328125,2196.4178066741615,2033.8133780684243
1,2404.425048828125,2153.6042317363344,1960.7838614311838
1,2186.529541015625,2165.8157035927934,2025.9562977091123
1,2217.657470703125,2117.245846201598,2176.0822864108372
1,2269.537353515625,2272.917158815893,2053.2104256843777
1,2113.897705078125,2298.0449197466714,2012.8357611379024
1,2331.793212890625,2112.00042057171,2087.132905196831
1,2103.521728515625,2234.5938786320016,2037.5982397409325
1,2248.785400390625,2500.944418402371,2101.667403441187
1,2020.5139160156252,2001.3660554295077,2064.3236256395753
1,1999.7619628906252,2178.8113530888727,1943.5821719421895
1,2217.657470703125,2178.8638996294007,1948.234341136655
1,2072.393798828125,2076.8848564781115,2084.1930041124697
1,2145.025634765625,2327.695636783129,1950.8828280034495
1,2300.665283203125,2404.350412714238,1923.5445147496043
1,2176.153564453125,2268.6858681775334,1958.494515246178
1,2279.913330078125,2310.718961253661,1921.3218414808684
1,2383.673095703125,2441.322757235794,1962.286904758232
1,2248.785400390625,2370.179438735908,1845.759888489671
1,2145.025634765625,2495.448185661313,1892.283049227414
1,2217.657470703125,2529.1204595969834,1998.3671359748348
1,2456.304931640625,2465.7752378425257,2018.7672383435997
1,2352.545166015625,2520.8263196882913,2108.959619561653
1,2082.769775390625,2592.5923421204134,1918.946298304559
0,1885.6262207031252,2360.2478246664828,1943.414589206023
0,1937.5061035156252,2264.8822928510517,1781.14039443182
0,1812.9943847656252,2075.419806136634,1713.8675839816829
0,1740.3625488281252,2056.5611047032476,1466.664966943135
0,1543.2189941406252,1857.6748120522673,1396.407469805777
0,1522.4670410156252,1913.107589897611,1438.0681946543643
0,1397.9553222656252,1857.767335227405,1249.462517903723
0,1397.9553222656252,1709.2863196463495,1310.620578443933
1,1366.8273925781252,1610.5849435079097,1237.0754165398978
1,1314.9475097656252,1727.4223076870087,1236.748135469298
1,1501.7150878906252,1664.970561278336,1457.2483293041198
1,1460.2111816406252,1826.9339514837318,1229.8164858220277
1,1314.9475097656252,1887.5168133149252,1570.010717182885
1,1698.8586425781252,1844.5383144205712,1628.1325359299212
1,1771.4904785156252,1950.9884950712753,1679.9860083642764
1,1698.8586425781252,2045.7849930715456,1657.9034107849277
1,1802.6184082031252,1981.245582793109,1672.4958050680802
1,1844.1223144531252,2287.924380195778,1651.4910923879045
1,1927.1301269531252,2173.914888489885,1732.7304789145564
1,1864.8742675781252,2064.0897196168835,1767.4134445638133
1,2020.5139160156252,2134.099916165335,1701.3233353323358
1,1968.6340332031252,2321.635213300185,1753.0866414005404
1,1968.6340332031252,2038.6562924027317,1794.9963872345502
1,1968.6340332031252,2281.8568634872495,1762.8876244335715
1,2051.641845703125,2208.822624075633,1683.0044774228572
1,2041.2658691406252,2231.2714219923937,1738.6864413250528
1,2103.521728515625,2223.909931092094,1750.5746795835855
1,2124.273681640625,2126.843571666358,1773.4311190862886
1,1885.6262207031252,2247.770911449644,1766.9871110792585
1,2435.552978515625,2367.0409567722836,1891.3677694716516
1,2279.913330078125,2305.802611389407,1970.2081825297619
1,2186.529541015625,2300.4841452438554,1915.8066577392383
1,2300.665283203125,2078.052380792484,2073.1932955270986
1,2259.161376953125,2353.8828774289454,2008.262128345323
1,2290.289306640625,2302.2269432459307,1970.7096167487227
1,2352.545166015625,2365.2440012983093,2036.8037767578837
1,2300.665283203125,2371.971140992101,2073.040597588347
1,2124.273681640625,2342.296347690839,1976.829437080055
1,2124.273681640625,2207.7995085225507,2038.20521808383
1,2176.153564453125,2290.7576593387435,2035.7406510957426
1,2124.273681640625,2065.0491610642584,2105.4777199488503
1,2279.913330078125,2292.067977252602,2036.0283211288533
1,2394.049072265625,2244.6559236638127,2193.660083179188
1,2238.409423828125,2343.8074195532504,2144.752199634915
1,2497.808837890625,2161.9902249411784,1948.0789896094639
1,2456.304931640625,2508.5270412435984,2057.5300985431054
1,2321.417236328125,2325.659511067492,2142.2630177155293
1,2362.921142578125,2327.6509723846593,1979.9636366771706
1,2342.169189453125,2478.456082432012,2221.857652437844
1,2269.537353515625,2363.66006988198,2029.1548053057309
1,2062.017822265625,2661.0789450445427,1985.19052294556
1,2259.161376953125,2475.8860903285863,2066.624531213748
1,2404.425048828125,2312.8605396254907,2054.1799229433473
1,2404.425048828125,2295.215617883162,2147.149709610213
1,2279.913330078125,2392.9084606288734,2200.560326121623
1,2331.793212890625,2309.6732436889324,2164.3523764447114
1,2228.033447265625,2408.420407682675,2223.9502807734516
1,2269.537353515625,2283.4124912185134,2143.2393208900417
1,2207.281494140625,2356.2020384617713,2066.2649069166278
1,2238.409423828125,2319.341541183344,2071.535641489049
1,2155.401611328125,2559.8225186194663,1992.9539588142245
1,2196.905517578125,2319.7686777917293,1964.52177072299
1,2186.529541015625,2438.318609935885,2085.3261243954835
1,2414.801025390625,2416.828827027231,1934.7917315995512
1,2300.665283203125,2484.382416849475,2040.2799307869816
1,2425.177001953125,2367.2760084510705,1952.4433676803992
1,2165.777587890625,2386.24201474985,2069.848915605629
1,2342.169189453125,2315.319861714482,1996.111348155419
1,2404.425048828125,2460.746426091724,2034.7131649349456
1,2259.161376953125,2501.436363572909,2054.5874640460147
1,2238.409423828125,2378.675577066119,2028.337476607275
1,2290.289306640625,2483.2877891068183,2066.7564167530586
1,2228.033447265625,2304.947684264008,2019.41519763448
1,2331.793212890625,2497.7674560803384,2113.2529135345885
1,2383.673095703125,2655.4483220841894,2132.689236916976
1,2072.393798828125,2439.918336907604,2055.1249598688946
1,2269.537353515625,2610.6071710705064,2271.77474884466
1,2269.537353515625,2531.6673745366006,2080.6581588833355
1,2352.545166015625,2588.588514007494,2064.589555407584
1,2362.921142578125,2695.83649657493,2256.6760397746134
1,2217.657470703125,2640.909187289275,2143.6038571459503
1,2113.897705078125,2489.883757958589,2121.870670600305
1,2331.793212890625,2499.957309621162,2129.3304482149138
1,2103.521728515625,2381.0375477236576,2067.395894827609
1,2020.5139160156252,2404.299729773581,2074.231667422509
1,2207.281494140625,2479.298811236241,2005.123057861046
1,2176.153564453125,2498.663948646397,2002.738061653764
1,2145.025634765625,2702.3102756437884,2069.0253893135446
0,2020.5139160156252,2379.438757912374,1908.3948401261737
0,2165.777587890625,2091.22754907588,1714.2868176015502
0,1989.3859863281252,2295.789842816459,1805.0483548009313
0,1802.6184082031252,1986.3982589541515,1638.9933192235385
0,1553.5949707031252,1998.8979050693258,1510.9448167324358
0,1532.8430175781252,1785.1245759809067,1556.3994690822958
0,1657.3547363281252,1595.6662836558248,1405.5102700605557
0,1553.5949707031252,1650.47588505272,1335.443903947024
1,1418.7072753906252,1773.4528357327474,1249.6632014928248
1,1470.5871582031252,1755.4678909080062,1417.972092711826
1,1366.8273925781252,2028.092140002342,1426.1856318502948
1,1636.6027832031252,1723.446493085868,1532.646761031606
1,1688.4826660156252,1541.3712000106332,1626.7982261910188
1,1574.3469238281252,1742.140468293638,1629.3347980090048
1,1812.9943847656252,1782.1979022867408,1737.9833695146176
1,1792.2424316406252,1877.224746167502,1621.3026749925725
1,1688.4826660156252,1803.218844818777,1719.0089832538722
1,1916.7541503906252,1796.200857803082,1725.9072015169938
1,2062.017822265625,1972.2815701784082,1748.1037326831088
1,2103.521728515625,1792.9167499104221,1888.3378125080117
1,1968.6340332031252,1972.2063740949272,1894.3768209976358
1,1968.6340332031252,1925.2913448578556,1807.2331192397482
1,2020.5139160156252,1940.3597222817916,1946.5479375458383
1,2103.521728515625,1988.1600206698913,1904.9311076689812
1,2124.273681640625,1925.7608131842433,2005.871844427167
1,1885.6262207031252,1891.776041765935,2160.711698844898
1,2259.161376953125,1904.5016018449,2179.036156844045
1,2165.777587890625,1991.9021124602398,2139.835403704991
1,2051.641845703125,2079.748837411536,2090.976628120343
1,2165.777587890625,2080.567119403015,2047.7051587761455
1,2134.649658203125,2234.18711215037,2073.8852733600547
1,2269.537353515625,2393.7249375048814,2110.8638056285117
1,2259.161376953125,2182.4135088148446,2055.01821281351
1,2186.529541015625,2439.2942716303432,2044.1186619055495
1,2269.537353515625,2411.5620851158105,2072.8014533973383
1,2124.273681640625,2321.6863533274022,1928.9534663618049
1,2207.281494140625,2274.293315839279,1858.3721498637208
1,2228.033447265625,2477.9235081801994,1917.112873071631
1,2103.521728515625,2268.9531773063295,1831.5897571741586
1,2269.537353515625,2584.3559601708844,1901.131807301817
1,2228.033447265625,2273.8124708501477,1831.3459961994479
1,2311.041259765625,2548.970895865116,1976.4633785435412
1,2228.033447265625,2250.74722873367,1982.9967993459377
1,2259.161376953125,2373.4229756733257,2026.9924681115524
1,2269.537353515625,2632.4410681637833,1922.7714237224216
1,2394.049072265625,2445.879076448796,2018.950806380364
1,2383.673095703125,2426.837629435851,1982.6344717991362
1,2404.425048828125,2394.2970230749347,2021.929900202704
1,2155.401611328125,2393.2672136447823,1966.1049241166302
1,2196.905517578125,2342.6615716969177,2070.9106906607644
1,2145.025634765625,2267.2479187756708,1912.3692562907427
1,2248.785400390625,2393.65743520447,1999.8666941054034
1,2165.777587890625,2571.7520625373463,2036.8146686075377
1,2352.545166015625,2524.910593097993,1854.1842077633721
1,2279.913330078125,2379.140922748304,1925.7746147845405
1,2300.665283203125,2433.137824600084,2100.8732434586423
1,2238.409423828125,2193.040655512456,2024.6295304511104
1,2456.304931640625,2317.422541846152,1994.9340326830481
1,2445.928955078125,2178.887988428011,2114.859953568732
1,2269.537353515625,2359.0904050321305,2187.459258209391
1,2342.169189453125,2283.115440126213,2012.0378942044804
1,2269.537353515625,2202.2572872779974,2013.5111759487531
1,2425.177001953125,2239.374381234201,1925.8116112659036
1,2186.529541015625,2225.877348067901,2087.325356888225
1,2404.425048828125,2454.59022895256,1955.8146211553963
1,2248.785400390625,2439.0501635652286,2154.418191369582
1,2300.665283203125,2427.213534249889,2039.4655681351142
1,2238.409423828125,2459.4096045251567,1996.9983487257903
1,2134.649658203125,2599.2729862799706,2099.1461380599344
1,2331.793212890625,2451.5322550889127,2047.585818933425
1,2342.169189453125,2328.6484920722082,1944.4866899568008
1,2362.921142578125,2252.785662764915,2026.7634668924695
1,2300.665283203125,2307.6436636288195,1931.4386301941058
1,2113.897705078125,2197.3462245483415,2020.8228294218054
1,2186.529541015625,2239.5185419820673,1988.241533451513
1,2145.025634765625,2078.0394662542594,2025.416794134466
1,2394.049072265625,2215.6526231219495,2073.9974891028965
1,2010.1379394531252,2312.996892472431,1871.2107367695007
1,2414.801025390625,2300.2223711501347,1889.3118157580675
1,2311.041259765625,1960.3924885507038,2148.8299077236743
1,1906.3781738281252,2370.191481221334,2014.0538205773119
1,2269.537353515625,2249.365148474652,2058.4675089765215
1,2145.025634765625,2019.8777974247223,2004.2592281846257
1,2155.401611328125,2123.2260533920066,1984.7586479082306
1,2259.161376953125,2096.533018847632,2153.304439612266
1,2362.921142578125,2132.857404199635,2193.109040767773
1,2321.417236328125,1975.6354163294411,2034.5461884000667
1,2466.680908203125,2239.4206913442777,2124.465861556476
1,2342.169189453125,2188.7036065510297,2025.7167419069121
1,2165.777587890625,2196.8171420923054,1927.0847335068236
1,2279.913330078125,1902.972851293935,1919.1789798842983
1,2311.041259765625,2289.600792270465,1915.3966623794959
1,2311.041259765625,2198.314034633638,1910.796351673863
1,2228.033447265625,2095.729754886123,1981.4680133262577
1,2165.777587890625,2213.3217866001673,1944.9390693380517
1,2124.273681640625,2226.039108248212,1975.657011226427
0,2217.657470703125,2148.7343562007295,2000.5906905071645
0,2093.145751953125,2141.434621159778,1805.8855531726563
0,1999.7619628906252,1818.6003094604391,1860.7373073797235
0,1844.1223144531252,1896.1993996231038,1664.754372048271
0,1698.8586425781252,1746.852255212688,1523.9212383623212
0,1553.5949707031252,1511.4014969568666,1511.3478778144884
0,1387.5793457031252,1450.939714606762,1476.1182322459126
0,1346.0754394531252,1265.7037609576198,1492.9013227713936
0,1512.0910644531252,1183.3151177484326,1271.2834101911699
0,1356.4514160156252,1136.1333084805883,1231.222558101305
0,1148.9318847656252,1253.5283697472282,1097.1388654900184
0,1242.3156738281252,1183.6643971621224,993.4767080913149
0,1003.6682128906252,1183.4026957878623,1085.9819469973409
0,1128.1799316406252,1069.9045288813559,865.7998621506122
0,1107.4279785156252,942.9943934088201,1000.4013677505021
0,1086.6760253906252,1137.7036223517944,928.1890395985168
0,951.7883300781252,770.8341212165445,1029.182260353539
0,1045.1721191406252,967.2895177010693,667.5924351194769
0,931.0363769531252,918.360400028557,786.9267534125886
0,899.9084472656252,910.1688652919486,825.0325905535457
0,910.2844238281252,740.2430511409426,797.2568518749641
0,962.1643066406252,757.3807340756586,812.2449689888149
0,785.7727050781252,835.9637639601058,750.0579615310558
0,962.1643066406252,642.6777127517499,661.2836011021747
1,993.2922363281252,795.5744375252556,742.0112442028682
1,879.1564941406252,1056.8020200558844,781.3496532062693
1,1159.3078613281252,1249.552536481174,944.841441827275
1,962.1643066406252,1342.7978141892477,932.7306986560725
1,1097.0520019531252,1137.8909044417026,1000.3629637892211
1,1252.6916503906252,1256.2414578372377,972.8314937221458
1,1242.3156738281252,1405.157570553362,1253.070296257214
1,1418.7072753906252,1336.3117577997002,1371.0447098992652
1,1366.8273925781252,1471.344459799084,1397.0050746346515
1,1491.3391113281252,1371.6681739413098,1433.5278902035523
1,1709.2346191406252,1580.0718772019109,1416.569152704757
1,1626.2268066406252,1759.1129151437478,1502.8821724557015
1,1657.3547363281252,1681.4677426367853,1488.1553550210235
1,1864.8742675781252,1646.426882912543,1518.0563759074537
1,1698.8586425781252,1750.0360516257708,1468.4411865813709
1,1761.1145019531252,1744.7904219919171,1479.8819074971836
1,1771.4904785156252,1791.900835781804,1618.0672118684479
1,2134.649658203125,2021.4761149538042,1616.0897531589662
1,1968.6340332031252,1908.8459520633116,1739.9362510628719
1,1916.7541503906252,1970.2329069477448,1677.9437603882286
1,2145.025634765625,1928.9840075000143,1796.4218994652708
1,2103.521728515625,2008.7552062057973,1673.014916902406
1,1927.1301269531252,2285.987811957288,1708.5380779138561
1,2196.905517578125,2272.747259599995,1775.5559076971533
1,2228.033447265625,2069.6427529332977,1862.6282427098063
1,1999.7619628906252,2218.4182698041304,1732.2597258017706
1,2207.281494140625,2200.4572557920483,1797.4977124773436
1,2134.649658203125,1982.1006240715565,1960.802743475933
1,2269.537353515625,2179.276823268955,1873.0531351116927
1,2093.145751953125,2098.664381822772,1878.8597474069845
1,2155.401611328125,2201.116256160414,1839.650968605981
1,1927.1301269531252,1911.9758544714382,1863.9591562112364
1,2041.2658691406252,2026.8544831739716,1938.6421179651898
1,2269.537353515625,2030.4814820641218,1805.4228461271582
1,2072.393798828125,1877.0307209148866,1891.2942217242687
1,2196.905517578125,2266.7472442887774,2163.290509630125
1,2248.785400390625,2160.423714523367,2012.0349015175063
1,2186.529541015625,2207.5154870831107,1971.6028165138532
1,2196.905517578125,2361.9273430564913,2054.212685345627
1,2196.905517578125,2419.6749455267145,2008.4104343032423
1,2103.521728515625,2401.3155899120557,1978.3277330482583
1,2207.281494140625,2217.4785195044747,2055.1479373631923
1,2352.545166015625,2296.314475329606,1957.7394773181804
1,2404.425048828125,2404.665943648251,2087.4233385028256
1,2331.793212890625,2274.0239540739326,2086.1306682243844
1,2352.545166015625,2214.686173412602,1995.1317946067684
1,2331.793212890625,2354.9039985993577,1965.4676474749645
1,2259.161376953125,2398.188080600634,2010.7738375177069
1,2207.281494140625,2188.2556806569046,2116.4221813641366
1,2217.657470703125,2273.4357843273674,2114.2206202123907
1,2062.017822265625,2351.6828212911014,2090.1808214628218
1,2010.1379394531252,2325.85147080469,2065.196618878563
1,2051.641845703125,2286.646494449172,2059.6514967368867
1,2342.169189453125,2438.6210116639522,2026.9197571420177
1,2207.281494140625,2350.945863576843,1879.5089391488054
1,2124.273681640625,2357.917200933747,2194.891944061649
1,2020.5139160156252,2378.827484133216,2020.1012096535317
1,2176.153564453125,2449.311022160371,2146.9712463406036
1,2352.545166015625,2413.9487038460147,2140.9136721524274
1,2196.905517578125,2538.3671947314847,1952.6420023551548
1,2259.161376953125,2624.5496234903117,1954.5618398918398
1,2362.921142578125,2538.002036173782,2131.690135334772
1,2207.281494140625,2411.883314287389,2112.0669551505284
1,2259.161376953125,2495.242089191655,2048.5321584827316
1,2352.545166015625,2410.1315354406056,1992.4505390386273
1,2362.921142578125,2411.8286841917266,2146.1045263492183
1,2113.897705078125,2570.5528867303633,2050.0788993125466
1,2300.665283203125,2400.5578768982737,2089.0714905701834
1,2352.545166015625,2504.948360141907,2179.452466557215
1,2394.049072265625,2382.1768792642265,2259.742903547444
1,2425.177001953125,2339.344112551839,2222.28776027754
1,2248.785400390625,2303.219390104211,2190.2519710936817
1,2269.537353515625,2269.5650324350668,2028.2205500080902
1,2186.529541015625,2300.510530262698,2141.786859191091
1,2217.657470703125,2383.0931554917042,2127.0989155547695
1,2176.153564453125,2504.0289620617204,2300.340198776509
1,2176.153564453125,2429.91372720458,2078.2829996880187
1,2279.913330078125,2329.320574389223,2179.5375675083296
1,2383.673095703125,2145.2696281541284,2218.672982044548
1,2082.769775390625,2528.469758149718,2162.8388049872256
1,2062.017822265625,2227.3857155236824,2171.074846153602
1,1958.2580566406252,2065.910765360751,2051.1840717073105
1,2072.393798828125,2054.7792511947673,2245.829315490072
1,2300.665283203125,2201.8665442477136,2272.1188195884088
1,2269.537353515625,2181.580289154831,2217.7852323383304
1,2279.913330078125,2121.24229928745,2175.700357483622
1,2404.425048828125,2175.429983379268,2293.957400747501
1,2103.521728515625,2310.0651468794135,2318.452639869384
1,2155.401611328125,2432.200916912219,2247.871765575921
1,2248.785400390625,2343.4941364920874,2308.3252844189583
1,2176.153564453125,2532.1042754865257,2204.410999490705
1,2279.913330078125,2205.956868074724,2207.7511782009356
1,2207.281494140625,2378.047813218167,2241.720839420144
1,2279.913330078125,2253.7112164087875,2279.7767362206023
1,2373.297119140625,2595.8994307001635,2152.086053460675
1,2352.545166015625,2451.8520091732635,2184.7129943604245
1,2352.545166015625,2524.16297798035,2181.2756392219885
1,2217.657470703125,2277.4880887627996,2121.0071968863817
1,2217.657470703125,2495.092164144746,2316.298212037517
1,2269.537353515625,2408.543058386789,2202.1620620869107
1,2145.025634765625,2251.528593566654,2274.49779496888
1,2030.8898925781252,2253.632545374944,2133.048187124608
1,2259.161376953125,2098.782239440356,2259.886860981169
1,2259.161376953125,2267.8456151269943,2096.348624896616
1,2362.921142578125,2372.7797856019156,2200.308451434293
1,2425.177001953125,2321.526306356074,2191.6215939502677
1,2259.161376953125,2268.1405645947066,2134.2729188572202
1,2217.657470703125,2307.5822361621963,2200.6742520839957
1,2539.312744140625,2304.924972916601,2030.323362172376
1,2248.785400390625,2400.604200837324,2089.5849232968258
1,2207.281494140625,2265.6882597831536,2070.819734901321
1,2539.312744140625,2315.252202938927,2067.394224374113
0,2155.401611328125,2178.9998484641796,1928.1527767931157
0,2134.649658203125,2048.125554347169,1950.186793938259
0,2093.145751953125,1948.1747983435587,1848.8410506983
0,1854.4982910156252,1955.747933164238,1618.8085612927166
0,1688.4826660156252,1793.901222648809,1623.2920957457193
0,1460.2111816406252,1804.2359668466042,1500.756085846671
0,1563.9709472656252,1742.5501880450784,1384.4096084410573
0,1387.5793457031252,1539.0703875886775,1284.2761073080194
0,1470.5871582031252,1533.1960832144255,1336.3518678881503
0,1283.8195800781252,1403.8958068799996,1117.3342289270845
0,1190.4357910156252,1590.8206491727267,1121.0852725513994
0,1097.0520019531252,1449.785208582641,1037.2109107093634
0,1211.1877441406252,1240.7403121700183,1063.4902518428198
0,1107.4279785156252,1199.710397189603,941.9500919482174
0,1034.7961425781252,1205.8393952558527,799.9464848300352
0,1014.0441894531252,1081.25594308067,919.0259520519704
