TP_true,FP_true,TP_single_shot,FP_single_shot,TP_sequential,FP_sequential
1.0,0.9978586723768736,1.0,0.9850107066381156,1.0,0.9486081370449678
1.0,0.9978586723768736,1.0,0.9850107066381156,1.0,0.9486081370449678
1.0,0.9978586723768736,1.0,0.9850107066381156,1.0,0.9486081370449678
1.0,0.9978586723768736,1.0,0.9850107066381156,1.0,0.9486081370449678
1.0,0.9978586723768736,1.0,0.9850107066381156,1.0,0.9486081370449678
1.0,0.9978586723768736,1.0,0.9850107066381156,1.0,0.9486081370449678
1.0,0.9978586723768736,1.0,0.9850107066381156,1.0,0.9486081370449678
1.0,0.9957173447537473,1.0,0.9850107066381156,1.0,0.9464668094218416
1.0,0.9957173447537473,1.0,0.9850107066381156,1.0,0.9464668094218416
1.0,0.9957173447537473,1.0,0.9850107066381156,1.0,0.9464668094218416
1.0,0.9957173447537473,1.0,0.9850107066381156,1.0,0.9464668094218416
1.0,0.9957173447537473,1.0,0.9850107066381156,1.0,0.9464668094218416
1.0,0.9957173447537473,1.0,0.9850107066381156,1.0,0.9464668094218416
1.0,0.9957173447537473,1.0,0.9850107066381156,1.0,0.9464668094218416
1.0,0.9957173447537473,1.0,0.9850107066381156,1.0,0.9464668094218416
1.0,0.9957173447537473,1.0,0.9850107066381156,1.0,0.9464668094218416
1.0,0.9957173447537473,1.0,0.9850107066381156,1.0,0.9464668094218416
1.0,0.9957173447537473,1.0,0.9850107066381156,1.0,0.9464668094218416
1.0,0.9957173447537473,1.0,0.9850107066381156,1.0,0.9443254817987152
1.0,0.9957173447537473,1.0,0.9850107066381156,1.0,0.9421841541755889
1.0,0.9957173447537473,1.0,0.9850107066381156,1.0,0.9421841541755889
1.0,0.9957173447537473,1.0,0.9850107066381156,1.0,0.9421841541755889
1.0,0.9957173447537473,0.9978813559322034,0.9850107066381156,1.0,0.9421841541755889
1.0,0.9957173447537473,0.9978813559322034,0.9828693790149893,1.0,0.9421841541755889
1.0,0.9957173447537473,0.9978813559322034,0.9828693790149893,1.0,0.9421841541755889
1.0,0.9957173447537473,0.9978813559322034,0.9828693790149893,1.0,0.9421841541755889
1.0,0.9957173447537473,0.9978813559322034,0.9828693790149893,1.0,0.9421841541755889
1.0,0.9957173447537473,0.9978813559322034,0.9828693790149893,1.0,0.9421841541755889
1.0,0.9935760171306209,0.9978813559322034,0.9828693790149893,1.0,0.9421841541755889
1.0,0.9935760171306209,0.9978813559322034,0.9828693790149893,1.0,0.9421841541755889
1.0,0.9935760171306209,0.9978813559322034,0.9828693790149893,1.0,0.9421841541755889
1.0,0.9935760171306209,0.9978813559322034,0.9828693790149893,1.0,0.9421841541755889
1.0,0.9935760171306209,0.9978813559322034,0.9828693790149893,1.0,0.9421841541755889
1.0,0.9935760171306209,0.9978813559322034,0.9828693790149893,1.0,0.9421841541755889
1.0,0.9935760171306209,0.9978813559322034,0.9828693790149893,1.0,0.9421841541755889
1.0,0.9935760171306209,0.9978813559322034,0.9828693790149893,0.9978813559322034,0.9400428265524625
1.0,0.9935760171306209,0.9978813559322034,0.9828693790149893,0.9978813559322034,0.9400428265524625
1.0,0.9935760171306209,0.9978813559322034,0.9828693790149893,0.9978813559322034,0.9400428265524625
1.0,0.9935760171306209,0.9978813559322034,0.9828693790149893,0.9978813559322034,0.9400428265524625
1.0,0.9935760171306209,0.9978813559322034,0.9828693790149893,0.9978813559322034,0.9400428265524625
1.0,0.9935760171306209,0.9978813559322034,0.9828693790149893,0.9978813559322034,0.9400428265524625
1.0,0.9935760171306209,0.9978813559322034,0.9828693790149893,0.9978813559322034,0.9400428265524625
1.0,0.9935760171306209,0.9978813559322034,0.9828693790149893,0.9978813559322034,0.9400428265524625
1.0,0.9935760171306209,0.9978813559322034,0.9828693790149893,0.9978813559322034,0.9400428265524625
1.0,0.9935760171306209,0.9978813559322034,0.9828693790149893,0.9978813559322034,0.9400428265524625
1.0,0.9935760171306209,0.9978813559322034,0.9828693790149893,0.9978813559322034,0.9379014989293362
1.0,0.9935760171306209,0.9978813559322034,0.9828693790149893,0.9978813559322034,0.9379014989293362
1.0,0.9935760171306209,0.9978813559322034,0.9807280513918629,0.9978813559322034,0.9379014989293362
1.0,0.9935760171306209,0.9978813559322034,0.9807280513918629,0.9978813559322034,0.9379014989293362
1.0,0.9935760171306209,0.9978813559322034,0.9807280513918629,0.9978813559322034,0.9357601713062098
1.0,0.9935760171306209,0.9978813559322034,0.9807280513918629,0.9978813559322034,0.9357601713062098
1.0,0.9935760171306209,0.9978813559322034,0.9807280513918629,0.9978813559322034,0.9357601713062098
1.0,0.9935760171306209,0.9978813559322034,0.9785867237687366,0.9978813559322034,0.9357601713062098
1.0,0.9935760171306209,0.9978813559322034,0.9785867237687366,0.9978813559322034,0.9357601713062098
1.0,0.9935760171306209,0.9978813559322034,0.9785867237687366,0.9978813559322034,0.9357601713062098
1.0,0.9935760171306209,0.9978813559322034,0.9785867237687366,0.9978813559322034,0.9357601713062098
1.0,0.9935760171306209,0.9978813559322034,0.9785867237687366,0.9978813559322034,0.9357601713062098
1.0,0.9935760171306209,0.9978813559322034,0.9785867237687366,0.9978813559322034,0.9357601713062098
1.0,0.9935760171306209,0.9978813559322034,0.9785867237687366,0.9978813559322034,0.9357601713062098
1.0,0.9935760171306209,0.9978813559322034,0.9785867237687366,0.9978813559322034,0.9357601713062098
1.0,0.9935760171306209,0.9978813559322034,0.9785867237687366,0.9978813559322034,0.9357601713062098
1.0,0.9935760171306209,0.9978813559322034,0.9785867237687366,0.9978813559322034,0.9357601713062098
1.0,0.9935760171306209,0.9978813559322034,0.9785867237687366,0.9978813559322034,0.9357601713062098
1.0,0.9935760171306209,0.9978813559322034,0.9785867237687366,0.9978813559322034,0.9357601713062098
1.0,0.9935760171306209,0.9978813559322034,0.9785867237687366,0.9978813559322034,0.9357601713062098
1.0,0.9935760171306209,0.9978813559322034,0.9785867237687366,0.9978813559322034,0.9357601713062098
1.0,0.9935760171306209,0.9978813559322034,0.9785867237687366,0.9978813559322034,0.9357601713062098
1.0,0.9935760171306209,0.9978813559322034,0.9785867237687366,0.9978813559322034,0.9357601713062098
1.0,0.9935760171306209,0.9978813559322034,0.9785867237687366,0.9978813559322034,0.9357601713062098
1.0,0.9935760171306209,0.9978813559322034,0.9785867237687366,0.9957627118644068,0.9357601713062098
1.0,0.9935760171306209,0.9978813559322034,0.9785867237687366,0.9957627118644068,0.9357601713062098
1.0,0.9935760171306209,0.9978813559322034,0.9785867237687366,0.9957627118644068,0.9357601713062098
1.0,0.9935760171306209,0.9978813559322034,0.9785867237687366,0.9957627118644068,0.9336188436830836
1.0,0.9935760171306209,0.9978813559322034,0.9785867237687366,0.9957627118644068,0.9336188436830836
1.0,0.9935760171306209,0.9978813559322034,0.9785867237687366,0.9957627118644068,0.9336188436830836
1.0,0.9935760171306209,0.9978813559322034,0.9764453961456103,0.9957627118644068,0.9336188436830836
1.0,0.9935760171306209,0.9978813559322034,0.9764453961456103,0.9957627118644068,0.9336188436830836
1.0,0.9935760171306209,0.9978813559322034,0.9764453961456103,0.9957627118644068,0.9336188436830836
1.0,0.9935760171306209,0.9978813559322034,0.9764453961456103,0.9957627118644068,0.9314775160599572
1.0,0.9935760171306209,0.9978813559322034,0.9764453961456103,0.9957627118644068,0.9314775160599572
1.0,0.9935760171306209,0.9957627118644068,0.9764453961456103,0.9957627118644068,0.9314775160599572
1.0,0.9935760171306209,0.9957627118644068,0.9764453961456103,0.9957627118644068,0.9314775160599572
1.0,0.9935760171306209,0.9957627118644068,0.9764453961456103,0.9957627118644068,0.9314775160599572
1.0,0.9935760171306209,0.9957627118644068,0.9764453961456103,0.9957627118644068,0.9314775160599572
1.0,0.9935760171306209,0.9957627118644068,0.9764453961456103,0.9957627118644068,0.9314775160599572
1.0,0.9935760171306209,0.9957627118644068,0.9764453961456103,0.9957627118644068,0.9314775160599572
1.0,0.9935760171306209,0.9957627118644068,0.9764453961456103,0.9957627118644068,0.9314775160599572
1.0,0.9935760171306209,0.9957627118644068,0.9764453961456103,0.9957627118644068,0.9314775160599572
1.0,0.9935760171306209,0.9957627118644068,0.9764453961456103,0.9957627118644068,0.9314775160599572
1.0,0.9935760171306209,0.9957627118644068,0.9764453961456103,0.9957627118644068,0.9314775160599572
1.0,0.9935760171306209,0.9957627118644068,0.9764453961456103,0.9957627118644068,0.9314775160599572
1.0,0.9935760171306209,0.9957627118644068,0.9764453961456103,0.9957627118644068,0.9314775160599572
1.0,0.9935760171306209,0.9957627118644068,0.974304068522484,0.9957627118644068,0.9314775160599572
1.0,0.9935760171306209,0.9957627118644068,0.974304068522484,0.9957627118644068,0.9314775160599572
1.0,0.9935760171306209,0.9957627118644068,0.974304068522484,0.9957627118644068,0.9314775160599572
1.0,0.9935760171306209,0.9957627118644068,0.974304068522484,0.9957627118644068,0.9314775160599572
1.0,0.9935760171306209,0.9957627118644068,0.974304068522484,0.9957627118644068,0.9293361884368309
1.0,0.9935760171306209,0.9957627118644068,0.974304068522484,0.9957627118644068,0.9293361884368309
1.0,0.9935760171306209,0.9957627118644068,0.974304068522484,0.9957627118644068,0.9293361884368309
1.0,0.9935760171306209,0.9957627118644068,0.974304068522484,0.9957627118644068,0.9293361884368309
1.0,0.9935760171306209,0.9957627118644068,0.974304068522484,0.9957627118644068,0.9271948608137045
1.0,0.9935760171306209,0.9957627118644068,0.974304068522484,0.9957627118644068,0.9271948608137045
1.0,0.9935760171306209,0.9957627118644068,0.974304068522484,0.9957627118644068,0.9250535331905781
1.0,0.9935760171306209,0.9957627118644068,0.974304068522484,0.9957627118644068,0.9250535331905781
1.0,0.9935760171306209,0.9957627118644068,0.974304068522484,0.9957627118644068,0.9250535331905781
1.0,0.9935760171306209,0.9957627118644068,0.974304068522484,0.9957627118644068,0.9250535331905781
1.0,0.9935760171306209,0.9957627118644068,0.974304068522484,0.9957627118644068,0.9250535331905781
1.0,0.9935760171306209,0.9957627118644068,0.974304068522484,0.9957627118644068,0.9250535331905781
1.0,0.9935760171306209,0.9957627118644068,0.974304068522484,0.9957627118644068,0.9250535331905781
1.0,0.9935760171306209,0.9957627118644068,0.974304068522484,0.9957627118644068,0.9250535331905781
1.0,0.9892933618843683,0.9957627118644068,0.974304068522484,0.9957627118644068,0.9250535331905781
1.0,0.9892933618843683,0.9957627118644068,0.974304068522484,0.9957627118644068,0.9250535331905781
1.0,0.9892933618843683,0.9957627118644068,0.974304068522484,0.9957627118644068,0.9250535331905781
1.0,0.9892933618843683,0.9957627118644068,0.974304068522484,0.9957627118644068,0.9250535331905781
1.0,0.9892933618843683,0.9957627118644068,0.974304068522484,0.9957627118644068,0.9250535331905781
1.0,0.9892933618843683,0.9957627118644068,0.974304068522484,0.9957627118644068,0.9250535331905781
1.0,0.9892933618843683,0.9957627118644068,0.974304068522484,0.9957627118644068,0.9229122055674518
1.0,0.9892933618843683,0.9957627118644068,0.974304068522484,0.9957627118644068,0.9229122055674518
1.0,0.9892933618843683,0.9957627118644068,0.974304068522484,0.9957627118644068,0.9229122055674518
1.0,0.9892933618843683,0.9957627118644068,0.974304068522484,0.9957627118644068,0.9229122055674518
1.0,0.9892933618843683,0.9957627118644068,0.974304068522484,0.9957627118644068,0.9229122055674518
1.0,0.9892933618843683,0.9957627118644068,0.974304068522484,0.9957627118644068,0.9229122055674518
1.0,0.9892933618843683,0.9957627118644068,0.974304068522484,0.9957627118644068,0.9229122055674518
1.0,0.9892933618843683,0.9957627118644068,0.974304068522484,0.9957627118644068,0.9229122055674518
1.0,0.9892933618843683,0.9957627118644068,0.974304068522484,0.9957627118644068,0.9207708779443254
1.0,0.9892933618843683,0.9957627118644068,0.974304068522484,0.9957627118644068,0.9186295503211992
1.0,0.9892933618843683,0.9957627118644068,0.974304068522484,0.9957627118644068,0.9186295503211992
1.0,0.9892933618843683,0.9957627118644068,0.974304068522484,0.9957627118644068,0.9186295503211992
1.0,0.9892933618843683,0.9957627118644068,0.974304068522484,0.9957627118644068,0.9186295503211992
1.0,0.9892933618843683,0.9957627118644068,0.974304068522484,0.9957627118644068,0.9186295503211992
1.0,0.9892933618843683,0.9957627118644068,0.974304068522484,0.9957627118644068,0.9186295503211992
1.0,0.9892933618843683,0.9957627118644068,0.974304068522484,0.9936440677966102,0.9186295503211992
1.0,0.9892933618843683,0.9957627118644068,0.974304068522484,0.9936440677966102,0.9186295503211992
1.0,0.9892933618843683,0.9957627118644068,0.974304068522484,0.9936440677966102,0.9186295503211992
1.0,0.9892933618843683,0.9957627118644068,0.974304068522484,0.9915254237288136,0.9164882226980728
1.0,0.9892933618843683,0.9957627118644068,0.974304068522484,0.9915254237288136,0.9164882226980728
1.0,0.9892933618843683,0.9957627118644068,0.974304068522484,0.9915254237288136,0.9164882226980728
1.0,0.9892933618843683,0.9957627118644068,0.974304068522484,0.9915254237288136,0.9164882226980728
1.0,0.9892933618843683,0.9957627118644068,0.9721627408993576,0.9915254237288136,0.9164882226980728
1.0,0.9892933618843683,0.9957627118644068,0.9721627408993576,0.9915254237288136,0.9164882226980728
1.0,0.9892933618843683,0.9957627118644068,0.9721627408993576,0.9915254237288136,0.9164882226980728
1.0,0.9892933618843683,0.9957627118644068,0.9721627408993576,0.9915254237288136,0.9164882226980728
1.0,0.9892933618843683,0.9957627118644068,0.9721627408993576,0.9915254237288136,0.9164882226980728
1.0,0.9892933618843683,0.9957627118644068,0.9721627408993576,0.9915254237288136,0.9164882226980728
1.0,0.9892933618843683,0.9957627118644068,0.9700214132762313,0.9915254237288136,0.9164882226980728
1.0,0.9892933618843683,0.9957627118644068,0.9700214132762313,0.9915254237288136,0.9164882226980728
1.0,0.9892933618843683,0.9957627118644068,0.9700214132762313,0.9915254237288136,0.9164882226980728
1.0,0.9892933618843683,0.9957627118644068,0.9700214132762313,0.9915254237288136,0.9143468950749465
1.0,0.9892933618843683,0.9957627118644068,0.9700214132762313,0.9915254237288136,0.9143468950749465
1.0,0.9892933618843683,0.9957627118644068,0.9700214132762313,0.9915254237288136,0.9122055674518201
1.0,0.9892933618843683,0.9957627118644068,0.9700214132762313,0.9915254237288136,0.9122055674518201
1.0,0.9892933618843683,0.9957627118644068,0.9700214132762313,0.9915254237288136,0.9122055674518201
1.0,0.9892933618843683,0.9957627118644068,0.9700214132762313,0.9915254237288136,0.9122055674518201
1.0,0.9892933618843683,0.9957627118644068,0.9700214132762313,0.9915254237288136,0.9122055674518201
1.0,0.9892933618843683,0.9957627118644068,0.9700214132762313,0.9915254237288136,0.9122055674518201
1.0,0.9892933618843683,0.9957627118644068,0.9700214132762313,0.9915254237288136,0.9122055674518201
1.0,0.9892933618843683,0.9957627118644068,0.9700214132762313,0.9915254237288136,0.9122055674518201
1.0,0.9892933618843683,0.9957627118644068,0.9700214132762313,0.9915254237288136,0.9122055674518201
1.0,0.987152034261242,0.9957627118644068,0.9700214132762313,0.9915254237288136,0.9122055674518201
1.0,0.987152034261242,0.9957627118644068,0.9678800856531049,0.9915254237288136,0.9122055674518201
1.0,0.987152034261242,0.9957627118644068,0.9678800856531049,0.9915254237288136,0.9100642398286938
1.0,0.987152034261242,0.9957627118644068,0.9678800856531049,0.9915254237288136,0.9100642398286938
1.0,0.987152034261242,0.9957627118644068,0.9678800856531049,0.9915254237288136,0.9100642398286938
1.0,0.987152034261242,0.9957627118644068,0.9678800856531049,0.9915254237288136,0.9100642398286938
1.0,0.987152034261242,0.9957627118644068,0.9678800856531049,0.9915254237288136,0.9100642398286938
1.0,0.987152034261242,0.9957627118644068,0.9678800856531049,0.9915254237288136,0.9100642398286938
1.0,0.987152034261242,0.9957627118644068,0.9678800856531049,0.9915254237288136,0.9100642398286938
1.0,0.987152034261242,0.9957627118644068,0.9678800856531049,0.9915254237288136,0.9100642398286938
1.0,0.987152034261242,0.9957627118644068,0.9678800856531049,0.9915254237288136,0.9100642398286938
1.0,0.987152034261242,0.9957627118644068,0.9678800856531049,0.9915254237288136,0.9100642398286938
1.0,0.987152034261242,0.9957627118644068,0.9678800856531049,0.9915254237288136,0.9100642398286938
1.0,0.987152034261242,0.9957627118644068,0.9678800856531049,0.9915254237288136,0.9100642398286938
1.0,0.987152034261242,0.9957627118644068,0.9678800856531049,0.9915254237288136,0.9100642398286938
1.0,0.987152034261242,0.9957627118644068,0.9678800856531049,0.9915254237288136,0.9100642398286938
1.0,0.987152034261242,0.9957627118644068,0.9678800856531049,0.9915254237288136,0.9100642398286938
1.0,0.987152034261242,0.9957627118644068,0.9678800856531049,0.9915254237288136,0.9100642398286938
1.0,0.987152034261242,0.9957627118644068,0.9678800856531049,0.9915254237288136,0.9100642398286938
1.0,0.987152034261242,0.9957627118644068,0.9678800856531049,0.9915254237288136,0.9079229122055674
1.0,0.9850107066381156,0.9957627118644068,0.9678800856531049,0.9915254237288136,0.9079229122055674
1.0,0.9850107066381156,0.9957627118644068,0.9678800856531049,0.9915254237288136,0.9079229122055674
1.0,0.9850107066381156,0.9957627118644068,0.9678800856531049,0.9915254237288136,0.9079229122055674
1.0,0.9850107066381156,0.9957627118644068,0.9678800856531049,0.9915254237288136,0.9079229122055674
1.0,0.9850107066381156,0.9957627118644068,0.9678800856531049,0.9915254237288136,0.9079229122055674
1.0,0.9850107066381156,0.9957627118644068,0.9678800856531049,0.9915254237288136,0.9057815845824411
1.0,0.9850107066381156,0.9957627118644068,0.9678800856531049,0.9915254237288136,0.9057815845824411
1.0,0.9850107066381156,0.9957627118644068,0.9678800856531049,0.9915254237288136,0.9057815845824411
1.0,0.9850107066381156,0.9957627118644068,0.9678800856531049,0.9915254237288136,0.9057815845824411
1.0,0.9850107066381156,0.9957627118644068,0.9678800856531049,0.9915254237288136,0.9057815845824411
1.0,0.9850107066381156,0.9957627118644068,0.9678800856531049,0.9915254237288136,0.9036402569593148
1.0,0.9850107066381156,0.9957627118644068,0.9678800856531049,0.9915254237288136,0.9036402569593148
1.0,0.9850107066381156,0.9957627118644068,0.9678800856531049,0.9915254237288136,0.9014989293361885
1.0,0.9850107066381156,0.9957627118644068,0.9678800856531049,0.9915254237288136,0.9014989293361885
1.0,0.9850107066381156,0.9957627118644068,0.9678800856531049,0.9915254237288136,0.9014989293361885
1.0,0.9850107066381156,0.9957627118644068,0.9678800856531049,0.9915254237288136,0.8993576017130621
1.0,0.9850107066381156,0.9957627118644068,0.9678800856531049,0.9915254237288136,0.8993576017130621
1.0,0.9850107066381156,0.9957627118644068,0.9678800856531049,0.9915254237288136,0.8972162740899358
1.0,0.9850107066381156,0.9957627118644068,0.9678800856531049,0.9915254237288136,0.8950749464668094
1.0,0.9850107066381156,0.9957627118644068,0.9678800856531049,0.9915254237288136,0.892933618843683
1.0,0.9850107066381156,0.9957627118644068,0.9678800856531049,0.9915254237288136,0.892933618843683
0.9978813559322034,0.9850107066381156,0.9957627118644068,0.9678800856531049,0.9915254237288136,0.892933618843683
0.9978813559322034,0.9850107066381156,0.9957627118644068,0.9678800856531049,0.9915254237288136,0.892933618843683
0.9978813559322034,0.9850107066381156,0.9957627118644068,0.9678800856531049,0.9915254237288136,0.892933618843683
0.9978813559322034,0.9850107066381156,0.9957627118644068,0.9678800856531049,0.9915254237288136,0.892933618843683
0.9978813559322034,0.9850107066381156,0.9957627118644068,0.9678800856531049,0.9915254237288136,0.892933618843683
0.9978813559322034,0.9850107066381156,0.9957627118644068,0.9678800856531049,0.9915254237288136,0.8907922912205567
0.9978813559322034,0.9850107066381156,0.9957627118644068,0.9678800856531049,0.9915254237288136,0.8886509635974305
0.9978813559322034,0.9828693790149893,0.9957627118644068,0.9678800856531049,0.9915254237288136,0.8865096359743041
0.9978813559322034,0.9828693790149893,0.9957627118644068,0.9678800856531049,0.9915254237288136,0.8865096359743041
0.9978813559322034,0.9828693790149893,0.9957627118644068,0.9678800856531049,0.9915254237288136,0.8843683083511777
0.9978813559322034,0.9828693790149893,0.9957627118644068,0.9678800856531049,0.9915254237288136,0.8843683083511777
0.9978813559322034,0.9828693790149893,0.9957627118644068,0.9678800856531049,0.9915254237288136,0.8843683083511777
0.9978813559322034,0.9828693790149893,0.9957627118644068,0.9678800856531049,0.9915254237288136,0.8843683083511777
0.9978813559322034,0.9828693790149893,0.9957627118644068,0.9678800856531049,0.9915254237288136,0.8843683083511777
0.9978813559322034,0.9828693790149893,0.9957627118644068,0.9678800856531049,0.9915254237288136,0.8843683083511777
0.9978813559322034,0.9828693790149893,0.9957627118644068,0.9678800856531049,0.9915254237288136,0.8843683083511777
0.9978813559322034,0.9828693790149893,0.9957627118644068,0.9678800856531049,0.9915254237288136,0.8822269807280514
0.9978813559322034,0.9828693790149893,0.9957627118644068,0.9678800856531049,0.9915254237288136,0.8822269807280514
0.9978813559322034,0.9828693790149893,0.9957627118644068,0.9678800856531049,0.9915254237288136,0.8822269807280514
0.9978813559322034,0.9828693790149893,0.9957627118644068,0.9678800856531049,0.9915254237288136,0.8822269807280514
0.9978813559322034,0.9828693790149893,0.9957627118644068,0.9678800856531049,0.9915254237288136,0.8822269807280514
0.9978813559322034,0.9828693790149893,0.9957627118644068,0.9678800856531049,0.9915254237288136,0.8822269807280514
0.9978813559322034,0.9828693790149893,0.9957627118644068,0.9678800856531049,0.9915254237288136,0.8822269807280514
0.9978813559322034,0.9828693790149893,0.9957627118644068,0.9678800856531049,0.9915254237288136,0.8822269807280514
0.9978813559322034,0.9828693790149893,0.9957627118644068,0.9678800856531049,0.9915254237288136,0.8822269807280514
0.9978813559322034,0.9828693790149893,0.9957627118644068,0.9678800856531049,0.9915254237288136,0.8822269807280514
0.9978813559322034,0.9828693790149893,0.9957627118644068,0.9678800856531049,0.9915254237288136,0.8822269807280514
0.9978813559322034,0.9828693790149893,0.9957627118644068,0.9678800856531049,0.9915254237288136,0.8822269807280514
0.9978813559322034,0.9828693790149893,0.9957627118644068,0.9678800856531049,0.9915254237288136,0.8822269807280514
0.9978813559322034,0.9828693790149893,0.9957627118644068,0.9678800856531049,0.9915254237288136,0.8822269807280514
0.9978813559322034,0.9828693790149893,0.9957627118644068,0.9678800856531049,0.9915254237288136,0.8822269807280514
0.9978813559322034,0.9828693790149893,0.9957627118644068,0.9678800856531049,0.9915254237288136,0.8822269807280514
0.9978813559322034,0.9828693790149893,0.9957627118644068,0.9678800856531049,0.9915254237288136,0.8822269807280514
0.9978813559322034,0.9828693790149893,0.9957627118644068,0.9678800856531049,0.9915254237288136,0.8822269807280514
0.9978813559322034,0.9828693790149893,0.9957627118644068,0.9678800856531049,0.9915254237288136,0.8822269807280514
0.9978813559322034,0.9828693790149893,0.9957627118644068,0.9678800856531049,0.9915254237288136,0.8822269807280514
0.9978813559322034,0.9828693790149893,0.9957627118644068,0.9678800856531049,0.9915254237288136,0.8822269807280514
0.9978813559322034,0.9828693790149893,0.9957627118644068,0.9678800856531049,0.9915254237288136,0.8822269807280514
0.9978813559322034,0.9828693790149893,0.9957627118644068,0.9678800856531049,0.9915254237288136,0.8822269807280514
0.9978813559322034,0.9828693790149893,0.9957627118644068,0.9678800856531049,0.9915254237288136,0.8822269807280514
0.9978813559322034,0.9828693790149893,0.9957627118644068,0.9678800856531049,0.9915254237288136,0.8822269807280514
0.9978813559322034,0.9807280513918629,0.9957627118644068,0.9678800856531049,0.9915254237288136,0.8822269807280514
0.9978813559322034,0.9807280513918629,0.9957627118644068,0.9678800856531049,0.9915254237288136,0.8822269807280514
0.9978813559322034,0.9807280513918629,0.9957627118644068,0.9678800856531049,0.9915254237288136,0.8822269807280514
0.9978813559322034,0.9807280513918629,0.9957627118644068,0.9678800856531049,0.9915254237288136,0.8822269807280514
0.9978813559322034,0.9807280513918629,0.9957627118644068,0.9678800856531049,0.9915254237288136,0.8822269807280514
0.9978813559322034,0.9807280513918629,0.9957627118644068,0.9678800856531049,0.9915254237288136,0.8822269807280514
0.9978813559322034,0.9807280513918629,0.9957627118644068,0.9678800856531049,0.9915254237288136,0.8822269807280514
0.9978813559322034,0.9807280513918629,0.9957627118644068,0.9678800856531049,0.9915254237288136,0.8822269807280514
0.9978813559322034,0.9807280513918629,0.9957627118644068,0.9678800856531049,0.9915254237288136,0.8822269807280514
0.9978813559322034,0.9807280513918629,0.9957627118644068,0.9678800856531049,0.9915254237288136,0.8822269807280514
0.9978813559322034,0.9807280513918629,0.9957627118644068,0.9678800856531049,0.9915254237288136,0.8822269807280514
0.9978813559322034,0.9807280513918629,0.9957627118644068,0.9678800856531049,0.9915254237288136,0.880085653104925
0.9978813559322034,0.9807280513918629,0.9957627118644068,0.9678800856531049,0.9915254237288136,0.880085653104925
0.9978813559322034,0.9807280513918629,0.9957627118644068,0.9678800856531049,0.9915254237288136,0.880085653104925
0.9978813559322034,0.9807280513918629,0.9957627118644068,0.9678800856531049,0.9915254237288136,0.8779443254817987
0.9978813559322034,0.9807280513918629,0.9957627118644068,0.9678800856531049,0.9915254237288136,0.8779443254817987
0.9978813559322034,0.9807280513918629,0.9957627118644068,0.9678800856531049,0.9915254237288136,0.8779443254817987
0.9978813559322034,0.9807280513918629,0.9957627118644068,0.9678800856531049,0.9915254237288136,0.8779443254817987
0.9978813559322034,0.9807280513918629,0.9957627118644068,0.9657387580299786,0.989406779661017,0.8779443254817987
0.9978813559322034,0.9807280513918629,0.9957627118644068,0.9657387580299786,0.989406779661017,0.8779443254817987
0.9978813559322034,0.9807280513918629,0.9957627118644068,0.9657387580299786,0.989406779661017,0.8758029978586723
0.9978813559322034,0.9807280513918629,0.9957627118644068,0.9657387580299786,0.9872881355932204,0.8758029978586723
0.9978813559322034,0.9807280513918629,0.9957627118644068,0.9635974304068522,0.9872881355932204,0.8736616702355461
0.9978813559322034,0.9807280513918629,0.9957627118644068,0.9635974304068522,0.9872881355932204,0.8736616702355461
0.9978813559322034,0.9807280513918629,0.9957627118644068,0.9635974304068522,0.9872881355932204,0.8736616702355461
0.9978813559322034,0.9807280513918629,0.9957627118644068,0.9635974304068522,0.9872881355932204,0.8736616702355461
0.9978813559322034,0.9807280513918629,0.9957627118644068,0.9635974304068522,0.9872881355932204,0.8736616702355461
0.9957627118644068,0.9785867237687366,0.9957627118644068,0.9635974304068522,0.9872881355932204,0.8736616702355461
0.9957627118644068,0.9785867237687366,0.9957627118644068,0.9635974304068522,0.9872881355932204,0.8736616702355461
0.9957627118644068,0.9785867237687366,0.9957627118644068,0.9635974304068522,0.9872881355932204,0.8736616702355461
0.9957627118644068,0.9785867237687366,0.9957627118644068,0.9635974304068522,0.9872881355932204,0.8715203426124197
0.9957627118644068,0.9785867237687366,0.9957627118644068,0.9635974304068522,0.9872881355932204,0.8715203426124197
0.9957627118644068,0.9785867237687366,0.9957627118644068,0.9635974304068522,0.9872881355932204,0.8715203426124197
0.9957627118644068,0.9785867237687366,0.9957627118644068,0.9635974304068522,0.9872881355932204,0.8715203426124197
0.9957627118644068,0.9785867237687366,0.9957627118644068,0.9635974304068522,0.9872881355932204,0.8715203426124197
0.9957627118644068,0.9785867237687366,0.9957627118644068,0.961456102783726,0.9872881355932204,0.8693790149892934
0.9957627118644068,0.9785867237687366,0.9957627118644068,0.961456102783726,0.9872881355932204,0.8693790149892934
0.9957627118644068,0.9785867237687366,0.9957627118644068,0.961456102783726,0.9872881355932204,0.8693790149892934
0.9957627118644068,0.9785867237687366,0.9957627118644068,0.961456102783726,0.9872881355932204,0.8693790149892934
0.9957627118644068,0.9785867237687366,0.9957627118644068,0.961456102783726,0.9872881355932204,0.8693790149892934
0.9957627118644068,0.9785867237687366,0.9957627118644068,0.961456102783726,0.9872881355932204,0.867237687366167
0.9957627118644068,0.9764453961456103,0.9957627118644068,0.961456102783726,0.9872881355932204,0.867237687366167
0.9957627118644068,0.9764453961456103,0.9957627118644068,0.961456102783726,0.9872881355932204,0.867237687366167
0.9957627118644068,0.9764453961456103,0.9957627118644068,0.961456102783726,0.9872881355932204,0.867237687366167
0.9957627118644068,0.9764453961456103,0.9957627118644068,0.961456102783726,0.9872881355932204,0.867237687366167
0.9957627118644068,0.9764453961456103,0.9957627118644068,0.9593147751605996,0.9872881355932204,0.867237687366167
0.9957627118644068,0.9764453961456103,0.9957627118644068,0.9593147751605996,0.9872881355932204,0.867237687366167
0.9957627118644068,0.9764453961456103,0.9957627118644068,0.9593147751605996,0.9872881355932204,0.867237687366167
0.9957627118644068,0.974304068522484,0.9957627118644068,0.9593147751605996,0.9872881355932204,0.867237687366167
0.9957627118644068,0.974304068522484,0.9957627118644068,0.9571734475374732,0.9872881355932204,0.867237687366167
0.9957627118644068,0.974304068522484,0.9957627118644068,0.9571734475374732,0.9872881355932204,0.867237687366167
0.9957627118644068,0.974304068522484,0.9957627118644068,0.9571734475374732,0.9872881355932204,0.867237687366167
0.9957627118644068,0.974304068522484,0.9957627118644068,0.9571734475374732,0.9872881355932204,0.867237687366167
0.9957627118644068,0.974304068522484,0.9957627118644068,0.9571734475374732,0.9872881355932204,0.867237687366167
0.9957627118644068,0.974304068522484,0.9957627118644068,0.9571734475374732,0.9872881355932204,0.8650963597430407
0.9957627118644068,0.974304068522484,0.9957627118644068,0.9571734475374732,0.9872881355932204,0.8629550321199143
0.9957627118644068,0.974304068522484,0.9957627118644068,0.9571734475374732,0.9872881355932204,0.8629550321199143
0.9957627118644068,0.974304068522484,0.9957627118644068,0.9550321199143469,0.9872881355932204,0.8629550321199143
0.9957627118644068,0.974304068522484,0.9957627118644068,0.9550321199143469,0.9872881355932204,0.8629550321199143
0.9957627118644068,0.974304068522484,0.9957627118644068,0.9550321199143469,0.9872881355932204,0.8629550321199143
0.9957627118644068,0.974304068522484,0.9957627118644068,0.9550321199143469,0.9872881355932204,0.8629550321199143
0.9957627118644068,0.9721627408993576,0.9957627118644068,0.9507494646680942,0.9872881355932204,0.860813704496788
0.9957627118644068,0.9721627408993576,0.9957627118644068,0.9507494646680942,0.9872881355932204,0.860813704496788
0.9957627118644068,0.9721627408993576,0.9957627118644068,0.9507494646680942,0.9872881355932204,0.860813704496788
0.9957627118644068,0.9721627408993576,0.9957627118644068,0.9507494646680942,0.9872881355932204,0.860813704496788
0.9957627118644068,0.9721627408993576,0.9957627118644068,0.9507494646680942,0.9872881355932204,0.860813704496788
0.9957627118644068,0.9721627408993576,0.9957627118644068,0.9507494646680942,0.9872881355932204,0.860813704496788
0.9957627118644068,0.9721627408993576,0.9957627118644068,0.9507494646680942,0.9872881355932204,0.860813704496788
0.9957627118644068,0.9721627408993576,0.9957627118644068,0.9507494646680942,0.9872881355932204,0.860813704496788
0.9957627118644068,0.9721627408993576,0.9957627118644068,0.9507494646680942,0.9872881355932204,0.860813704496788
0.9957627118644068,0.9721627408993576,0.9957627118644068,0.9507494646680942,0.9872881355932204,0.8586723768736617
0.9957627118644068,0.9721627408993576,0.9957627118644068,0.9507494646680942,0.9872881355932204,0.8586723768736617
0.9957627118644068,0.9721627408993576,0.9957627118644068,0.9507494646680942,0.9872881355932204,0.8586723768736617
0.9957627118644068,0.9721627408993576,0.9957627118644068,0.9507494646680942,0.9872881355932204,0.8586723768736617
0.9957627118644068,0.9721627408993576,0.9957627118644068,0.9507494646680942,0.9872881355932204,0.8586723768736617
0.9957627118644068,0.9721627408993576,0.9957627118644068,0.9507494646680942,0.9872881355932204,0.8586723768736617
0.9957627118644068,0.9721627408993576,0.9957627118644068,0.9507494646680942,0.9872881355932204,0.8586723768736617
0.9957627118644068,0.9721627408993576,0.9957627118644068,0.9507494646680942,0.9872881355932204,0.8586723768736617
0.9957627118644068,0.9721627408993576,0.9957627118644068,0.9507494646680942,0.9872881355932204,0.8586723768736617
0.9957627118644068,0.9721627408993576,0.9957627118644068,0.9507494646680942,0.9872881355932204,0.8586723768736617
0.9957627118644068,0.9721627408993576,0.9957627118644068,0.9507494646680942,0.9872881355932204,0.854389721627409
0.9957627118644068,0.9721627408993576,0.9957627118644068,0.9507494646680942,0.9872881355932204,0.854389721627409
0.9957627118644068,0.9721627408993576,0.9957627118644068,0.9507494646680942,0.9851694915254238,0.854389721627409
0.9957627118644068,0.9721627408993576,0.9957627118644068,0.9507494646680942,0.9851694915254238,0.854389721627409
0.9957627118644068,0.9721627408993576,0.9957627118644068,0.9507494646680942,0.9851694915254238,0.854389721627409
0.9957627118644068,0.9721627408993576,0.9957627118644068,0.9507494646680942,0.9851694915254238,0.854389721627409
0.9957627118644068,0.9721627408993576,0.9957627118644068,0.9507494646680942,0.9851694915254238,0.854389721627409
0.9957627118644068,0.9721627408993576,0.9957627118644068,0.9507494646680942,0.9851694915254238,0.854389721627409
0.9957627118644068,0.9721627408993576,0.9957627118644068,0.9507494646680942,0.9851694915254238,0.854389721627409
0.9957627118644068,0.9721627408993576,0.9957627118644068,0.9507494646680942,0.9851694915254238,0.854389721627409
0.9957627118644068,0.9721627408993576,0.9957627118644068,0.9507494646680942,0.9851694915254238,0.854389721627409
0.9957627118644068,0.9721627408993576,0.9957627118644068,0.9507494646680942,0.9851694915254238,0.854389721627409
0.9957627118644068,0.9721627408993576,0.9957627118644068,0.9507494646680942,0.9851694915254238,0.854389721627409
0.9957627118644068,0.9721627408993576,0.9957627118644068,0.9507494646680942,0.9851694915254238,0.854389721627409
0.9957627118644068,0.9721627408993576,0.9957627118644068,0.9507494646680942,0.9851694915254238,0.8522483940042827
0.9957627118644068,0.9721627408993576,0.9957627118644068,0.9507494646680942,0.9851694915254238,0.8522483940042827
0.9957627118644068,0.9721627408993576,0.9957627118644068,0.9507494646680942,0.9851694915254238,0.8522483940042827
0.9957627118644068,0.9721627408993576,0.9957627118644068,0.9507494646680942,0.9851694915254238,0.8522483940042827
0.9957627118644068,0.9721627408993576,0.9957627118644068,0.9507494646680942,0.9851694915254238,0.8522483940042827
0.9957627118644068,0.9721627408993576,0.9957627118644068,0.9507494646680942,0.9851694915254238,0.8501070663811563
0.9957627118644068,0.9721627408993576,0.9957627118644068,0.9507494646680942,0.9851694915254238,0.8501070663811563
0.9957627118644068,0.9721627408993576,0.9957627118644068,0.9486081370449678,0.9851694915254238,0.8501070663811563
0.9957627118644068,0.9721627408993576,0.9957627118644068,0.9486081370449678,0.9851694915254238,0.8501070663811563
0.9957627118644068,0.9721627408993576,0.9957627118644068,0.9486081370449678,0.9851694915254238,0.8501070663811563
0.9957627118644068,0.9721627408993576,0.9957627118644068,0.9464668094218416,0.9851694915254238,0.8501070663811563
0.9957627118644068,0.9721627408993576,0.9957627118644068,0.9464668094218416,0.9851694915254238,0.8501070663811563
0.9957627118644068,0.9721627408993576,0.9957627118644068,0.9464668094218416,0.9851694915254238,0.8501070663811563
0.9957627118644068,0.9721627408993576,0.9957627118644068,0.9464668094218416,0.9851694915254238,0.8501070663811563
0.9957627118644068,0.9721627408993576,0.9957627118644068,0.9464668094218416,0.9851694915254238,0.8501070663811563
0.9957627118644068,0.9721627408993576,0.9957627118644068,0.9464668094218416,0.9830508474576272,0.8501070663811563
0.9957627118644068,0.9721627408993576,0.9936440677966102,0.9464668094218416,0.9830508474576272,0.8501070663811563
0.9957627118644068,0.9721627408993576,0.9936440677966102,0.9464668094218416,0.9830508474576272,0.8501070663811563
0.9957627118644068,0.9721627408993576,0.9936440677966102,0.9464668094218416,0.9830508474576272,0.8479657387580299
0.9957627118644068,0.9721627408993576,0.9936440677966102,0.9443254817987152,0.9830508474576272,0.8479657387580299
0.9957627118644068,0.9721627408993576,0.9936440677966102,0.9443254817987152,0.9830508474576272,0.8479657387580299
0.9957627118644068,0.9721627408993576,0.9936440677966102,0.9443254817987152,0.9830508474576272,0.8479657387580299
0.9957627118644068,0.9721627408993576,0.9915254237288136,0.9443254817987152,0.9830508474576272,0.8458244111349036
0.9957627118644068,0.9721627408993576,0.9915254237288136,0.9443254817987152,0.9830508474576272,0.8436830835117773
0.9957627118644068,0.9721627408993576,0.9915254237288136,0.9443254817987152,0.9830508474576272,0.8436830835117773
0.9957627118644068,0.9721627408993576,0.9915254237288136,0.9443254817987152,0.9788135593220338,0.8436830835117773
0.9957627118644068,0.9721627408993576,0.9915254237288136,0.9443254817987152,0.9788135593220338,0.8436830835117773
0.9957627118644068,0.9721627408993576,0.9915254237288136,0.9443254817987152,0.9788135593220338,0.8436830835117773
0.9957627118644068,0.9721627408993576,0.9915254237288136,0.9443254817987152,0.9788135593220338,0.8436830835117773
0.9957627118644068,0.9721627408993576,0.9915254237288136,0.9443254817987152,0.9788135593220338,0.8436830835117773
0.9957627118644068,0.9721627408993576,0.9915254237288136,0.9443254817987152,0.9788135593220338,0.8436830835117773
0.9957627118644068,0.9721627408993576,0.9915254237288136,0.9443254817987152,0.9788135593220338,0.8394004282655246
0.9957627118644068,0.9721627408993576,0.9915254237288136,0.9400428265524625,0.9788135593220338,0.8394004282655246
0.9957627118644068,0.9721627408993576,0.9915254237288136,0.9400428265524625,0.9788135593220338,0.8394004282655246
0.9957627118644068,0.9721627408993576,0.9915254237288136,0.9400428265524625,0.9788135593220338,0.8394004282655246
0.9957627118644068,0.9721627408993576,0.9915254237288136,0.9400428265524625,0.9788135593220338,0.8394004282655246
0.9957627118644068,0.9700214132762313,0.9915254237288136,0.9400428265524625,0.9788135593220338,0.8394004282655246
0.9957627118644068,0.9700214132762313,0.9915254237288136,0.9400428265524625,0.9788135593220338,0.8372591006423983
0.9957627118644068,0.9700214132762313,0.9915254237288136,0.9400428265524625,0.9788135593220338,0.8372591006423983
0.9957627118644068,0.9700214132762313,0.9915254237288136,0.9336188436830836,0.9788135593220338,0.8372591006423983
0.9957627118644068,0.9700214132762313,0.9915254237288136,0.9336188436830836,0.9766949152542372,0.8372591006423983
0.9957627118644068,0.9700214132762313,0.9915254237288136,0.9314775160599572,0.9766949152542372,0.8351177730192719
0.9957627118644068,0.9700214132762313,0.9915254237288136,0.9314775160599572,0.9766949152542372,0.8351177730192719
0.9957627118644068,0.9700214132762313,0.9915254237288136,0.9314775160599572,0.9766949152542372,0.8351177730192719
0.9957627118644068,0.9700214132762313,0.9915254237288136,0.9293361884368309,0.9766949152542372,0.8351177730192719
0.9957627118644068,0.9700214132762313,0.9915254237288136,0.9293361884368309,0.9766949152542372,0.8351177730192719
0.9957627118644068,0.9700214132762313,0.9915254237288136,0.9271948608137045,0.9766949152542372,0.8351177730192719
0.9957627118644068,0.9700214132762313,0.9915254237288136,0.9271948608137045,0.9766949152542372,0.8329764453961456
0.9957627118644068,0.9700214132762313,0.9915254237288136,0.9250535331905781,0.9766949152542372,0.8329764453961456
0.9957627118644068,0.9657387580299786,0.9915254237288136,0.9250535331905781,0.9766949152542372,0.8329764453961456
0.9957627118644068,0.9657387580299786,0.9915254237288136,0.9250535331905781,0.9766949152542372,0.8329764453961456
0.9957627118644068,0.9657387580299786,0.9915254237288136,0.9250535331905781,0.9766949152542372,0.828693790149893
0.9957627118644068,0.9657387580299786,0.9915254237288136,0.9250535331905781,0.9766949152542372,0.828693790149893
0.9957627118644068,0.9657387580299786,0.9915254237288136,0.9250535331905781,0.9766949152542372,0.828693790149893
0.9957627118644068,0.9657387580299786,0.9915254237288136,0.9250535331905781,0.9766949152542372,0.828693790149893
0.9957627118644068,0.9657387580299786,0.9915254237288136,0.9250535331905781,0.9766949152542372,0.828693790149893
0.9957627118644068,0.9657387580299786,0.9915254237288136,0.9250535331905781,0.9766949152542372,0.828693790149893
0.9957627118644068,0.9657387580299786,0.9915254237288136,0.9250535331905781,0.9766949152542372,0.828693790149893
0.9957627118644068,0.9657387580299786,0.9915254237288136,0.9250535331905781,0.9766949152542372,0.828693790149893
0.9957627118644068,0.9657387580299786,0.9915254237288136,0.9250535331905781,0.9766949152542372,0.828693790149893
0.9957627118644068,0.9657387580299786,0.9915254237288136,0.9250535331905781,0.9766949152542372,0.828693790149893
0.9957627118644068,0.9657387580299786,0.9915254237288136,0.9250535331905781,0.9745762711864406,0.828693790149893
0.9957627118644068,0.9657387580299786,0.9915254237288136,0.9250535331905781,0.9745762711864406,0.828693790149893
0.9957627118644068,0.9657387580299786,0.9915254237288136,0.9250535331905781,0.9745762711864406,0.828693790149893
0.9957627118644068,0.9657387580299786,0.9915254237288136,0.9250535331905781,0.9745762711864406,0.828693790149893
0.9957627118644068,0.9657387580299786,0.9915254237288136,0.9250535331905781,0.9745762711864406,0.828693790149893
0.9957627118644068,0.9657387580299786,0.9915254237288136,0.9250535331905781,0.9745762711864406,0.828693790149893
0.9957627118644068,0.9657387580299786,0.9915254237288136,0.9250535331905781,0.9745762711864406,0.8265524625267666
0.9957627118644068,0.9657387580299786,0.9915254237288136,0.9250535331905781,0.9745762711864406,0.8265524625267666
0.9957627118644068,0.9657387580299786,0.9915254237288136,0.9250535331905781,0.972457627118644,0.8265524625267666
0.9957627118644068,0.9657387580299786,0.9915254237288136,0.9250535331905781,0.972457627118644,0.8265524625267666
0.9957627118644068,0.9657387580299786,0.9915254237288136,0.9250535331905781,0.972457627118644,0.8265524625267666
0.9957627118644068,0.9657387580299786,0.9915254237288136,0.9250535331905781,0.972457627118644,0.8265524625267666
0.9957627118644068,0.9657387580299786,0.9915254237288136,0.9250535331905781,0.972457627118644,0.8265524625267666
0.9957627118644068,0.9657387580299786,0.9915254237288136,0.9250535331905781,0.972457627118644,0.8265524625267666
0.9957627118644068,0.9657387580299786,0.9915254237288136,0.9250535331905781,0.972457627118644,0.8244111349036403
0.9957627118644068,0.9657387580299786,0.9915254237288136,0.9229122055674518,0.972457627118644,0.8244111349036403
0.9957627118644068,0.961456102783726,0.989406779661017,0.9229122055674518,0.972457627118644,0.8244111349036403
0.9957627118644068,0.961456102783726,0.989406779661017,0.9229122055674518,0.972457627118644,0.8244111349036403
0.9957627118644068,0.961456102783726,0.989406779661017,0.9229122055674518,0.972457627118644,0.8244111349036403
0.9957627118644068,0.961456102783726,0.989406779661017,0.9229122055674518,0.972457627118644,0.8244111349036403
0.9957627118644068,0.961456102783726,0.989406779661017,0.9229122055674518,0.972457627118644,0.8244111349036403
0.9957627118644068,0.961456102783726,0.989406779661017,0.9229122055674518,0.972457627118644,0.8244111349036403
0.9957627118644068,0.961456102783726,0.989406779661017,0.9229122055674518,0.972457627118644,0.8244111349036403
0.9957627118644068,0.9593147751605996,0.989406779661017,0.9229122055674518,0.972457627118644,0.8244111349036403
0.9957627118644068,0.9593147751605996,0.989406779661017,0.9229122055674518,0.9703389830508474,0.8244111349036403
0.9957627118644068,0.9593147751605996,0.989406779661017,0.9229122055674518,0.9703389830508474,0.8222698072805139
0.9957627118644068,0.9593147751605996,0.989406779661017,0.9229122055674518,0.9703389830508474,0.8201284796573876
0.9957627118644068,0.9593147751605996,0.989406779661017,0.9229122055674518,0.9703389830508474,0.8201284796573876
0.9957627118644068,0.9593147751605996,0.989406779661017,0.9229122055674518,0.9682203389830508,0.8201284796573876
0.9957627118644068,0.9593147751605996,0.989406779661017,0.9229122055674518,0.9682203389830508,0.8201284796573876
0.9957627118644068,0.9593147751605996,0.989406779661017,0.9229122055674518,0.9682203389830508,0.8201284796573876
0.9957627118644068,0.9593147751605996,0.989406779661017,0.9229122055674518,0.9682203389830508,0.8201284796573876
0.9957627118644068,0.9593147751605996,0.989406779661017,0.9229122055674518,0.9682203389830508,0.8179871520342612
0.9957627118644068,0.9593147751605996,0.989406779661017,0.9229122055674518,0.9682203389830508,0.8179871520342612
0.9957627118644068,0.9593147751605996,0.989406779661017,0.9229122055674518,0.9682203389830508,0.8179871520342612
0.9957627118644068,0.9593147751605996,0.989406779661017,0.9229122055674518,0.9682203389830508,0.8179871520342612
0.9957627118644068,0.9593147751605996,0.989406779661017,0.9229122055674518,0.9682203389830508,0.8179871520342612
0.9957627118644068,0.9593147751605996,0.989406779661017,0.9229122055674518,0.9682203389830508,0.8179871520342612
0.9957627118644068,0.9593147751605996,0.989406779661017,0.9229122055674518,0.9682203389830508,0.8179871520342612
0.9957627118644068,0.9593147751605996,0.989406779661017,0.9229122055674518,0.9682203389830508,0.8179871520342612
0.9957627118644068,0.9593147751605996,0.989406779661017,0.9229122055674518,0.9682203389830508,0.8179871520342612
0.9957627118644068,0.9593147751605996,0.989406779661017,0.9229122055674518,0.9682203389830508,0.8179871520342612
0.9957627118644068,0.9593147751605996,0.989406779661017,0.9229122055674518,0.9682203389830508,0.8179871520342612
0.9957627118644068,0.9571734475374732,0.989406779661017,0.9229122055674518,0.9682203389830508,0.8179871520342612
0.9957627118644068,0.9571734475374732,0.989406779661017,0.9229122055674518,0.9682203389830508,0.8179871520342612
0.9957627118644068,0.9571734475374732,0.989406779661017,0.9207708779443254,0.9682203389830508,0.815845824411135
0.9957627118644068,0.9571734475374732,0.9872881355932204,0.9186295503211992,0.9682203389830508,0.815845824411135
0.9957627118644068,0.9571734475374732,0.9872881355932204,0.9186295503211992,0.9661016949152542,0.815845824411135
0.9957627118644068,0.9571734475374732,0.9872881355932204,0.9186295503211992,0.9661016949152542,0.8137044967880086
0.9957627118644068,0.9571734475374732,0.9872881355932204,0.9186295503211992,0.9661016949152542,0.8137044967880086
0.9957627118644068,0.9571734475374732,0.9872881355932204,0.9186295503211992,0.9661016949152542,0.8115631691648822
0.9957627118644068,0.9571734475374732,0.9872881355932204,0.9186295503211992,0.9661016949152542,0.8115631691648822
0.9957627118644068,0.9571734475374732,0.9872881355932204,0.9186295503211992,0.9661016949152542,0.8094218415417559
0.9957627118644068,0.9571734475374732,0.9872881355932204,0.9186295503211992,0.9661016949152542,0.8094218415417559
0.9957627118644068,0.9571734475374732,0.9872881355932204,0.9186295503211992,0.9661016949152542,0.8094218415417559
0.9957627118644068,0.9571734475374732,0.9872881355932204,0.9186295503211992,0.9661016949152542,0.8094218415417559
0.9957627118644068,0.9571734475374732,0.9872881355932204,0.9186295503211992,0.9639830508474576,0.8094218415417559
0.9957627118644068,0.9571734475374732,0.9872881355932204,0.9186295503211992,0.9639830508474576,0.8072805139186295
0.9957627118644068,0.9571734475374732,0.9872881355932204,0.9186295503211992,0.9639830508474576,0.8072805139186295
0.9957627118644068,0.9571734475374732,0.9872881355932204,0.9186295503211992,0.9639830508474576,0.8051391862955032
0.9957627118644068,0.9571734475374732,0.9872881355932204,0.9186295503211992,0.9639830508474576,0.8051391862955032
0.9957627118644068,0.9571734475374732,0.9872881355932204,0.9186295503211992,0.9639830508474576,0.8051391862955032
0.9957627118644068,0.9571734475374732,0.9872881355932204,0.9186295503211992,0.9639830508474576,0.8029978586723768
0.9957627118644068,0.9571734475374732,0.9872881355932204,0.9186295503211992,0.9639830508474576,0.8029978586723768
0.9957627118644068,0.9550321199143469,0.9872881355932204,0.9186295503211992,0.9639830508474576,0.8029978586723768
0.9957627118644068,0.9550321199143469,0.9872881355932204,0.9186295503211992,0.9639830508474576,0.8008565310492506
0.9957627118644068,0.9550321199143469,0.9872881355932204,0.9186295503211992,0.9639830508474576,0.8008565310492506
0.9957627118644068,0.9550321199143469,0.9872881355932204,0.9186295503211992,0.961864406779661,0.8008565310492506
0.9957627118644068,0.9550321199143469,0.9872881355932204,0.9186295503211992,0.961864406779661,0.7987152034261242
0.9957627118644068,0.9550321199143469,0.9872881355932204,0.9186295503211992,0.961864406779661,0.7987152034261242
0.9936440677966102,0.9550321199143469,0.9872881355932204,0.9186295503211992,0.961864406779661,0.7987152034261242
0.9936440677966102,0.9550321199143469,0.9872881355932204,0.9186295503211992,0.961864406779661,0.7987152034261242
0.9936440677966102,0.9550321199143469,0.9872881355932204,0.9186295503211992,0.961864406779661,0.7987152034261242
0.9936440677966102,0.9550321199143469,0.9872881355932204,0.9186295503211992,0.961864406779661,0.7987152034261242
0.9936440677966102,0.9550321199143469,0.9872881355932204,0.9186295503211992,0.961864406779661,0.7965738758029979
0.9936440677966102,0.9550321199143469,0.9851694915254238,0.9164882226980728,0.961864406779661,0.7965738758029979
0.9936440677966102,0.9550321199143469,0.9851694915254238,0.9164882226980728,0.9597457627118644,0.7965738758029979
0.9936440677966102,0.9550321199143469,0.9851694915254238,0.9164882226980728,0.9597457627118644,0.7965738758029979
0.9936440677966102,0.9550321199143469,0.9851694915254238,0.9164882226980728,0.9597457627118644,0.7944325481798715
0.9936440677966102,0.9550321199143469,0.9851694915254238,0.9164882226980728,0.9576271186440678,0.7922912205567452
0.9936440677966102,0.9550321199143469,0.9830508474576272,0.9164882226980728,0.9576271186440678,0.7922912205567452
0.9936440677966102,0.9550321199143469,0.9830508474576272,0.9164882226980728,0.9576271186440678,0.7922912205567452
0.9936440677966102,0.9550321199143469,0.9830508474576272,0.9143468950749465,0.9576271186440678,0.7922912205567452
0.9936440677966102,0.9550321199143469,0.9830508474576272,0.9143468950749465,0.9576271186440678,0.7901498929336188
0.9936440677966102,0.9528907922912205,0.9830508474576272,0.9143468950749465,0.9576271186440678,0.7901498929336188
0.9936440677966102,0.9528907922912205,0.9830508474576272,0.9143468950749465,0.9576271186440678,0.7880085653104925
0.9936440677966102,0.9528907922912205,0.9830508474576272,0.9143468950749465,0.9576271186440678,0.7858672376873662
0.9936440677966102,0.9528907922912205,0.9830508474576272,0.9143468950749465,0.9576271186440678,0.7858672376873662
0.9936440677966102,0.9528907922912205,0.9830508474576272,0.9143468950749465,0.9576271186440678,0.7858672376873662
0.9936440677966102,0.9528907922912205,0.9830508474576272,0.9143468950749465,0.9576271186440678,0.7858672376873662
0.9936440677966102,0.9528907922912205,0.9809322033898306,0.9143468950749465,0.9576271186440678,0.7858672376873662
0.9915254237288136,0.9507494646680942,0.9809322033898306,0.9143468950749465,0.9576271186440678,0.7858672376873662
0.9915254237288136,0.9507494646680942,0.9809322033898306,0.9122055674518201,0.9576271186440678,0.7858672376873662
0.9915254237288136,0.9507494646680942,0.9809322033898306,0.9122055674518201,0.9576271186440678,0.7858672376873662
0.9915254237288136,0.9507494646680942,0.9809322033898306,0.9122055674518201,0.9576271186440678,0.7858672376873662
0.9915254237288136,0.9507494646680942,0.9809322033898306,0.9122055674518201,0.9555084745762712,0.7837259100642399
0.9915254237288136,0.9507494646680942,0.9809322033898306,0.9122055674518201,0.9555084745762712,0.7837259100642399
0.9915254237288136,0.9507494646680942,0.9809322033898306,0.9122055674518201,0.9533898305084746,0.7837259100642399
0.989406779661017,0.9486081370449678,0.9809322033898306,0.9122055674518201,0.9533898305084746,0.7837259100642399
0.989406779661017,0.9486081370449678,0.9809322033898306,0.9122055674518201,0.9533898305084746,0.7837259100642399
0.989406779661017,0.9486081370449678,0.9809322033898306,0.9122055674518201,0.9533898305084746,0.7837259100642399
0.989406779661017,0.9486081370449678,0.9809322033898306,0.9122055674518201,0.9533898305084746,0.7837259100642399
0.989406779661017,0.9486081370449678,0.9809322033898306,0.9122055674518201,0.951271186440678,0.7837259100642399
0.989406779661017,0.9486081370449678,0.9809322033898306,0.9122055674518201,0.9470338983050848,0.7837259100642399
0.989406779661017,0.9486081370449678,0.9809322033898306,0.9122055674518201,0.9470338983050848,0.7837259100642399
0.989406779661017,0.9464668094218416,0.9809322033898306,0.9122055674518201,0.9470338983050848,0.7815845824411135
0.989406779661017,0.9464668094218416,0.9809322033898306,0.9122055674518201,0.9470338983050848,0.7815845824411135
0.989406779661017,0.9464668094218416,0.9788135593220338,0.9122055674518201,0.9470338983050848,0.7815845824411135
0.989406779661017,0.9464668094218416,0.9788135593220338,0.9122055674518201,0.9470338983050848,0.7794432548179872
0.989406779661017,0.9464668094218416,0.9788135593220338,0.9100642398286938,0.9470338983050848,0.7794432548179872
0.989406779661017,0.9464668094218416,0.9788135593220338,0.9100642398286938,0.9470338983050848,0.7794432548179872
0.989406779661017,0.9464668094218416,0.9788135593220338,0.9100642398286938,0.9470338983050848,0.7794432548179872
0.989406779661017,0.9464668094218416,0.9766949152542372,0.9100642398286938,0.9470338983050848,0.7794432548179872
0.989406779661017,0.9464668094218416,0.9766949152542372,0.9100642398286938,0.9470338983050848,0.7794432548179872
0.989406779661017,0.9464668094218416,0.9766949152542372,0.9100642398286938,0.9470338983050848,0.7794432548179872
0.989406779661017,0.9464668094218416,0.9766949152542372,0.9100642398286938,0.9449152542372882,0.7794432548179872
0.989406779661017,0.9464668094218416,0.9766949152542372,0.9100642398286938,0.9449152542372882,0.7794432548179872
0.989406779661017,0.9464668094218416,0.9766949152542372,0.9100642398286938,0.9449152542372882,0.7794432548179872
0.989406779661017,0.9443254817987152,0.9766949152542372,0.9100642398286938,0.9449152542372882,0.7773019271948608
0.989406779661017,0.9443254817987152,0.9766949152542372,0.9100642398286938,0.9449152542372882,0.7773019271948608
0.989406779661017,0.9443254817987152,0.9766949152542372,0.9100642398286938,0.9449152542372882,0.7751605995717344
0.989406779661017,0.9443254817987152,0.9766949152542372,0.9100642398286938,0.9449152542372882,0.7751605995717344
0.989406779661017,0.9443254817987152,0.9766949152542372,0.9100642398286938,0.9449152542372882,0.7751605995717344
0.989406779661017,0.9443254817987152,0.9766949152542372,0.9100642398286938,0.9427966101694916,0.7751605995717344
0.989406779661017,0.9443254817987152,0.9766949152542372,0.9100642398286938,0.9427966101694916,0.7751605995717344
0.989406779661017,0.9421841541755889,0.9766949152542372,0.9100642398286938,0.9427966101694916,0.7751605995717344
0.989406779661017,0.9421841541755889,0.9745762711864406,0.9079229122055674,0.940677966101695,0.7751605995717344
0.989406779661017,0.9421841541755889,0.9745762711864406,0.9079229122055674,0.940677966101695,0.7751605995717344
0.989406779661017,0.9421841541755889,0.9745762711864406,0.9079229122055674,0.940677966101695,0.7730192719486081
0.989406779661017,0.9421841541755889,0.9745762711864406,0.9079229122055674,0.9385593220338984,0.7708779443254818
0.989406779661017,0.9421841541755889,0.9745762711864406,0.9079229122055674,0.9385593220338984,0.7708779443254818
0.989406779661017,0.9421841541755889,0.9745762711864406,0.9079229122055674,0.9364406779661016,0.7708779443254818
0.9872881355932204,0.9379014989293362,0.9745762711864406,0.9079229122055674,0.9364406779661016,0.7708779443254818
0.9872881355932204,0.9379014989293362,0.9745762711864406,0.9079229122055674,0.9364406779661016,0.7687366167023555
0.9872881355932204,0.9379014989293362,0.9745762711864406,0.9079229122055674,0.9364406779661016,0.7687366167023555
0.9872881355932204,0.9379014989293362,0.9745762711864406,0.9079229122055674,0.9364406779661016,0.7687366167023555
0.9872881355932204,0.9379014989293362,0.9745762711864406,0.9057815845824411,0.9364406779661016,0.7687366167023555
0.9872881355932204,0.9379014989293362,0.9745762711864406,0.9057815845824411,0.9364406779661016,0.7687366167023555
0.9872881355932204,0.9379014989293362,0.9745762711864406,0.9057815845824411,0.9364406779661016,0.7665952890792291
0.9872881355932204,0.9357601713062098,0.9745762711864406,0.9057815845824411,0.9364406779661016,0.7644539614561028
0.9872881355932204,0.9357601713062098,0.9745762711864406,0.9057815845824411,0.934322033898305,0.7644539614561028
0.9872881355932204,0.9357601713062098,0.9745762711864406,0.9057815845824411,0.934322033898305,0.7644539614561028
0.9872881355932204,0.9357601713062098,0.9745762711864406,0.9036402569593148,0.934322033898305,0.7644539614561028
0.9872881355932204,0.9357601713062098,0.9745762711864406,0.9036402569593148,0.934322033898305,0.7644539614561028
0.9872881355932204,0.9357601713062098,0.9745762711864406,0.9036402569593148,0.934322033898305,0.7644539614561028
0.9872881355932204,0.9357601713062098,0.9745762711864406,0.9036402569593148,0.934322033898305,0.7644539614561028
0.9851694915254238,0.9314775160599572,0.9745762711864406,0.9036402569593148,0.934322033898305,0.7644539614561028
0.9851694915254238,0.9314775160599572,0.9745762711864406,0.9036402569593148,0.934322033898305,0.7644539614561028
0.9851694915254238,0.9314775160599572,0.9745762711864406,0.9036402569593148,0.934322033898305,0.7644539614561028
0.9851694915254238,0.9314775160599572,0.9745762711864406,0.9036402569593148,0.934322033898305,0.7644539614561028
0.9851694915254238,0.9314775160599572,0.9745762711864406,0.9036402569593148,0.934322033898305,0.7644539614561028
0.9851694915254238,0.9314775160599572,0.9745762711864406,0.9036402569593148,0.934322033898305,0.7644539614561028
0.9851694915254238,0.9314775160599572,0.9745762711864406,0.9036402569593148,0.934322033898305,0.7644539614561028
0.9851694915254238,0.9271948608137045,0.9745762711864406,0.9036402569593148,0.934322033898305,0.7644539614561028
0.9851694915254238,0.9271948608137045,0.9745762711864406,0.9036402569593148,0.934322033898305,0.7623126338329764
0.9851694915254238,0.9271948608137045,0.9745762711864406,0.9014989293361885,0.934322033898305,0.7601713062098501
0.9851694915254238,0.9271948608137045,0.9745762711864406,0.9014989293361885,0.934322033898305,0.7580299785867237
0.9851694915254238,0.9271948608137045,0.9745762711864406,0.9014989293361885,0.934322033898305,0.7580299785867237
0.9851694915254238,0.9271948608137045,0.9745762711864406,0.9014989293361885,0.934322033898305,0.7580299785867237
0.9851694915254238,0.9250535331905781,0.9745762711864406,0.9014989293361885,0.934322033898305,0.7580299785867237
0.9851694915254238,0.9250535331905781,0.9745762711864406,0.9014989293361885,0.934322033898305,0.7580299785867237
0.9851694915254238,0.9250535331905781,0.9745762711864406,0.9014989293361885,0.934322033898305,0.7580299785867237
0.9851694915254238,0.9250535331905781,0.9745762711864406,0.9014989293361885,0.934322033898305,0.7580299785867237
0.9851694915254238,0.9250535331905781,0.9745762711864406,0.8993576017130621,0.934322033898305,0.7580299785867237
0.9851694915254238,0.9250535331905781,0.9745762711864406,0.8993576017130621,0.934322033898305,0.7558886509635975
0.9851694915254238,0.9250535331905781,0.9745762711864406,0.8993576017130621,0.9322033898305084,0.7558886509635975
0.9851694915254238,0.9229122055674518,0.9745762711864406,0.8993576017130621,0.9322033898305084,0.7558886509635975
0.9851694915254238,0.9229122055674518,0.9745762711864406,0.8972162740899358,0.9322033898305084,0.7537473233404711
0.9851694915254238,0.9229122055674518,0.9703389830508474,0.8972162740899358,0.9322033898305084,0.7537473233404711
0.9851694915254238,0.9229122055674518,0.9703389830508474,0.8972162740899358,0.9322033898305084,0.7516059957173448
0.9851694915254238,0.9229122055674518,0.9703389830508474,0.8972162740899358,0.9322033898305084,0.7516059957173448
0.9851694915254238,0.9229122055674518,0.9703389830508474,0.8950749464668094,0.9322033898305084,0.7516059957173448
0.9851694915254238,0.9229122055674518,0.9703389830508474,0.8950749464668094,0.9322033898305084,0.7516059957173448
0.9851694915254238,0.9207708779443254,0.9703389830508474,0.892933618843683,0.9300847457627118,0.7516059957173448
0.9851694915254238,0.9207708779443254,0.9703389830508474,0.892933618843683,0.9300847457627118,0.7516059957173448
0.9851694915254238,0.9207708779443254,0.9703389830508474,0.892933618843683,0.9300847457627118,0.7473233404710921
0.9851694915254238,0.9207708779443254,0.9703389830508474,0.892933618843683,0.9300847457627118,0.7473233404710921
0.9851694915254238,0.9207708779443254,0.9703389830508474,0.892933618843683,0.9300847457627118,0.7451820128479657
0.9851694915254238,0.9207708779443254,0.9703389830508474,0.892933618843683,0.9300847457627118,0.7451820128479657
0.9851694915254238,0.9207708779443254,0.9703389830508474,0.892933618843683,0.9300847457627118,0.7451820128479657
0.9830508474576272,0.9164882226980728,0.9703389830508474,0.892933618843683,0.9279661016949152,0.7451820128479657
0.9830508474576272,0.9164882226980728,0.9703389830508474,0.892933618843683,0.9279661016949152,0.7451820128479657
0.9830508474576272,0.9164882226980728,0.9703389830508474,0.892933618843683,0.9279661016949152,0.7451820128479657
0.9830508474576272,0.9164882226980728,0.9703389830508474,0.892933618843683,0.9279661016949152,0.7451820128479657
0.9830508474576272,0.9164882226980728,0.9703389830508474,0.892933618843683,0.9279661016949152,0.7451820128479657
0.9830508474576272,0.9164882226980728,0.9703389830508474,0.892933618843683,0.9279661016949152,0.7451820128479657
0.9830508474576272,0.9164882226980728,0.9703389830508474,0.892933618843683,0.9279661016949152,0.7451820128479657
0.9809322033898306,0.9122055674518201,0.9703389830508474,0.8907922912205567,0.9279661016949152,0.7451820128479657
0.9809322033898306,0.9122055674518201,0.9703389830508474,0.8907922912205567,0.9258474576271186,0.7451820128479657
0.9809322033898306,0.9122055674518201,0.9703389830508474,0.8907922912205567,0.9258474576271186,0.7451820128479657
0.9809322033898306,0.9122055674518201,0.9703389830508474,0.8886509635974305,0.9258474576271186,0.7430406852248393
0.9809322033898306,0.9122055674518201,0.9703389830508474,0.8886509635974305,0.9258474576271186,0.7430406852248393
0.9809322033898306,0.9122055674518201,0.9703389830508474,0.8865096359743041,0.9258474576271186,0.7408993576017131
0.9809322033898306,0.9122055674518201,0.9703389830508474,0.8865096359743041,0.9258474576271186,0.7408993576017131
0.9809322033898306,0.9036402569593148,0.9703389830508474,0.8865096359743041,0.9258474576271186,0.7408993576017131
0.9809322033898306,0.9036402569593148,0.9703389830508474,0.8865096359743041,0.9258474576271186,0.7408993576017131
0.9809322033898306,0.9036402569593148,0.9703389830508474,0.8865096359743041,0.9258474576271186,0.7387580299785867
0.9809322033898306,0.9036402569593148,0.9703389830508474,0.8865096359743041,0.9258474576271186,0.7387580299785867
0.9809322033898306,0.9036402569593148,0.9703389830508474,0.8865096359743041,0.9258474576271186,0.7387580299785867
0.9809322033898306,0.9036402569593148,0.9703389830508474,0.8865096359743041,0.923728813559322,0.7387580299785867
0.9809322033898306,0.9014989293361885,0.9703389830508474,0.8865096359743041,0.923728813559322,0.7387580299785867
0.9809322033898306,0.9014989293361885,0.9703389830508474,0.8865096359743041,0.923728813559322,0.7387580299785867
0.9809322033898306,0.9014989293361885,0.9703389830508474,0.8865096359743041,0.923728813559322,0.7387580299785867
0.9809322033898306,0.9014989293361885,0.9703389830508474,0.8843683083511777,0.9194915254237288,0.7387580299785867
0.9809322033898306,0.9014989293361885,0.9703389830508474,0.8843683083511777,0.9194915254237288,0.734475374732334
0.9809322033898306,0.9014989293361885,0.9703389830508474,0.8843683083511777,0.9194915254237288,0.7323340471092077
0.9809322033898306,0.9014989293361885,0.9703389830508474,0.8843683083511777,0.9194915254237288,0.7323340471092077
0.9809322033898306,0.8993576017130621,0.9703389830508474,0.8843683083511777,0.9194915254237288,0.7301927194860813
0.9809322033898306,0.8993576017130621,0.9703389830508474,0.8843683083511777,0.9194915254237288,0.7301927194860813
0.9809322033898306,0.8993576017130621,0.9703389830508474,0.8843683083511777,0.9194915254237288,0.7301927194860813
0.9809322033898306,0.8993576017130621,0.9703389830508474,0.8843683083511777,0.9194915254237288,0.7301927194860813
0.9809322033898306,0.8993576017130621,0.9703389830508474,0.8843683083511777,0.9194915254237288,0.728051391862955
0.9809322033898306,0.8993576017130621,0.9703389830508474,0.8843683083511777,0.9194915254237288,0.728051391862955
0.9809322033898306,0.8993576017130621,0.9703389830508474,0.8822269807280514,0.9194915254237288,0.728051391862955
0.9809322033898306,0.8972162740899358,0.9703389830508474,0.8822269807280514,0.9194915254237288,0.728051391862955
0.9809322033898306,0.8972162740899358,0.9703389830508474,0.880085653104925,0.9194915254237288,0.728051391862955
0.9809322033898306,0.8972162740899358,0.9703389830508474,0.880085653104925,0.9194915254237288,0.728051391862955
0.9809322033898306,0.8972162740899358,0.9703389830508474,0.880085653104925,0.9194915254237288,0.728051391862955
0.9809322033898306,0.8972162740899358,0.9703389830508474,0.880085653104925,0.9194915254237288,0.7259100642398287
0.9809322033898306,0.8972162740899358,0.9703389830508474,0.880085653104925,0.9194915254237288,0.7259100642398287
0.9809322033898306,0.8972162740899358,0.9703389830508474,0.8779443254817987,0.9194915254237288,0.7259100642398287
0.9809322033898306,0.892933618843683,0.9703389830508474,0.8779443254817987,0.9194915254237288,0.7237687366167024
0.9809322033898306,0.892933618843683,0.9703389830508474,0.8779443254817987,0.9194915254237288,0.7237687366167024
0.9809322033898306,0.892933618843683,0.9703389830508474,0.8779443254817987,0.9194915254237288,0.7237687366167024
0.9809322033898306,0.892933618843683,0.9703389830508474,0.8779443254817987,0.9194915254237288,0.7237687366167024
0.9809322033898306,0.892933618843683,0.9703389830508474,0.8758029978586723,0.9194915254237288,0.7237687366167024
0.9809322033898306,0.892933618843683,0.9703389830508474,0.8758029978586723,0.9194915254237288,0.7237687366167024
0.9809322033898306,0.892933618843683,0.9703389830508474,0.8758029978586723,0.9194915254237288,0.7237687366167024
0.9809322033898306,0.892933618843683,0.9703389830508474,0.8758029978586723,0.9194915254237288,0.7237687366167024
0.9809322033898306,0.892933618843683,0.9703389830508474,0.8758029978586723,0.9194915254237288,0.7237687366167024
0.9809322033898306,0.892933618843683,0.9703389830508474,0.8758029978586723,0.9173728813559322,0.721627408993576
0.9809322033898306,0.892933618843683,0.9703389830508474,0.8758029978586723,0.9173728813559322,0.721627408993576
0.9809322033898306,0.892933618843683,0.9703389830508474,0.8758029978586723,0.9173728813559322,0.721627408993576
0.9809322033898306,0.892933618843683,0.9703389830508474,0.8736616702355461,0.9173728813559322,0.721627408993576
0.9809322033898306,0.892933618843683,0.9703389830508474,0.8736616702355461,0.9173728813559322,0.721627408993576
0.9809322033898306,0.892933618843683,0.9703389830508474,0.8736616702355461,0.9173728813559322,0.721627408993576
0.9809322033898306,0.892933618843683,0.9703389830508474,0.8736616702355461,0.9173728813559322,0.721627408993576
0.9809322033898306,0.892933618843683,0.9703389830508474,0.8736616702355461,0.9173728813559322,0.721627408993576
0.9809322033898306,0.892933618843683,0.9703389830508474,0.8736616702355461,0.9173728813559322,0.721627408993576
0.9809322033898306,0.892933618843683,0.9703389830508474,0.8736616702355461,0.9173728813559322,0.721627408993576
0.9809322033898306,0.892933618843683,0.9703389830508474,0.8715203426124197,0.9173728813559322,0.721627408993576
0.9809322033898306,0.8886509635974305,0.9703389830508474,0.8715203426124197,0.9152542372881356,0.721627408993576
0.9809322033898306,0.8886509635974305,0.9703389830508474,0.8693790149892934,0.9152542372881356,0.721627408993576
0.9809322033898306,0.8886509635974305,0.9703389830508474,0.8693790149892934,0.9152542372881356,0.721627408993576
0.9809322033898306,0.8886509635974305,0.9703389830508474,0.8693790149892934,0.9152542372881356,0.721627408993576
0.9809322033898306,0.8886509635974305,0.9703389830508474,0.8693790149892934,0.9152542372881356,0.721627408993576
0.9809322033898306,0.8886509635974305,0.9703389830508474,0.8693790149892934,0.9152542372881356,0.721627408993576
0.9809322033898306,0.8886509635974305,0.9703389830508474,0.8693790149892934,0.9152542372881356,0.721627408993576
0.9809322033898306,0.8843683083511777,0.9703389830508474,0.8693790149892934,0.9152542372881356,0.7173447537473233
0.9809322033898306,0.8843683083511777,0.9682203389830508,0.8693790149892934,0.9152542372881356,0.715203426124197
0.9809322033898306,0.8843683083511777,0.9682203389830508,0.867237687366167,0.9152542372881356,0.715203426124197
0.9809322033898306,0.8843683083511777,0.9682203389830508,0.867237687366167,0.9152542372881356,0.715203426124197
0.9809322033898306,0.8843683083511777,0.9682203389830508,0.867237687366167,0.9152542372881356,0.715203426124197
0.9809322033898306,0.8843683083511777,0.9682203389830508,0.867237687366167,0.913135593220339,0.715203426124197
0.9809322033898306,0.8843683083511777,0.9682203389830508,0.867237687366167,0.913135593220339,0.715203426124197
0.9809322033898306,0.8822269807280514,0.9661016949152542,0.867237687366167,0.913135593220339,0.7130620985010707
0.9809322033898306,0.8822269807280514,0.9661016949152542,0.867237687366167,0.913135593220339,0.7130620985010707
0.9809322033898306,0.8822269807280514,0.9661016949152542,0.867237687366167,0.913135593220339,0.7130620985010707
0.9809322033898306,0.8822269807280514,0.9661016949152542,0.867237687366167,0.913135593220339,0.7130620985010707
0.9809322033898306,0.8822269807280514,0.9661016949152542,0.867237687366167,0.913135593220339,0.7130620985010707
0.9809322033898306,0.8822269807280514,0.961864406779661,0.867237687366167,0.913135593220339,0.7130620985010707
0.9809322033898306,0.8822269807280514,0.961864406779661,0.867237687366167,0.913135593220339,0.7130620985010707
0.9788135593220338,0.880085653104925,0.961864406779661,0.867237687366167,0.9110169491525424,0.7130620985010707
0.9788135593220338,0.880085653104925,0.961864406779661,0.867237687366167,0.9110169491525424,0.7109207708779444
0.9788135593220338,0.880085653104925,0.961864406779661,0.8650963597430407,0.9110169491525424,0.708779443254818
0.9788135593220338,0.880085653104925,0.961864406779661,0.8650963597430407,0.9110169491525424,0.7066381156316917
0.9788135593220338,0.880085653104925,0.961864406779661,0.8650963597430407,0.9110169491525424,0.7066381156316917
0.9788135593220338,0.880085653104925,0.961864406779661,0.8650963597430407,0.9110169491525424,0.7044967880085653
0.9788135593220338,0.880085653104925,0.961864406779661,0.8650963597430407,0.9110169491525424,0.7044967880085653
0.9788135593220338,0.8758029978586723,0.961864406779661,0.8650963597430407,0.9110169491525424,0.702355460385439
0.9788135593220338,0.8758029978586723,0.961864406779661,0.8650963597430407,0.9110169491525424,0.702355460385439
0.9788135593220338,0.8758029978586723,0.961864406779661,0.8650963597430407,0.9110169491525424,0.702355460385439
0.9788135593220338,0.8758029978586723,0.961864406779661,0.8650963597430407,0.9110169491525424,0.702355460385439
0.9788135593220338,0.8758029978586723,0.9597457627118644,0.8650963597430407,0.9110169491525424,0.702355460385439
0.9788135593220338,0.8758029978586723,0.9597457627118644,0.8650963597430407,0.9110169491525424,0.702355460385439
0.9788135593220338,0.8758029978586723,0.9597457627118644,0.8650963597430407,0.9110169491525424,0.702355460385439
0.9788135593220338,0.8758029978586723,0.9597457627118644,0.8650963597430407,0.9110169491525424,0.702355460385439
0.9788135593220338,0.8758029978586723,0.9597457627118644,0.8650963597430407,0.9110169491525424,0.6980728051391863
0.9788135593220338,0.8758029978586723,0.9597457627118644,0.8650963597430407,0.9110169491525424,0.6980728051391863
0.9788135593220338,0.8758029978586723,0.9597457627118644,0.8650963597430407,0.9110169491525424,0.6980728051391863
0.9788135593220338,0.8758029978586723,0.9597457627118644,0.8650963597430407,0.9110169491525424,0.6980728051391863
0.9788135593220338,0.8758029978586723,0.9597457627118644,0.8629550321199143,0.9110169491525424,0.6980728051391863
0.9788135593220338,0.8758029978586723,0.9597457627118644,0.8629550321199143,0.9088983050847458,0.6980728051391863
0.9788135593220338,0.8758029978586723,0.9597457627118644,0.8629550321199143,0.9088983050847458,0.69593147751606
0.9788135593220338,0.8758029978586723,0.9597457627118644,0.8629550321199143,0.9088983050847458,0.69593147751606
0.9788135593220338,0.8758029978586723,0.9597457627118644,0.860813704496788,0.9088983050847458,0.69593147751606
0.9788135593220338,0.8758029978586723,0.9597457627118644,0.8586723768736617,0.9088983050847458,0.6937901498929336
0.9788135593220338,0.8758029978586723,0.9597457627118644,0.8586723768736617,0.9067796610169492,0.6937901498929336
0.9788135593220338,0.8758029978586723,0.9597457627118644,0.8586723768736617,0.9067796610169492,0.6937901498929336
0.9788135593220338,0.8736616702355461,0.9597457627118644,0.8586723768736617,0.9067796610169492,0.6937901498929336
0.9788135593220338,0.8736616702355461,0.9597457627118644,0.8586723768736617,0.9067796610169492,0.6937901498929336
0.9788135593220338,0.8736616702355461,0.9597457627118644,0.8586723768736617,0.9067796610169492,0.6937901498929336
0.9788135593220338,0.8736616702355461,0.9597457627118644,0.8586723768736617,0.9067796610169492,0.6937901498929336
0.9788135593220338,0.8736616702355461,0.9597457627118644,0.8586723768736617,0.9067796610169492,0.6916488222698073
0.9788135593220338,0.8736616702355461,0.9597457627118644,0.8586723768736617,0.9067796610169492,0.6916488222698073
0.9788135593220338,0.8736616702355461,0.9597457627118644,0.8565310492505354,0.9067796610169492,0.6916488222698073
0.9788135593220338,0.8736616702355461,0.9597457627118644,0.8565310492505354,0.9067796610169492,0.6916488222698073
0.9788135593220338,0.8736616702355461,0.9597457627118644,0.8565310492505354,0.9067796610169492,0.6916488222698073
0.9788135593220338,0.8736616702355461,0.9597457627118644,0.8565310492505354,0.9067796610169492,0.6916488222698073
0.9788135593220338,0.8736616702355461,0.9597457627118644,0.8565310492505354,0.9067796610169492,0.6916488222698073
0.9788135593220338,0.8736616702355461,0.9597457627118644,0.8565310492505354,0.9067796610169492,0.6916488222698073
0.9788135593220338,0.8736616702355461,0.9597457627118644,0.8565310492505354,0.9067796610169492,0.6916488222698073
0.9788135593220338,0.8736616702355461,0.9597457627118644,0.854389721627409,0.9067796610169492,0.6916488222698073
0.9788135593220338,0.8736616702355461,0.9576271186440678,0.8522483940042827,0.9067796610169492,0.6916488222698073
0.9788135593220338,0.8736616702355461,0.9576271186440678,0.8522483940042827,0.9067796610169492,0.6916488222698073
0.9788135593220338,0.8736616702355461,0.9555084745762712,0.8522483940042827,0.9067796610169492,0.6895074946466809
0.9788135593220338,0.8736616702355461,0.9555084745762712,0.8522483940042827,0.9067796610169492,0.6852248394004282
0.9788135593220338,0.8736616702355461,0.9555084745762712,0.8479657387580299,0.9067796610169492,0.6852248394004282
0.9788135593220338,0.8736616702355461,0.9555084745762712,0.8479657387580299,0.9067796610169492,0.6852248394004282
0.9788135593220338,0.8736616702355461,0.9555084745762712,0.8479657387580299,0.9004237288135594,0.6852248394004282
0.9788135593220338,0.8693790149892934,0.9555084745762712,0.8479657387580299,0.9004237288135594,0.6852248394004282
0.9788135593220338,0.8693790149892934,0.9555084745762712,0.8479657387580299,0.8983050847457628,0.6852248394004282
0.9788135593220338,0.8693790149892934,0.9555084745762712,0.8458244111349036,0.8983050847457628,0.6852248394004282
0.9788135593220338,0.8693790149892934,0.9555084745762712,0.8458244111349036,0.8983050847457628,0.6852248394004282
0.9788135593220338,0.8693790149892934,0.9555084745762712,0.8458244111349036,0.8983050847457628,0.6852248394004282
0.9788135593220338,0.8693790149892934,0.9555084745762712,0.8458244111349036,0.8983050847457628,0.6852248394004282
0.9788135593220338,0.8693790149892934,0.9555084745762712,0.8458244111349036,0.8961864406779662,0.6852248394004282
0.9788135593220338,0.867237687366167,0.9555084745762712,0.8458244111349036,0.8961864406779662,0.6852248394004282
0.9788135593220338,0.867237687366167,0.9555084745762712,0.8458244111349036,0.8961864406779662,0.6852248394004282
0.9788135593220338,0.867237687366167,0.9555084745762712,0.8458244111349036,0.8961864406779662,0.6852248394004282
0.9788135593220338,0.867237687366167,0.9555084745762712,0.8458244111349036,0.8961864406779662,0.6852248394004282
0.9788135593220338,0.867237687366167,0.9555084745762712,0.8458244111349036,0.8961864406779662,0.6809421841541756
0.9788135593220338,0.867237687366167,0.9555084745762712,0.8458244111349036,0.8961864406779662,0.6809421841541756
0.9788135593220338,0.8650963597430407,0.9555084745762712,0.8458244111349036,0.8961864406779662,0.6809421841541756
0.9788135593220338,0.8650963597430407,0.9555084745762712,0.8458244111349036,0.8961864406779662,0.6788008565310493
0.9788135593220338,0.8650963597430407,0.9555084745762712,0.8458244111349036,0.8961864406779662,0.6788008565310493
0.9788135593220338,0.8650963597430407,0.9555084745762712,0.8458244111349036,0.8961864406779662,0.6788008565310493
0.9788135593220338,0.8650963597430407,0.9555084745762712,0.8458244111349036,0.8961864406779662,0.6788008565310493
0.9788135593220338,0.8650963597430407,0.9555084745762712,0.8458244111349036,0.8961864406779662,0.6788008565310493
0.9788135593220338,0.8650963597430407,0.9555084745762712,0.8458244111349036,0.8961864406779662,0.6788008565310493
0.9788135593220338,0.8650963597430407,0.9555084745762712,0.8458244111349036,0.8961864406779662,0.6788008565310493
0.9788135593220338,0.8650963597430407,0.9555084745762712,0.8458244111349036,0.8961864406779662,0.6766595289079229
0.9788135593220338,0.8650963597430407,0.9555084745762712,0.8458244111349036,0.8961864406779662,0.6766595289079229
0.9788135593220338,0.8650963597430407,0.9555084745762712,0.8458244111349036,0.8961864406779662,0.6766595289079229
0.9788135593220338,0.8650963597430407,0.9555084745762712,0.8458244111349036,0.8961864406779662,0.6766595289079229
0.9788135593220338,0.8650963597430407,0.9555084745762712,0.8458244111349036,0.8961864406779662,0.6766595289079229
0.9788135593220338,0.8650963597430407,0.9555084745762712,0.8458244111349036,0.8961864406779662,0.6766595289079229
0.9788135593220338,0.8629550321199143,0.9555084745762712,0.8458244111349036,0.8961864406779662,0.6766595289079229
0.9788135593220338,0.8629550321199143,0.9555084745762712,0.8458244111349036,0.8961864406779662,0.6766595289079229
0.9788135593220338,0.8629550321199143,0.9555084745762712,0.8458244111349036,0.8961864406779662,0.6766595289079229
0.9788135593220338,0.8629550321199143,0.9555084745762712,0.8458244111349036,0.8961864406779662,0.6766595289079229
0.9788135593220338,0.8629550321199143,0.9555084745762712,0.8458244111349036,0.8940677966101694,0.6745182012847966
0.9788135593220338,0.8629550321199143,0.9555084745762712,0.8458244111349036,0.8940677966101694,0.6745182012847966
0.9788135593220338,0.8629550321199143,0.9555084745762712,0.8458244111349036,0.8940677966101694,0.6745182012847966
0.9766949152542372,0.8629550321199143,0.9555084745762712,0.8458244111349036,0.8919491525423728,0.6723768736616702
0.9766949152542372,0.8629550321199143,0.9555084745762712,0.8458244111349036,0.8898305084745762,0.6723768736616702
0.9766949152542372,0.8629550321199143,0.9555084745762712,0.8458244111349036,0.8898305084745762,0.6702355460385439
0.9766949152542372,0.8629550321199143,0.9555084745762712,0.8458244111349036,0.8898305084745762,0.6702355460385439
0.9766949152542372,0.8629550321199143,0.9555084745762712,0.8458244111349036,0.8898305084745762,0.6702355460385439
0.9766949152542372,0.8629550321199143,0.9555084745762712,0.8458244111349036,0.8877118644067796,0.6702355460385439
0.9766949152542372,0.8629550321199143,0.9555084745762712,0.8458244111349036,0.8877118644067796,0.6680942184154176
0.9766949152542372,0.8586723768736617,0.9555084745762712,0.8458244111349036,0.885593220338983,0.6680942184154176
0.9766949152542372,0.8586723768736617,0.9555084745762712,0.8458244111349036,0.885593220338983,0.6659528907922913
0.9766949152542372,0.8586723768736617,0.9555084745762712,0.8458244111349036,0.885593220338983,0.6659528907922913
0.9766949152542372,0.8586723768736617,0.9555084745762712,0.8458244111349036,0.8834745762711864,0.6659528907922913
0.9766949152542372,0.8586723768736617,0.9555084745762712,0.8458244111349036,0.8834745762711864,0.6659528907922913
0.9766949152542372,0.8586723768736617,0.9555084745762712,0.8458244111349036,0.8834745762711864,0.6659528907922913
0.9766949152542372,0.8586723768736617,0.9555084745762712,0.8458244111349036,0.8834745762711864,0.6638115631691649
0.9766949152542372,0.854389721627409,0.9555084745762712,0.8458244111349036,0.8834745762711864,0.6638115631691649
0.9766949152542372,0.854389721627409,0.9555084745762712,0.8458244111349036,0.8834745762711864,0.6638115631691649
0.9766949152542372,0.854389721627409,0.9555084745762712,0.8458244111349036,0.8792372881355932,0.6638115631691649
0.9766949152542372,0.854389721627409,0.9555084745762712,0.8458244111349036,0.8792372881355932,0.6638115631691649
0.9766949152542372,0.854389721627409,0.9555084745762712,0.8458244111349036,0.8792372881355932,0.6638115631691649
0.9766949152542372,0.854389721627409,0.9555084745762712,0.8458244111349036,0.8792372881355932,0.6638115631691649
0.9766949152542372,0.854389721627409,0.9555084745762712,0.8458244111349036,0.8792372881355932,0.6638115631691649
0.9766949152542372,0.854389721627409,0.9555084745762712,0.8458244111349036,0.8792372881355932,0.6638115631691649
0.9766949152542372,0.854389721627409,0.9555084745762712,0.8458244111349036,0.8792372881355932,0.6638115631691649
0.9766949152542372,0.854389721627409,0.9555084745762712,0.8436830835117773,0.8792372881355932,0.6638115631691649
0.9766949152542372,0.854389721627409,0.9555084745762712,0.8436830835117773,0.8771186440677966,0.6638115631691649
0.9766949152542372,0.854389721627409,0.9555084745762712,0.841541755888651,0.8771186440677966,0.6616702355460385
0.9766949152542372,0.854389721627409,0.9555084745762712,0.841541755888651,0.8771186440677966,0.6616702355460385
0.9766949152542372,0.8501070663811563,0.9555084745762712,0.841541755888651,0.8771186440677966,0.6616702355460385
0.9766949152542372,0.8501070663811563,0.9555084745762712,0.841541755888651,0.8771186440677966,0.6616702355460385
0.9766949152542372,0.8501070663811563,0.9555084745762712,0.8394004282655246,0.8771186440677966,0.6616702355460385
0.9766949152542372,0.8501070663811563,0.9555084745762712,0.8372591006423983,0.8771186440677966,0.6616702355460385
0.9766949152542372,0.8501070663811563,0.9555084745762712,0.8372591006423983,0.8771186440677966,0.6616702355460385
0.9766949152542372,0.8501070663811563,0.9555084745762712,0.8372591006423983,0.8771186440677966,0.6595289079229122
0.9766949152542372,0.8501070663811563,0.9555084745762712,0.8372591006423983,0.8771186440677966,0.6595289079229122
0.9745762711864406,0.8458244111349036,0.9555084745762712,0.8351177730192719,0.8771186440677966,0.6595289079229122
0.9745762711864406,0.8458244111349036,0.9555084745762712,0.8351177730192719,0.8771186440677966,0.6595289079229122
0.9745762711864406,0.8458244111349036,0.9555084745762712,0.8351177730192719,0.8771186440677966,0.6595289079229122
0.9745762711864406,0.8458244111349036,0.9555084745762712,0.8351177730192719,0.8771186440677966,0.6595289079229122
0.9745762711864406,0.8458244111349036,0.9555084745762712,0.8351177730192719,0.8771186440677966,0.6573875802997858
0.9745762711864406,0.8458244111349036,0.9555084745762712,0.8351177730192719,0.8771186440677966,0.6573875802997858
0.9745762711864406,0.8458244111349036,0.9555084745762712,0.8351177730192719,0.8771186440677966,0.6573875802997858
0.9745762711864406,0.8458244111349036,0.9555084745762712,0.8351177730192719,0.8771186440677966,0.6573875802997858
0.9745762711864406,0.8458244111349036,0.9555084745762712,0.8351177730192719,0.8771186440677966,0.6573875802997858
0.9745762711864406,0.8458244111349036,0.9555084745762712,0.8351177730192719,0.8771186440677966,0.6552462526766595
0.9745762711864406,0.8458244111349036,0.9555084745762712,0.8351177730192719,0.8771186440677966,0.6552462526766595
0.9745762711864406,0.8458244111349036,0.9555084745762712,0.8329764453961456,0.8771186440677966,0.6552462526766595
0.9745762711864406,0.8458244111349036,0.9555084745762712,0.8329764453961456,0.8771186440677966,0.6552462526766595
0.9745762711864406,0.8458244111349036,0.9555084745762712,0.8308351177730193,0.875,0.6552462526766595
0.972457627118644,0.8458244111349036,0.9555084745762712,0.8308351177730193,0.875,0.6552462526766595
0.972457627118644,0.8458244111349036,0.9555084745762712,0.828693790149893,0.875,0.6552462526766595
0.972457627118644,0.8458244111349036,0.9555084745762712,0.8265524625267666,0.875,0.6531049250535332
0.972457627118644,0.8458244111349036,0.9555084745762712,0.8265524625267666,0.875,0.6531049250535332
0.972457627118644,0.8458244111349036,0.9555084745762712,0.8265524625267666,0.8728813559322034,0.6531049250535332
0.972457627118644,0.8458244111349036,0.9555084745762712,0.8244111349036403,0.8728813559322034,0.6531049250535332
0.972457627118644,0.8458244111349036,0.9555084745762712,0.8244111349036403,0.8728813559322034,0.6509635974304069
0.972457627118644,0.8458244111349036,0.9555084745762712,0.8244111349036403,0.8728813559322034,0.6509635974304069
0.972457627118644,0.8458244111349036,0.9555084745762712,0.8244111349036403,0.8728813559322034,0.6509635974304069
0.972457627118644,0.8458244111349036,0.9555084745762712,0.8244111349036403,0.8728813559322034,0.6509635974304069
0.972457627118644,0.8458244111349036,0.9555084745762712,0.8244111349036403,0.8728813559322034,0.6509635974304069
0.972457627118644,0.8458244111349036,0.9555084745762712,0.8222698072805139,0.8728813559322034,0.6509635974304069
0.972457627118644,0.8458244111349036,0.9555084745762712,0.8201284796573876,0.8728813559322034,0.6509635974304069
0.9703389830508474,0.8436830835117773,0.9555084745762712,0.8201284796573876,0.8707627118644068,0.6509635974304069
0.9703389830508474,0.8436830835117773,0.9555084745762712,0.8201284796573876,0.8707627118644068,0.6509635974304069
0.9703389830508474,0.8436830835117773,0.9555084745762712,0.8201284796573876,0.8707627118644068,0.6509635974304069
0.9703389830508474,0.8436830835117773,0.9555084745762712,0.8201284796573876,0.8707627118644068,0.6488222698072805
0.9703389830508474,0.8436830835117773,0.9555084745762712,0.8201284796573876,0.8707627118644068,0.6466809421841542
0.9703389830508474,0.8436830835117773,0.9555084745762712,0.8201284796573876,0.8707627118644068,0.6445396145610278
0.9703389830508474,0.8436830835117773,0.9555084745762712,0.8201284796573876,0.8707627118644068,0.6423982869379015
0.9703389830508474,0.841541755888651,0.9555084745762712,0.8201284796573876,0.8707627118644068,0.6423982869379015
0.9703389830508474,0.841541755888651,0.9555084745762712,0.8201284796573876,0.8707627118644068,0.6423982869379015
0.9703389830508474,0.841541755888651,0.9555084745762712,0.8201284796573876,0.8707627118644068,0.6402569593147751
0.9703389830508474,0.841541755888651,0.9555084745762712,0.8201284796573876,0.8707627118644068,0.6402569593147751
0.9703389830508474,0.841541755888651,0.9533898305084746,0.8201284796573876,0.8707627118644068,0.6402569593147751
0.9703389830508474,0.841541755888651,0.9533898305084746,0.8201284796573876,0.8707627118644068,0.6381156316916489
0.9703389830508474,0.841541755888651,0.9533898305084746,0.8201284796573876,0.8707627118644068,0.6381156316916489
0.9661016949152542,0.8372591006423983,0.9533898305084746,0.8201284796573876,0.8686440677966102,0.6381156316916489
0.9661016949152542,0.8372591006423983,0.9533898305084746,0.8201284796573876,0.8686440677966102,0.6381156316916489
0.9661016949152542,0.8372591006423983,0.9533898305084746,0.8201284796573876,0.8686440677966102,0.6381156316916489
0.9661016949152542,0.8372591006423983,0.9533898305084746,0.8201284796573876,0.8686440677966102,0.6381156316916489
0.9661016949152542,0.8372591006423983,0.9533898305084746,0.8179871520342612,0.8686440677966102,0.6381156316916489
0.9661016949152542,0.8372591006423983,0.9533898305084746,0.8179871520342612,0.8686440677966102,0.6381156316916489
0.9661016949152542,0.8372591006423983,0.9533898305084746,0.8179871520342612,0.8686440677966102,0.6381156316916489
0.9639830508474576,0.8372591006423983,0.951271186440678,0.8179871520342612,0.8665254237288136,0.6381156316916489
0.9639830508474576,0.8372591006423983,0.951271186440678,0.8179871520342612,0.8665254237288136,0.6359743040685225
0.9639830508474576,0.8372591006423983,0.951271186440678,0.8179871520342612,0.8665254237288136,0.6359743040685225
0.9639830508474576,0.8372591006423983,0.951271186440678,0.8179871520342612,0.8665254237288136,0.6338329764453962
0.9639830508474576,0.8372591006423983,0.9491525423728814,0.8179871520342612,0.8665254237288136,0.6338329764453962
0.9639830508474576,0.8372591006423983,0.9491525423728814,0.815845824411135,0.8665254237288136,0.6316916488222698
0.9639830508474576,0.8372591006423983,0.9491525423728814,0.815845824411135,0.8665254237288136,0.6316916488222698
0.9576271186440678,0.8329764453961456,0.9491525423728814,0.815845824411135,0.8665254237288136,0.6316916488222698
0.9576271186440678,0.8329764453961456,0.9491525423728814,0.815845824411135,0.8665254237288136,0.6316916488222698
0.9576271186440678,0.8329764453961456,0.9491525423728814,0.8137044967880086,0.8665254237288136,0.6316916488222698
0.9576271186440678,0.8329764453961456,0.9491525423728814,0.8137044967880086,0.8665254237288136,0.6316916488222698
0.9576271186440678,0.8329764453961456,0.9491525423728814,0.8115631691648822,0.8665254237288136,0.6295503211991434
0.9576271186440678,0.8329764453961456,0.9491525423728814,0.8115631691648822,0.864406779661017,0.6295503211991434
0.9576271186440678,0.8329764453961456,0.9491525423728814,0.8115631691648822,0.8622881355932204,0.6295503211991434
0.9555084745762712,0.8308351177730193,0.9491525423728814,0.8115631691648822,0.8622881355932204,0.6295503211991434
0.9555084745762712,0.8308351177730193,0.9470338983050848,0.8115631691648822,0.8622881355932204,0.6295503211991434
0.9555084745762712,0.8308351177730193,0.9470338983050848,0.8115631691648822,0.8622881355932204,0.6295503211991434
0.9555084745762712,0.8308351177730193,0.9470338983050848,0.8115631691648822,0.8622881355932204,0.6295503211991434
0.9555084745762712,0.8308351177730193,0.9470338983050848,0.8115631691648822,0.8622881355932204,0.6295503211991434
0.9555084745762712,0.8308351177730193,0.9470338983050848,0.8094218415417559,0.8622881355932204,0.6295503211991434
0.9555084745762712,0.8308351177730193,0.9470338983050848,0.8094218415417559,0.8601694915254238,0.6295503211991434
0.9555084745762712,0.828693790149893,0.9470338983050848,0.8094218415417559,0.8601694915254238,0.6295503211991434
0.9555084745762712,0.828693790149893,0.9470338983050848,0.8072805139186295,0.8601694915254238,0.6295503211991434
0.9555084745762712,0.828693790149893,0.9470338983050848,0.8072805139186295,0.8601694915254238,0.6295503211991434
0.9555084745762712,0.828693790149893,0.9470338983050848,0.8051391862955032,0.8601694915254238,0.6295503211991434
0.9555084745762712,0.828693790149893,0.9470338983050848,0.8029978586723768,0.8601694915254238,0.6295503211991434
0.9555084745762712,0.828693790149893,0.9470338983050848,0.8008565310492506,0.8580508474576272,0.6295503211991434
0.9533898305084746,0.828693790149893,0.9470338983050848,0.8008565310492506,0.8559322033898306,0.6274089935760171
0.9533898305084746,0.828693790149893,0.9470338983050848,0.8008565310492506,0.8559322033898306,0.6252676659528907
0.9533898305084746,0.828693790149893,0.9470338983050848,0.8008565310492506,0.8559322033898306,0.6252676659528907
0.9533898305084746,0.828693790149893,0.9470338983050848,0.8008565310492506,0.8538135593220338,0.6252676659528907
0.9533898305084746,0.828693790149893,0.9470338983050848,0.7987152034261242,0.8538135593220338,0.6252676659528907
0.9533898305084746,0.828693790149893,0.9470338983050848,0.7987152034261242,0.8538135593220338,0.6231263383297645
0.9533898305084746,0.828693790149893,0.9470338983050848,0.7987152034261242,0.8516949152542372,0.6231263383297645
0.951271186440678,0.828693790149893,0.9470338983050848,0.7987152034261242,0.8516949152542372,0.6231263383297645
0.951271186440678,0.828693790149893,0.9470338983050848,0.7987152034261242,0.8516949152542372,0.6231263383297645
0.951271186440678,0.828693790149893,0.9470338983050848,0.7987152034261242,0.8516949152542372,0.6231263383297645
0.951271186440678,0.828693790149893,0.9470338983050848,0.7987152034261242,0.8516949152542372,0.6231263383297645
0.951271186440678,0.828693790149893,0.9470338983050848,0.7987152034261242,0.8516949152542372,0.6231263383297645
0.951271186440678,0.828693790149893,0.9470338983050848,0.7965738758029979,0.8516949152542372,0.6231263383297645
0.951271186440678,0.828693790149893,0.9470338983050848,0.7965738758029979,0.8516949152542372,0.6231263383297645
0.9491525423728814,0.8265524625267666,0.9470338983050848,0.7965738758029979,0.8516949152542372,0.6231263383297645
0.9491525423728814,0.8265524625267666,0.9470338983050848,0.7965738758029979,0.8516949152542372,0.6231263383297645
0.9491525423728814,0.8265524625267666,0.9470338983050848,0.7965738758029979,0.8516949152542372,0.6231263383297645
0.9491525423728814,0.8265524625267666,0.9470338983050848,0.7965738758029979,0.8516949152542372,0.6231263383297645
0.9491525423728814,0.8265524625267666,0.9449152542372882,0.7965738758029979,0.8516949152542372,0.6231263383297645
0.9491525423728814,0.8265524625267666,0.9449152542372882,0.7965738758029979,0.8516949152542372,0.6231263383297645
0.9491525423728814,0.8265524625267666,0.9449152542372882,0.7965738758029979,0.847457627118644,0.6231263383297645
0.9470338983050848,0.8222698072805139,0.9449152542372882,0.7922912205567452,0.847457627118644,0.6231263383297645
0.9470338983050848,0.8222698072805139,0.9427966101694916,0.7922912205567452,0.847457627118644,0.6231263383297645
0.9470338983050848,0.8222698072805139,0.9427966101694916,0.7922912205567452,0.847457627118644,0.6231263383297645
0.9470338983050848,0.8222698072805139,0.9427966101694916,0.7922912205567452,0.847457627118644,0.6231263383297645
0.9470338983050848,0.8222698072805139,0.9427966101694916,0.7922912205567452,0.847457627118644,0.6209850107066381
0.9470338983050848,0.8222698072805139,0.9427966101694916,0.7922912205567452,0.847457627118644,0.6209850107066381
0.9470338983050848,0.8222698072805139,0.940677966101695,0.7901498929336188,0.8453389830508474,0.6209850107066381
0.9470338983050848,0.8201284796573876,0.940677966101695,0.7880085653104925,0.8453389830508474,0.6209850107066381
0.9470338983050848,0.8201284796573876,0.940677966101695,0.7880085653104925,0.8453389830508474,0.6209850107066381
0.9470338983050848,0.8201284796573876,0.940677966101695,0.7880085653104925,0.8453389830508474,0.6209850107066381
0.9470338983050848,0.8201284796573876,0.940677966101695,0.7880085653104925,0.8453389830508474,0.6209850107066381
0.9470338983050848,0.8201284796573876,0.940677966101695,0.7880085653104925,0.8453389830508474,0.6209850107066381
0.9470338983050848,0.8201284796573876,0.940677966101695,0.7880085653104925,0.8453389830508474,0.6209850107066381
0.9470338983050848,0.8201284796573876,0.940677966101695,0.7880085653104925,0.8432203389830508,0.6209850107066381
0.9449152542372882,0.8137044967880086,0.940677966101695,0.7858672376873662,0.8432203389830508,0.6188436830835118
0.9449152542372882,0.8137044967880086,0.940677966101695,0.7858672376873662,0.8432203389830508,0.6188436830835118
0.9449152542372882,0.8137044967880086,0.940677966101695,0.7858672376873662,0.8432203389830508,0.6188436830835118
0.9449152542372882,0.8137044967880086,0.940677966101695,0.7858672376873662,0.8432203389830508,0.6167023554603854
0.9449152542372882,0.8137044967880086,0.940677966101695,0.7858672376873662,0.8411016949152542,0.6167023554603854
0.9449152542372882,0.8137044967880086,0.940677966101695,0.7858672376873662,0.8411016949152542,0.6167023554603854
0.9449152542372882,0.8115631691648822,0.940677966101695,0.7858672376873662,0.8411016949152542,0.6167023554603854
0.9449152542372882,0.8115631691648822,0.940677966101695,0.7815845824411135,0.8411016949152542,0.6145610278372591
0.9449152542372882,0.8115631691648822,0.940677966101695,0.7815845824411135,0.8411016949152542,0.6145610278372591
0.9449152542372882,0.8115631691648822,0.940677966101695,0.7815845824411135,0.8411016949152542,0.6145610278372591
0.9449152542372882,0.8115631691648822,0.940677966101695,0.7794432548179872,0.8411016949152542,0.6145610278372591
0.9449152542372882,0.8115631691648822,0.940677966101695,0.7794432548179872,0.8411016949152542,0.6124197002141327
0.9449152542372882,0.8115631691648822,0.940677966101695,0.7794432548179872,0.8389830508474576,0.6124197002141327
0.9449152542372882,0.8094218415417559,0.940677966101695,0.7773019271948608,0.8389830508474576,0.6124197002141327
0.9449152542372882,0.8094218415417559,0.940677966101695,0.7773019271948608,0.8389830508474576,0.6124197002141327
0.9449152542372882,0.8094218415417559,0.940677966101695,0.7773019271948608,0.8389830508474576,0.6102783725910065
0.9449152542372882,0.8094218415417559,0.940677966101695,0.7773019271948608,0.8389830508474576,0.6102783725910065
0.9449152542372882,0.8094218415417559,0.940677966101695,0.7773019271948608,0.8389830508474576,0.6102783725910065
0.9449152542372882,0.8094218415417559,0.940677966101695,0.7773019271948608,0.8389830508474576,0.6102783725910065
0.9449152542372882,0.8094218415417559,0.940677966101695,0.7773019271948608,0.836864406779661,0.6102783725910065
0.9427966101694916,0.8072805139186295,0.940677966101695,0.7773019271948608,0.8347457627118644,0.6102783725910065
0.9427966101694916,0.8072805139186295,0.940677966101695,0.7773019271948608,0.8347457627118644,0.6102783725910065
0.9427966101694916,0.8072805139186295,0.940677966101695,0.7751605995717344,0.8347457627118644,0.6102783725910065
0.9427966101694916,0.8072805139186295,0.940677966101695,0.7730192719486081,0.8347457627118644,0.6102783725910065
0.9427966101694916,0.8072805139186295,0.9385593220338984,0.7708779443254818,0.8347457627118644,0.6102783725910065
0.9427966101694916,0.8072805139186295,0.9385593220338984,0.7687366167023555,0.8347457627118644,0.6102783725910065
0.9427966101694916,0.8072805139186295,0.9385593220338984,0.7687366167023555,0.8347457627118644,0.6102783725910065
0.9427966101694916,0.8072805139186295,0.9385593220338984,0.7687366167023555,0.8347457627118644,0.6102783725910065
0.9427966101694916,0.8072805139186295,0.9385593220338984,0.7687366167023555,0.8347457627118644,0.6102783725910065
0.9427966101694916,0.8072805139186295,0.9385593220338984,0.7687366167023555,0.8347457627118644,0.6102783725910065
0.9427966101694916,0.8072805139186295,0.9385593220338984,0.7665952890792291,0.8347457627118644,0.6102783725910065
0.9427966101694916,0.8072805139186295,0.9385593220338984,0.7665952890792291,0.8326271186440678,0.6102783725910065
0.9427966101694916,0.8072805139186295,0.9385593220338984,0.7665952890792291,0.8326271186440678,0.6102783725910065
0.9427966101694916,0.8072805139186295,0.9364406779661016,0.7665952890792291,0.8326271186440678,0.6102783725910065
0.940677966101695,0.8051391862955032,0.9364406779661016,0.7644539614561028,0.8326271186440678,0.6102783725910065
0.940677966101695,0.8051391862955032,0.9364406779661016,0.7644539614561028,0.8326271186440678,0.6081370449678801
0.940677966101695,0.8051391862955032,0.9364406779661016,0.7644539614561028,0.8326271186440678,0.6081370449678801
0.940677966101695,0.8051391862955032,0.9364406779661016,0.7644539614561028,0.8326271186440678,0.6081370449678801
0.940677966101695,0.8051391862955032,0.9364406779661016,0.7644539614561028,0.8326271186440678,0.6081370449678801
0.940677966101695,0.8051391862955032,0.9364406779661016,0.7644539614561028,0.8326271186440678,0.6081370449678801
0.940677966101695,0.8051391862955032,0.934322033898305,0.7644539614561028,0.8326271186440678,0.6081370449678801
0.940677966101695,0.8051391862955032,0.9322033898305084,0.7644539614561028,0.8326271186440678,0.6081370449678801
0.940677966101695,0.8051391862955032,0.9322033898305084,0.7644539614561028,0.8326271186440678,0.6081370449678801
0.940677966101695,0.8051391862955032,0.9322033898305084,0.7644539614561028,0.8326271186440678,0.6081370449678801
0.940677966101695,0.8051391862955032,0.9322033898305084,0.7644539614561028,0.8326271186440678,0.6081370449678801
0.940677966101695,0.8051391862955032,0.9322033898305084,0.7644539614561028,0.8326271186440678,0.6081370449678801
0.940677966101695,0.8051391862955032,0.9322033898305084,0.7644539614561028,0.8326271186440678,0.6081370449678801
0.940677966101695,0.8029978586723768,0.9322033898305084,0.7623126338329764,0.8326271186440678,0.6081370449678801
0.940677966101695,0.8029978586723768,0.9322033898305084,0.7623126338329764,0.8326271186440678,0.6081370449678801
0.940677966101695,0.8029978586723768,0.9322033898305084,0.7601713062098501,0.8326271186440678,0.6081370449678801
0.940677966101695,0.8029978586723768,0.9322033898305084,0.7601713062098501,0.8326271186440678,0.6081370449678801
0.940677966101695,0.8029978586723768,0.9322033898305084,0.7601713062098501,0.8283898305084746,0.6081370449678801
0.940677966101695,0.8029978586723768,0.9322033898305084,0.7580299785867237,0.8283898305084746,0.6059957173447538
0.940677966101695,0.8029978586723768,0.9322033898305084,0.7580299785867237,0.8283898305084746,0.6059957173447538
0.940677966101695,0.8008565310492506,0.9322033898305084,0.7558886509635975,0.8283898305084746,0.6059957173447538
0.940677966101695,0.8008565310492506,0.9322033898305084,0.7558886509635975,0.826271186440678,0.6059957173447538
0.940677966101695,0.8008565310492506,0.9322033898305084,0.7558886509635975,0.8241525423728814,0.6038543897216274
0.940677966101695,0.8008565310492506,0.9300847457627118,0.7558886509635975,0.8241525423728814,0.6038543897216274
0.940677966101695,0.8008565310492506,0.9300847457627118,0.7558886509635975,0.8241525423728814,0.6038543897216274
0.940677966101695,0.8008565310492506,0.9300847457627118,0.7558886509635975,0.8241525423728814,0.6038543897216274
0.940677966101695,0.8008565310492506,0.9300847457627118,0.7558886509635975,0.8241525423728814,0.6038543897216274
0.940677966101695,0.7987152034261242,0.9300847457627118,0.7558886509635975,0.8241525423728814,0.6017130620985011
0.940677966101695,0.7987152034261242,0.9300847457627118,0.7558886509635975,0.8220338983050848,0.5995717344753747
0.940677966101695,0.7987152034261242,0.9300847457627118,0.7558886509635975,0.8220338983050848,0.5995717344753747
0.940677966101695,0.7987152034261242,0.9300847457627118,0.7558886509635975,0.8220338983050848,0.5974304068522484
0.940677966101695,0.7987152034261242,0.9300847457627118,0.7558886509635975,0.8220338983050848,0.5974304068522484
0.940677966101695,0.7987152034261242,0.9300847457627118,0.7537473233404711,0.8220338983050848,0.5974304068522484
0.940677966101695,0.7987152034261242,0.9300847457627118,0.7537473233404711,0.8220338983050848,0.5952890792291221
0.934322033898305,0.7880085653104925,0.9300847457627118,0.7537473233404711,0.8220338983050848,0.5952890792291221
0.934322033898305,0.7880085653104925,0.9300847457627118,0.7537473233404711,0.8220338983050848,0.5952890792291221
0.934322033898305,0.7880085653104925,0.9300847457627118,0.7516059957173448,0.8220338983050848,0.5952890792291221
0.934322033898305,0.7880085653104925,0.9279661016949152,0.7516059957173448,0.8220338983050848,0.5931477516059958
0.934322033898305,0.7880085653104925,0.9279661016949152,0.7516059957173448,0.8220338983050848,0.5931477516059958
0.934322033898305,0.7880085653104925,0.9279661016949152,0.7516059957173448,0.8220338983050848,0.5931477516059958
0.934322033898305,0.7880085653104925,0.9279661016949152,0.7516059957173448,0.8220338983050848,0.5931477516059958
0.9322033898305084,0.7837259100642399,0.9258474576271186,0.7516059957173448,0.8220338983050848,0.5931477516059958
0.9322033898305084,0.7837259100642399,0.923728813559322,0.7516059957173448,0.8199152542372882,0.5931477516059958
0.9322033898305084,0.7837259100642399,0.923728813559322,0.7516059957173448,0.8199152542372882,0.5931477516059958
0.9322033898305084,0.7837259100642399,0.923728813559322,0.7516059957173448,0.8199152542372882,0.5931477516059958
0.9322033898305084,0.7837259100642399,0.923728813559322,0.7516059957173448,0.8177966101694916,0.5931477516059958
0.9322033898305084,0.7837259100642399,0.923728813559322,0.7494646680942184,0.8177966101694916,0.5931477516059958
0.9322033898305084,0.7837259100642399,0.923728813559322,0.7494646680942184,0.8177966101694916,0.5931477516059958
0.9279661016949152,0.7815845824411135,0.923728813559322,0.7494646680942184,0.8177966101694916,0.5931477516059958
0.9279661016949152,0.7815845824411135,0.923728813559322,0.7494646680942184,0.8177966101694916,0.5910064239828694
0.9279661016949152,0.7815845824411135,0.923728813559322,0.7494646680942184,0.8177966101694916,0.5910064239828694
0.9279661016949152,0.7815845824411135,0.923728813559322,0.7494646680942184,0.8177966101694916,0.5867237687366167
0.9279661016949152,0.7815845824411135,0.923728813559322,0.7494646680942184,0.8177966101694916,0.5867237687366167
0.9279661016949152,0.7815845824411135,0.923728813559322,0.7494646680942184,0.8177966101694916,0.5867237687366167
0.9258474576271186,0.7815845824411135,0.923728813559322,0.7494646680942184,0.8177966101694916,0.5867237687366167
0.9258474576271186,0.7815845824411135,0.9194915254237288,0.7494646680942184,0.8177966101694916,0.5867237687366167
0.9258474576271186,0.7815845824411135,0.9194915254237288,0.7494646680942184,0.8177966101694916,0.5867237687366167
0.9258474576271186,0.7815845824411135,0.9194915254237288,0.7494646680942184,0.8177966101694916,0.5867237687366167
0.9258474576271186,0.7815845824411135,0.9194915254237288,0.7494646680942184,0.8177966101694916,0.5867237687366167
0.9258474576271186,0.7815845824411135,0.9194915254237288,0.7473233404710921,0.8177966101694916,0.5867237687366167
0.9258474576271186,0.7815845824411135,0.9194915254237288,0.7451820128479657,0.815677966101695,0.5867237687366167
0.9258474576271186,0.7794432548179872,0.9194915254237288,0.7451820128479657,0.8135593220338984,0.5867237687366167
0.9258474576271186,0.7794432548179872,0.9194915254237288,0.7451820128479657,0.8135593220338984,0.5867237687366167
0.9258474576271186,0.7794432548179872,0.9194915254237288,0.7451820128479657,0.8114406779661016,0.5867237687366167
0.9258474576271186,0.7794432548179872,0.9194915254237288,0.7451820128479657,0.8114406779661016,0.5867237687366167
0.9258474576271186,0.7794432548179872,0.9194915254237288,0.7451820128479657,0.8114406779661016,0.5867237687366167
0.9258474576271186,0.7794432548179872,0.9194915254237288,0.7451820128479657,0.809322033898305,0.5845824411134903
0.9258474576271186,0.7794432548179872,0.9194915254237288,0.7451820128479657,0.809322033898305,0.5845824411134903
0.9258474576271186,0.7794432548179872,0.9173728813559322,0.7451820128479657,0.809322033898305,0.582441113490364
0.9258474576271186,0.7794432548179872,0.9173728813559322,0.7451820128479657,0.809322033898305,0.5802997858672377
0.9258474576271186,0.7794432548179872,0.9173728813559322,0.7451820128479657,0.809322033898305,0.5802997858672377
0.9258474576271186,0.7794432548179872,0.9173728813559322,0.7451820128479657,0.8072033898305084,0.5802997858672377
0.9258474576271186,0.7794432548179872,0.9173728813559322,0.7451820128479657,0.8072033898305084,0.5802997858672377
0.9258474576271186,0.7794432548179872,0.9173728813559322,0.7408993576017131,0.8050847457627118,0.5781584582441114
0.9258474576271186,0.7794432548179872,0.9152542372881356,0.7408993576017131,0.8050847457627118,0.5781584582441114
0.9258474576271186,0.7794432548179872,0.9152542372881356,0.7408993576017131,0.8050847457627118,0.5781584582441114
0.9258474576271186,0.7794432548179872,0.9152542372881356,0.7408993576017131,0.8029661016949152,0.5781584582441114
0.9258474576271186,0.7794432548179872,0.9152542372881356,0.7408993576017131,0.8029661016949152,0.576017130620985
0.9258474576271186,0.7794432548179872,0.9152542372881356,0.7387580299785867,0.8029661016949152,0.576017130620985
0.9258474576271186,0.7794432548179872,0.913135593220339,0.7366167023554604,0.8029661016949152,0.576017130620985
0.9258474576271186,0.7794432548179872,0.9110169491525424,0.734475374732334,0.8029661016949152,0.576017130620985
0.9258474576271186,0.7794432548179872,0.9110169491525424,0.734475374732334,0.8029661016949152,0.576017130620985
0.9216101694915254,0.7751605995717344,0.9110169491525424,0.7323340471092077,0.8029661016949152,0.576017130620985
0.9216101694915254,0.7751605995717344,0.9110169491525424,0.7323340471092077,0.8029661016949152,0.576017130620985
0.9216101694915254,0.7751605995717344,0.9110169491525424,0.7323340471092077,0.8029661016949152,0.5738758029978587
0.9216101694915254,0.7751605995717344,0.9110169491525424,0.7301927194860813,0.8029661016949152,0.5717344753747323
0.9216101694915254,0.7751605995717344,0.9110169491525424,0.7301927194860813,0.8029661016949152,0.5717344753747323
0.9216101694915254,0.7751605995717344,0.9110169491525424,0.7301927194860813,0.8029661016949152,0.5717344753747323
0.9216101694915254,0.7751605995717344,0.9110169491525424,0.7301927194860813,0.8029661016949152,0.5717344753747323
0.9216101694915254,0.7751605995717344,0.9110169491525424,0.7301927194860813,0.8029661016949152,0.5717344753747323
0.9216101694915254,0.7751605995717344,0.9110169491525424,0.7301927194860813,0.8029661016949152,0.5717344753747323
0.9216101694915254,0.7751605995717344,0.9110169491525424,0.7301927194860813,0.8029661016949152,0.569593147751606
0.9216101694915254,0.7751605995717344,0.9110169491525424,0.7301927194860813,0.8029661016949152,0.569593147751606
0.9216101694915254,0.7751605995717344,0.9088983050847458,0.7301927194860813,0.8029661016949152,0.569593147751606
0.9216101694915254,0.7751605995717344,0.9088983050847458,0.7301927194860813,0.8029661016949152,0.569593147751606
0.9194915254237288,0.7644539614561028,0.9088983050847458,0.7301927194860813,0.8029661016949152,0.569593147751606
0.9194915254237288,0.7644539614561028,0.9088983050847458,0.7301927194860813,0.8029661016949152,0.569593147751606
0.9194915254237288,0.7644539614561028,0.9088983050847458,0.7301927194860813,0.8029661016949152,0.569593147751606
0.9194915254237288,0.7644539614561028,0.9088983050847458,0.7301927194860813,0.8029661016949152,0.569593147751606
0.9194915254237288,0.7644539614561028,0.9088983050847458,0.728051391862955,0.8008474576271186,0.569593147751606
0.9194915254237288,0.7644539614561028,0.9067796610169492,0.728051391862955,0.8008474576271186,0.569593147751606
0.9194915254237288,0.7644539614561028,0.9046610169491526,0.728051391862955,0.8008474576271186,0.569593147751606
0.9194915254237288,0.7601713062098501,0.9046610169491526,0.728051391862955,0.8008474576271186,0.569593147751606
0.9194915254237288,0.7601713062098501,0.9046610169491526,0.728051391862955,0.8008474576271186,0.569593147751606
0.9194915254237288,0.7601713062098501,0.902542372881356,0.7259100642398287,0.8008474576271186,0.569593147751606
0.9194915254237288,0.7601713062098501,0.902542372881356,0.7259100642398287,0.8008474576271186,0.569593147751606
0.9194915254237288,0.7601713062098501,0.902542372881356,0.7259100642398287,0.8008474576271186,0.569593147751606
0.9194915254237288,0.7601713062098501,0.902542372881356,0.7259100642398287,0.8008474576271186,0.569593147751606
0.9194915254237288,0.7601713062098501,0.902542372881356,0.7259100642398287,0.8008474576271186,0.569593147751606
0.9110169491525424,0.7580299785867237,0.902542372881356,0.7259100642398287,0.8008474576271186,0.569593147751606
0.9110169491525424,0.7580299785867237,0.902542372881356,0.7237687366167024,0.8008474576271186,0.5674518201284796
0.9110169491525424,0.7580299785867237,0.902542372881356,0.7237687366167024,0.798728813559322,0.5674518201284796
0.9110169491525424,0.7580299785867237,0.9004237288135594,0.7237687366167024,0.798728813559322,0.5653104925053534
0.9110169491525424,0.7580299785867237,0.9004237288135594,0.7237687366167024,0.7966101694915254,0.563169164882227
0.9110169491525424,0.7580299785867237,0.9004237288135594,0.7237687366167024,0.7966101694915254,0.563169164882227
0.9110169491525424,0.7580299785867237,0.9004237288135594,0.7194860813704497,0.7966101694915254,0.563169164882227
0.9088983050847458,0.7558886509635975,0.9004237288135594,0.7194860813704497,0.7966101694915254,0.563169164882227
0.9088983050847458,0.7558886509635975,0.9004237288135594,0.7194860813704497,0.7944915254237288,0.563169164882227
0.9088983050847458,0.7558886509635975,0.9004237288135594,0.7194860813704497,0.7902542372881356,0.563169164882227
0.9088983050847458,0.7558886509635975,0.9004237288135594,0.7194860813704497,0.7902542372881356,0.563169164882227
0.9088983050847458,0.7558886509635975,0.9004237288135594,0.7194860813704497,0.788135593220339,0.5610278372591007
0.9088983050847458,0.7558886509635975,0.9004237288135594,0.7194860813704497,0.788135593220339,0.5610278372591007
0.9088983050847458,0.7558886509635975,0.9004237288135594,0.7194860813704497,0.788135593220339,0.5610278372591007
0.9088983050847458,0.7537473233404711,0.9004237288135594,0.7194860813704497,0.788135593220339,0.5610278372591007
0.9088983050847458,0.7537473233404711,0.9004237288135594,0.7194860813704497,0.788135593220339,0.5588865096359743
0.9088983050847458,0.7537473233404711,0.9004237288135594,0.7194860813704497,0.788135593220339,0.5588865096359743
0.9088983050847458,0.7537473233404711,0.9004237288135594,0.7194860813704497,0.788135593220339,0.5588865096359743
0.9088983050847458,0.7537473233404711,0.9004237288135594,0.7194860813704497,0.788135593220339,0.5588865096359743
0.9088983050847458,0.7537473233404711,0.9004237288135594,0.7194860813704497,0.788135593220339,0.5588865096359743
0.9088983050847458,0.7537473233404711,0.9004237288135594,0.7194860813704497,0.788135593220339,0.556745182012848
0.9088983050847458,0.7494646680942184,0.9004237288135594,0.7194860813704497,0.788135593220339,0.556745182012848
0.9088983050847458,0.7494646680942184,0.9004237288135594,0.7194860813704497,0.788135593220339,0.556745182012848
0.9088983050847458,0.7494646680942184,0.9004237288135594,0.7194860813704497,0.788135593220339,0.556745182012848
0.9088983050847458,0.7494646680942184,0.9004237288135594,0.7194860813704497,0.788135593220339,0.556745182012848
0.9088983050847458,0.7494646680942184,0.9004237288135594,0.7194860813704497,0.788135593220339,0.556745182012848
0.9088983050847458,0.7494646680942184,0.9004237288135594,0.7194860813704497,0.788135593220339,0.556745182012848
0.9046610169491526,0.7473233404710921,0.9004237288135594,0.7194860813704497,0.788135593220339,0.556745182012848
0.9046610169491526,0.7473233404710921,0.8983050847457628,0.7194860813704497,0.788135593220339,0.5546038543897216
0.9046610169491526,0.7473233404710921,0.8983050847457628,0.7194860813704497,0.788135593220339,0.5546038543897216
0.9046610169491526,0.7473233404710921,0.8961864406779662,0.7194860813704497,0.788135593220339,0.5546038543897216
0.9046610169491526,0.7473233404710921,0.8961864406779662,0.7194860813704497,0.7860169491525424,0.5546038543897216
0.9046610169491526,0.7473233404710921,0.8961864406779662,0.7194860813704497,0.7838983050847458,0.5524625267665952
0.9046610169491526,0.7473233404710921,0.8961864406779662,0.7194860813704497,0.7838983050847458,0.550321199143469
0.9046610169491526,0.7408993576017131,0.8961864406779662,0.7194860813704497,0.7838983050847458,0.550321199143469
0.9046610169491526,0.7408993576017131,0.8961864406779662,0.7194860813704497,0.7838983050847458,0.550321199143469
0.9046610169491526,0.7408993576017131,0.8961864406779662,0.7173447537473233,0.7838983050847458,0.550321199143469
0.9046610169491526,0.7408993576017131,0.8961864406779662,0.7173447537473233,0.7838983050847458,0.5481798715203426
0.9046610169491526,0.7408993576017131,0.8961864406779662,0.7173447537473233,0.7838983050847458,0.5481798715203426
0.9046610169491526,0.7408993576017131,0.8961864406779662,0.7173447537473233,0.7838983050847458,0.5481798715203426
0.9046610169491526,0.7408993576017131,0.8961864406779662,0.7173447537473233,0.7838983050847458,0.5481798715203426
0.902542372881356,0.7408993576017131,0.8961864406779662,0.7173447537473233,0.7838983050847458,0.5481798715203426
0.902542372881356,0.7408993576017131,0.8940677966101694,0.7173447537473233,0.7838983050847458,0.5481798715203426
0.902542372881356,0.7408993576017131,0.8940677966101694,0.715203426124197,0.7838983050847458,0.5481798715203426
0.902542372881356,0.7408993576017131,0.8940677966101694,0.7130620985010707,0.7838983050847458,0.5481798715203426
0.902542372881356,0.7408993576017131,0.8940677966101694,0.7130620985010707,0.7838983050847458,0.5460385438972163
0.902542372881356,0.7408993576017131,0.8940677966101694,0.7130620985010707,0.7838983050847458,0.5460385438972163
0.902542372881356,0.7408993576017131,0.8940677966101694,0.7130620985010707,0.7838983050847458,0.5460385438972163
0.902542372881356,0.734475374732334,0.8940677966101694,0.7130620985010707,0.7838983050847458,0.5460385438972163
0.902542372881356,0.734475374732334,0.8940677966101694,0.7130620985010707,0.7838983050847458,0.5460385438972163
0.902542372881356,0.734475374732334,0.8940677966101694,0.7130620985010707,0.7817796610169492,0.5460385438972163
0.902542372881356,0.734475374732334,0.8940677966101694,0.7130620985010707,0.7817796610169492,0.5438972162740899
0.902542372881356,0.734475374732334,0.8940677966101694,0.7130620985010707,0.7817796610169492,0.5417558886509636
0.902542372881356,0.734475374732334,0.8919491525423728,0.7130620985010707,0.7817796610169492,0.5417558886509636
0.902542372881356,0.734475374732334,0.8919491525423728,0.7130620985010707,0.7817796610169492,0.5417558886509636
0.8961864406779662,0.734475374732334,0.8898305084745762,0.7130620985010707,0.7817796610169492,0.5396145610278372
0.8961864406779662,0.734475374732334,0.8877118644067796,0.7130620985010707,0.7817796610169492,0.5396145610278372
0.8961864406779662,0.734475374732334,0.8877118644067796,0.7130620985010707,0.7817796610169492,0.5396145610278372
0.8961864406779662,0.734475374732334,0.885593220338983,0.7109207708779444,0.7817796610169492,0.5374732334047109
0.8961864406779662,0.734475374732334,0.885593220338983,0.7109207708779444,0.7817796610169492,0.5374732334047109
0.8961864406779662,0.734475374732334,0.885593220338983,0.7109207708779444,0.7817796610169492,0.5374732334047109
0.8961864406779662,0.734475374732334,0.885593220338983,0.7109207708779444,0.7817796610169492,0.5353319057815846
0.8961864406779662,0.7323340471092077,0.885593220338983,0.7109207708779444,0.7817796610169492,0.5353319057815846
0.8961864406779662,0.7323340471092077,0.885593220338983,0.708779443254818,0.7817796610169492,0.5353319057815846
0.8961864406779662,0.7323340471092077,0.885593220338983,0.708779443254818,0.7817796610169492,0.5353319057815846
0.8961864406779662,0.7323340471092077,0.885593220338983,0.708779443254818,0.7796610169491526,0.5331905781584583
0.8961864406779662,0.7323340471092077,0.885593220338983,0.7066381156316917,0.7796610169491526,0.5331905781584583
0.8961864406779662,0.7323340471092077,0.885593220338983,0.7066381156316917,0.7796610169491526,0.5331905781584583
0.8961864406779662,0.7323340471092077,0.885593220338983,0.7066381156316917,0.777542372881356,0.5331905781584583
0.8961864406779662,0.7323340471092077,0.885593220338983,0.7066381156316917,0.777542372881356,0.5331905781584583
0.8961864406779662,0.7323340471092077,0.885593220338983,0.7066381156316917,0.7754237288135594,0.5331905781584583
0.8961864406779662,0.7323340471092077,0.885593220338983,0.7044967880085653,0.7733050847457628,0.5331905781584583
0.8961864406779662,0.7323340471092077,0.885593220338983,0.702355460385439,0.7733050847457628,0.5310492505353319
0.8961864406779662,0.7323340471092077,0.885593220338983,0.702355460385439,0.7733050847457628,0.5310492505353319
0.8961864406779662,0.7323340471092077,0.885593220338983,0.7002141327623126,0.7733050847457628,0.5310492505353319
0.8940677966101694,0.7301927194860813,0.885593220338983,0.7002141327623126,0.7733050847457628,0.5289079229122056
0.8940677966101694,0.7301927194860813,0.8834745762711864,0.7002141327623126,0.7733050847457628,0.5246252676659529
0.8940677966101694,0.7301927194860813,0.8834745762711864,0.7002141327623126,0.7733050847457628,0.5246252676659529
0.8940677966101694,0.7301927194860813,0.8834745762711864,0.7002141327623126,0.7733050847457628,0.5224839400428265
0.8940677966101694,0.7301927194860813,0.8834745762711864,0.7002141327623126,0.7733050847457628,0.5182012847965739
0.8940677966101694,0.7301927194860813,0.8834745762711864,0.7002141327623126,0.7733050847457628,0.5182012847965739
0.8940677966101694,0.7301927194860813,0.8813559322033898,0.7002141327623126,0.7733050847457628,0.5160599571734475
0.8940677966101694,0.7259100642398287,0.8813559322033898,0.7002141327623126,0.7733050847457628,0.5160599571734475
0.8940677966101694,0.7259100642398287,0.8813559322033898,0.7002141327623126,0.7733050847457628,0.5160599571734475
0.8940677966101694,0.7259100642398287,0.8813559322033898,0.7002141327623126,0.7711864406779662,0.5160599571734475
0.8940677966101694,0.7259100642398287,0.8813559322033898,0.7002141327623126,0.7711864406779662,0.5160599571734475
0.8940677966101694,0.7259100642398287,0.8813559322033898,0.7002141327623126,0.7711864406779662,0.5139186295503212
0.8940677966101694,0.7259100642398287,0.8792372881355932,0.7002141327623126,0.7711864406779662,0.5139186295503212
0.8940677966101694,0.7259100642398287,0.8771186440677966,0.6980728051391863,0.7690677966101694,0.5139186295503212
0.8940677966101694,0.7259100642398287,0.8771186440677966,0.6980728051391863,0.7669491525423728,0.5117773019271948
0.8940677966101694,0.7259100642398287,0.8771186440677966,0.6980728051391863,0.7669491525423728,0.5117773019271948
0.8940677966101694,0.7259100642398287,0.8771186440677966,0.6980728051391863,0.7669491525423728,0.5117773019271948
0.8940677966101694,0.7259100642398287,0.8771186440677966,0.6980728051391863,0.7669491525423728,0.5117773019271948
0.8940677966101694,0.7259100642398287,0.8771186440677966,0.6980728051391863,0.7669491525423728,0.5074946466809421
0.8940677966101694,0.7259100642398287,0.8771186440677966,0.6980728051391863,0.7669491525423728,0.5074946466809421
0.8940677966101694,0.7259100642398287,0.8771186440677966,0.6980728051391863,0.7669491525423728,0.5053533190578159
0.8919491525423728,0.7173447537473233,0.875,0.6980728051391863,0.7669491525423728,0.5053533190578159
0.8919491525423728,0.7173447537473233,0.8728813559322034,0.69593147751606,0.7669491525423728,0.5053533190578159
0.8919491525423728,0.7173447537473233,0.8728813559322034,0.69593147751606,0.7669491525423728,0.5053533190578159
0.8919491525423728,0.7173447537473233,0.8728813559322034,0.69593147751606,0.7669491525423728,0.5053533190578159
0.8919491525423728,0.7173447537473233,0.8728813559322034,0.69593147751606,0.7669491525423728,0.5053533190578159
0.8919491525423728,0.7173447537473233,0.8728813559322034,0.6937901498929336,0.7669491525423728,0.5032119914346895
0.8919491525423728,0.7173447537473233,0.8728813559322034,0.6937901498929336,0.7669491525423728,0.5010706638115632
0.8834745762711864,0.7109207708779444,0.8728813559322034,0.6937901498929336,0.7669491525423728,0.5010706638115632
0.8834745762711864,0.7109207708779444,0.8728813559322034,0.6937901498929336,0.7669491525423728,0.5010706638115632
0.8834745762711864,0.7109207708779444,0.8728813559322034,0.6916488222698073,0.7669491525423728,0.5010706638115632
0.8834745762711864,0.7109207708779444,0.8728813559322034,0.6916488222698073,0.7669491525423728,0.5010706638115632
0.8834745762711864,0.7109207708779444,0.8728813559322034,0.6895074946466809,0.7669491525423728,0.4989293361884368
0.8834745762711864,0.7109207708779444,0.8728813559322034,0.6873661670235546,0.7669491525423728,0.4989293361884368
0.8834745762711864,0.7109207708779444,0.8728813559322034,0.6852248394004282,0.7669491525423728,0.4989293361884368
0.8834745762711864,0.7044967880085653,0.8728813559322034,0.6852248394004282,0.7669491525423728,0.4989293361884368
0.8834745762711864,0.7044967880085653,0.8728813559322034,0.6852248394004282,0.7669491525423728,0.4989293361884368
0.8834745762711864,0.7044967880085653,0.8707627118644068,0.6852248394004282,0.7669491525423728,0.4989293361884368
0.8834745762711864,0.7044967880085653,0.8707627118644068,0.6852248394004282,0.7669491525423728,0.4989293361884368
0.8834745762711864,0.7044967880085653,0.8707627118644068,0.6852248394004282,0.7669491525423728,0.4989293361884368
0.8834745762711864,0.7044967880085653,0.8707627118644068,0.6852248394004282,0.7669491525423728,0.4989293361884368
0.8834745762711864,0.6980728051391863,0.8707627118644068,0.6852248394004282,0.7669491525423728,0.49678800856531047
0.8834745762711864,0.6980728051391863,0.8707627118644068,0.6852248394004282,0.7648305084745762,0.49678800856531047
0.8834745762711864,0.6980728051391863,0.8707627118644068,0.6852248394004282,0.7648305084745762,0.49464668094218417
0.8834745762711864,0.6980728051391863,0.8707627118644068,0.6852248394004282,0.7627118644067796,0.49464668094218417
0.8834745762711864,0.6980728051391863,0.8707627118644068,0.6852248394004282,0.7627118644067796,0.49464668094218417
0.8834745762711864,0.6980728051391863,0.8707627118644068,0.6852248394004282,0.7627118644067796,0.49464668094218417
0.8834745762711864,0.6980728051391863,0.8686440677966102,0.6852248394004282,0.7627118644067796,0.49464668094218417
0.8792372881355932,0.6937901498929336,0.8686440677966102,0.6852248394004282,0.7627118644067796,0.49464668094218417
0.8792372881355932,0.6937901498929336,0.8686440677966102,0.6852248394004282,0.7627118644067796,0.4925053533190578
0.8792372881355932,0.6937901498929336,0.8686440677966102,0.6852248394004282,0.7627118644067796,0.4925053533190578
0.8792372881355932,0.6937901498929336,0.8686440677966102,0.683083511777302,0.7627118644067796,0.4925053533190578
0.8792372881355932,0.6937901498929336,0.8686440677966102,0.683083511777302,0.7627118644067796,0.4925053533190578
0.8792372881355932,0.6937901498929336,0.8686440677966102,0.683083511777302,0.7627118644067796,0.48822269807280516
0.8792372881355932,0.6937901498929336,0.8686440677966102,0.683083511777302,0.7627118644067796,0.4860813704496788
0.875,0.6895074946466809,0.8686440677966102,0.6809421841541756,0.7627118644067796,0.4860813704496788
0.875,0.6895074946466809,0.8665254237288136,0.6788008565310493,0.7584745762711864,0.4860813704496788
0.875,0.6895074946466809,0.8665254237288136,0.6788008565310493,0.7584745762711864,0.48394004282655245
0.875,0.6895074946466809,0.8665254237288136,0.6788008565310493,0.7584745762711864,0.48394004282655245
0.875,0.6895074946466809,0.8665254237288136,0.6766595289079229,0.7563559322033898,0.48394004282655245
0.875,0.6895074946466809,0.8665254237288136,0.6766595289079229,0.7563559322033898,0.48394004282655245
0.875,0.6895074946466809,0.8665254237288136,0.6766595289079229,0.7563559322033898,0.4817987152034261
0.875,0.6873661670235546,0.8665254237288136,0.6766595289079229,0.7563559322033898,0.4817987152034261
0.875,0.6873661670235546,0.8665254237288136,0.6766595289079229,0.7563559322033898,0.4817987152034261
0.875,0.6873661670235546,0.8665254237288136,0.6766595289079229,0.7563559322033898,0.4817987152034261
0.875,0.6873661670235546,0.8665254237288136,0.6745182012847966,0.7563559322033898,0.4796573875802998
0.875,0.6873661670235546,0.8665254237288136,0.6745182012847966,0.7542372881355932,0.4796573875802998
0.875,0.6873661670235546,0.8665254237288136,0.6745182012847966,0.7542372881355932,0.4796573875802998
0.875,0.6873661670235546,0.8665254237288136,0.6723768736616702,0.7542372881355932,0.47751605995717344
0.8728813559322034,0.6852248394004282,0.8665254237288136,0.6723768736616702,0.7542372881355932,0.47751605995717344
0.8728813559322034,0.6852248394004282,0.8665254237288136,0.6702355460385439,0.7542372881355932,0.47751605995717344
0.8728813559322034,0.6852248394004282,0.8665254237288136,0.6702355460385439,0.7542372881355932,0.47751605995717344
0.8728813559322034,0.6852248394004282,0.8665254237288136,0.6702355460385439,0.7542372881355932,0.47751605995717344
0.8728813559322034,0.6852248394004282,0.8665254237288136,0.6702355460385439,0.7542372881355932,0.47751605995717344
0.8728813559322034,0.6852248394004282,0.8665254237288136,0.6702355460385439,0.7542372881355932,0.4753747323340471
0.8728813559322034,0.6852248394004282,0.8665254237288136,0.6702355460385439,0.7542372881355932,0.4753747323340471
0.8707627118644068,0.6809421841541756,0.864406779661017,0.6702355460385439,0.7542372881355932,0.4753747323340471
0.8707627118644068,0.6809421841541756,0.864406779661017,0.6702355460385439,0.7542372881355932,0.4732334047109208
0.8707627118644068,0.6809421841541756,0.864406779661017,0.6702355460385439,0.7542372881355932,0.4732334047109208
0.8707627118644068,0.6809421841541756,0.8622881355932204,0.6702355460385439,0.7542372881355932,0.4732334047109208
0.8707627118644068,0.6809421841541756,0.8622881355932204,0.6702355460385439,0.7542372881355932,0.4732334047109208
0.8707627118644068,0.6809421841541756,0.8622881355932204,0.6702355460385439,0.7542372881355932,0.4732334047109208
0.8707627118644068,0.6788008565310493,0.8622881355932204,0.6702355460385439,0.7542372881355932,0.4732334047109208
0.8707627118644068,0.6788008565310493,0.8622881355932204,0.6702355460385439,0.7542372881355932,0.4732334047109208
0.8707627118644068,0.6788008565310493,0.8622881355932204,0.6702355460385439,0.7542372881355932,0.4732334047109208
0.8707627118644068,0.6788008565310493,0.8622881355932204,0.6702355460385439,0.7542372881355932,0.47109207708779444
0.8707627118644068,0.6788008565310493,0.8622881355932204,0.6702355460385439,0.7542372881355932,0.47109207708779444
0.8707627118644068,0.6788008565310493,0.8622881355932204,0.6702355460385439,0.7542372881355932,0.47109207708779444
0.8707627118644068,0.6788008565310493,0.8601694915254238,0.6702355460385439,0.7542372881355932,0.47109207708779444
0.8686440677966102,0.6745182012847966,0.8601694915254238,0.6702355460385439,0.7542372881355932,0.47109207708779444
0.8686440677966102,0.6745182012847966,0.8601694915254238,0.6680942184154176,0.7542372881355932,0.4689507494646681
0.8686440677966102,0.6745182012847966,0.8601694915254238,0.6680942184154176,0.7542372881355932,0.4689507494646681
0.8686440677966102,0.6745182012847966,0.8601694915254238,0.6680942184154176,0.7542372881355932,0.4689507494646681
0.8686440677966102,0.6745182012847966,0.8601694915254238,0.6680942184154176,0.7542372881355932,0.4668094218415418
0.8686440677966102,0.6745182012847966,0.8601694915254238,0.6680942184154176,0.7542372881355932,0.4668094218415418
0.8686440677966102,0.6745182012847966,0.8601694915254238,0.6680942184154176,0.7542372881355932,0.4668094218415418
0.8665254237288136,0.6723768736616702,0.8601694915254238,0.6680942184154176,0.7542372881355932,0.4668094218415418
0.8665254237288136,0.6723768736616702,0.8601694915254238,0.6680942184154176,0.7542372881355932,0.4668094218415418
0.8665254237288136,0.6723768736616702,0.8601694915254238,0.6680942184154176,0.7542372881355932,0.4668094218415418
0.8665254237288136,0.6723768736616702,0.8601694915254238,0.6659528907922913,0.7542372881355932,0.4668094218415418
0.8665254237288136,0.6723768736616702,0.8601694915254238,0.6659528907922913,0.7542372881355932,0.4668094218415418
0.8665254237288136,0.6723768736616702,0.8601694915254238,0.6638115631691649,0.7542372881355932,0.46466809421841543
0.8665254237288136,0.6723768736616702,0.8601694915254238,0.6638115631691649,0.7542372881355932,0.46466809421841543
0.8665254237288136,0.6723768736616702,0.8601694915254238,0.6638115631691649,0.7542372881355932,0.46466809421841543
0.8665254237288136,0.6723768736616702,0.8601694915254238,0.6638115631691649,0.7542372881355932,0.4625267665952891
0.8665254237288136,0.6723768736616702,0.8601694915254238,0.6616702355460385,0.7542372881355932,0.4625267665952891
0.8665254237288136,0.6723768736616702,0.8601694915254238,0.6616702355460385,0.7542372881355932,0.4625267665952891
0.8665254237288136,0.6723768736616702,0.8601694915254238,0.6616702355460385,0.7542372881355932,0.4625267665952891
0.8665254237288136,0.6723768736616702,0.8580508474576272,0.6616702355460385,0.7542372881355932,0.4603854389721627
0.8665254237288136,0.6723768736616702,0.8580508474576272,0.6616702355460385,0.7542372881355932,0.4603854389721627
0.864406779661017,0.6723768736616702,0.8580508474576272,0.6616702355460385,0.7478813559322034,0.4582441113490364
0.864406779661017,0.6723768736616702,0.8580508474576272,0.6616702355460385,0.7478813559322034,0.4582441113490364
0.864406779661017,0.6723768736616702,0.8580508474576272,0.6616702355460385,0.7478813559322034,0.4582441113490364
0.864406779661017,0.6723768736616702,0.8580508474576272,0.6616702355460385,0.7478813559322034,0.4582441113490364
0.864406779661017,0.6723768736616702,0.8580508474576272,0.6616702355460385,0.7478813559322034,0.4582441113490364
0.864406779661017,0.6723768736616702,0.8559322033898306,0.6616702355460385,0.7478813559322034,0.45610278372591007
0.864406779661017,0.6723768736616702,0.8559322033898306,0.6616702355460385,0.7478813559322034,0.45610278372591007
0.8622881355932204,0.6680942184154176,0.8538135593220338,0.6616702355460385,0.7478813559322034,0.45610278372591007
0.8622881355932204,0.6680942184154176,0.8516949152542372,0.6616702355460385,0.7478813559322034,0.45610278372591007
0.8622881355932204,0.6680942184154176,0.8495762711864406,0.6616702355460385,0.7478813559322034,0.45610278372591007
0.8622881355932204,0.6680942184154176,0.8495762711864406,0.6616702355460385,0.7478813559322034,0.4539614561027837
0.8622881355932204,0.6680942184154176,0.8495762711864406,0.6616702355460385,0.7478813559322034,0.4539614561027837
0.8622881355932204,0.6680942184154176,0.8495762711864406,0.6616702355460385,0.7478813559322034,0.4539614561027837
0.8580508474576272,0.6659528907922913,0.8495762711864406,0.6616702355460385,0.7457627118644068,0.4539614561027837
0.8580508474576272,0.6659528907922913,0.8495762711864406,0.6595289079229122,0.7457627118644068,0.4539614561027837
0.8580508474576272,0.6659528907922913,0.8495762711864406,0.6595289079229122,0.7457627118644068,0.4539614561027837
0.8580508474576272,0.6659528907922913,0.8495762711864406,0.6595289079229122,0.7457627118644068,0.4518201284796574
0.8580508474576272,0.6659528907922913,0.847457627118644,0.6595289079229122,0.7457627118644068,0.4518201284796574
0.8580508474576272,0.6659528907922913,0.847457627118644,0.6595289079229122,0.7457627118644068,0.4518201284796574
0.8580508474576272,0.6659528907922913,0.847457627118644,0.6595289079229122,0.7436440677966102,0.44967880085653106
0.8559322033898306,0.6638115631691649,0.847457627118644,0.6595289079229122,0.7436440677966102,0.4475374732334047
0.8559322033898306,0.6638115631691649,0.8453389830508474,0.6595289079229122,0.7415254237288136,0.4475374732334047
0.8559322033898306,0.6638115631691649,0.8432203389830508,0.6595289079229122,0.7415254237288136,0.4475374732334047
0.8559322033898306,0.6638115631691649,0.8411016949152542,0.6573875802997858,0.7415254237288136,0.44539614561027835
0.8559322033898306,0.6638115631691649,0.8411016949152542,0.6552462526766595,0.7415254237288136,0.44325481798715205
0.8559322033898306,0.6638115631691649,0.8411016949152542,0.6552462526766595,0.7415254237288136,0.44325481798715205
0.8559322033898306,0.6638115631691649,0.8411016949152542,0.6552462526766595,0.7415254237288136,0.44325481798715205
0.8538135593220338,0.6616702355460385,0.8411016949152542,0.6552462526766595,0.7415254237288136,0.44325481798715205
0.8538135593220338,0.6616702355460385,0.8411016949152542,0.6552462526766595,0.7415254237288136,0.44325481798715205
0.8538135593220338,0.6616702355460385,0.8411016949152542,0.6552462526766595,0.7415254237288136,0.44325481798715205
0.8538135593220338,0.6616702355460385,0.8389830508474576,0.6552462526766595,0.7415254237288136,0.44325481798715205
0.8538135593220338,0.6616702355460385,0.8389830508474576,0.6552462526766595,0.7415254237288136,0.44325481798715205
0.8538135593220338,0.6616702355460385,0.8389830508474576,0.6552462526766595,0.7415254237288136,0.44325481798715205
0.8538135593220338,0.6616702355460385,0.8389830508474576,0.6531049250535332,0.739406779661017,0.44325481798715205
0.8516949152542372,0.6616702355460385,0.8389830508474576,0.6531049250535332,0.739406779661017,0.44325481798715205
0.8516949152542372,0.6616702355460385,0.8347457627118644,0.6531049250535332,0.739406779661017,0.4411134903640257
0.8516949152542372,0.6616702355460385,0.8347457627118644,0.6531049250535332,0.739406779661017,0.4411134903640257
0.8516949152542372,0.6616702355460385,0.8347457627118644,0.6531049250535332,0.739406779661017,0.4411134903640257
0.8516949152542372,0.6616702355460385,0.8347457627118644,0.6531049250535332,0.739406779661017,0.4411134903640257
0.8516949152542372,0.6616702355460385,0.8347457627118644,0.6531049250535332,0.739406779661017,0.4411134903640257
0.8516949152542372,0.6616702355460385,0.8347457627118644,0.6531049250535332,0.7372881355932204,0.4411134903640257
0.8453389830508474,0.6595289079229122,0.8347457627118644,0.6531049250535332,0.7351694915254238,0.4411134903640257
0.8453389830508474,0.6595289079229122,0.8347457627118644,0.6531049250535332,0.7351694915254238,0.4411134903640257
0.8453389830508474,0.6595289079229122,0.8347457627118644,0.6531049250535332,0.7351694915254238,0.4411134903640257
0.8453389830508474,0.6595289079229122,0.8347457627118644,0.6531049250535332,0.7351694915254238,0.4411134903640257
0.8453389830508474,0.6595289079229122,0.8347457627118644,0.6509635974304069,0.7351694915254238,0.43897216274089934
0.8453389830508474,0.6595289079229122,0.8347457627118644,0.6509635974304069,0.7351694915254238,0.43897216274089934
0.8453389830508474,0.6595289079229122,0.8347457627118644,0.6509635974304069,0.7351694915254238,0.43897216274089934
0.8432203389830508,0.6595289079229122,0.8347457627118644,0.6466809421841542,0.7351694915254238,0.43897216274089934
0.8432203389830508,0.6595289079229122,0.8347457627118644,0.6445396145610278,0.7351694915254238,0.43683083511777304
0.8432203389830508,0.6595289079229122,0.8347457627118644,0.6423982869379015,0.7351694915254238,0.43683083511777304
0.8432203389830508,0.6595289079229122,0.8347457627118644,0.6423982869379015,0.7330508474576272,0.4346895074946467
0.8432203389830508,0.6595289079229122,0.8347457627118644,0.6423982869379015,0.7330508474576272,0.4346895074946467
0.8432203389830508,0.6595289079229122,0.8347457627118644,0.6423982869379015,0.7330508474576272,0.43254817987152033
0.8411016949152542,0.6573875802997858,0.8326271186440678,0.6423982869379015,0.7330508474576272,0.43254817987152033
0.8411016949152542,0.6573875802997858,0.8326271186440678,0.6423982869379015,0.7330508474576272,0.430406852248394
0.8411016949152542,0.6573875802997858,0.8326271186440678,0.6423982869379015,0.7330508474576272,0.430406852248394
0.8411016949152542,0.6573875802997858,0.8326271186440678,0.6423982869379015,0.7330508474576272,0.430406852248394
0.8411016949152542,0.6573875802997858,0.8326271186440678,0.6423982869379015,0.7309322033898306,0.430406852248394
0.8411016949152542,0.6573875802997858,0.8326271186440678,0.6423982869379015,0.7309322033898306,0.430406852248394
0.8411016949152542,0.6573875802997858,0.8305084745762712,0.6423982869379015,0.7309322033898306,0.430406852248394
0.8389830508474576,0.6573875802997858,0.8305084745762712,0.6423982869379015,0.7309322033898306,0.430406852248394
0.8389830508474576,0.6573875802997858,0.8305084745762712,0.6423982869379015,0.7309322033898306,0.430406852248394
0.8389830508474576,0.6573875802997858,0.8305084745762712,0.6402569593147751,0.7309322033898306,0.4282655246252677
0.8389830508474576,0.6573875802997858,0.8305084745762712,0.6402569593147751,0.7309322033898306,0.4282655246252677
0.8389830508474576,0.6573875802997858,0.8305084745762712,0.6402569593147751,0.7309322033898306,0.4282655246252677
0.8389830508474576,0.6573875802997858,0.8305084745762712,0.6402569593147751,0.7309322033898306,0.4282655246252677
0.8389830508474576,0.6573875802997858,0.8305084745762712,0.6381156316916489,0.7288135593220338,0.4282655246252677
0.8389830508474576,0.6552462526766595,0.8305084745762712,0.6381156316916489,0.7288135593220338,0.4282655246252677
0.8389830508474576,0.6552462526766595,0.8305084745762712,0.6381156316916489,0.7288135593220338,0.4282655246252677
0.8389830508474576,0.6552462526766595,0.8305084745762712,0.6381156316916489,0.7288135593220338,0.4282655246252677
0.8389830508474576,0.6552462526766595,0.8305084745762712,0.6359743040685225,0.7288135593220338,0.4282655246252677
0.8389830508474576,0.6552462526766595,0.8305084745762712,0.6359743040685225,0.7266949152542372,0.4282655246252677
0.8389830508474576,0.6552462526766595,0.8305084745762712,0.6359743040685225,0.7266949152542372,0.4282655246252677
0.8389830508474576,0.6552462526766595,0.8305084745762712,0.6359743040685225,0.7266949152542372,0.4282655246252677
0.8389830508474576,0.6552462526766595,0.8305084745762712,0.6338329764453962,0.7266949152542372,0.4282655246252677
0.8389830508474576,0.6552462526766595,0.8305084745762712,0.6338329764453962,0.7266949152542372,0.4282655246252677
0.8389830508474576,0.6552462526766595,0.8305084745762712,0.6338329764453962,0.7266949152542372,0.4282655246252677
0.8389830508474576,0.6552462526766595,0.8305084745762712,0.6338329764453962,0.7266949152542372,0.4282655246252677
0.8389830508474576,0.6552462526766595,0.8305084745762712,0.6338329764453962,0.7266949152542372,0.4261241970021413
0.8389830508474576,0.6552462526766595,0.8305084745762712,0.6316916488222698,0.7266949152542372,0.4261241970021413
0.8389830508474576,0.6552462526766595,0.8283898305084746,0.6295503211991434,0.7266949152542372,0.42398286937901497
0.8389830508474576,0.6509635974304069,0.8283898305084746,0.6295503211991434,0.7266949152542372,0.42398286937901497
0.8389830508474576,0.6509635974304069,0.8283898305084746,0.6274089935760171,0.7266949152542372,0.42398286937901497
0.8389830508474576,0.6509635974304069,0.8283898305084746,0.6274089935760171,0.7266949152542372,0.42398286937901497
0.8389830508474576,0.6509635974304069,0.8283898305084746,0.6274089935760171,0.7266949152542372,0.42398286937901497
0.8389830508474576,0.6509635974304069,0.8283898305084746,0.6274089935760171,0.722457627118644,0.42398286937901497
0.8389830508474576,0.6509635974304069,0.8283898305084746,0.6231263383297645,0.722457627118644,0.42184154175588867
0.8389830508474576,0.6509635974304069,0.826271186440678,0.6231263383297645,0.722457627118644,0.42184154175588867
0.836864406779661,0.6488222698072805,0.826271186440678,0.6231263383297645,0.722457627118644,0.4197002141327623
0.836864406779661,0.6488222698072805,0.826271186440678,0.6231263383297645,0.722457627118644,0.4197002141327623
0.836864406779661,0.6488222698072805,0.8241525423728814,0.6231263383297645,0.722457627118644,0.4197002141327623
0.836864406779661,0.6488222698072805,0.8241525423728814,0.6231263383297645,0.722457627118644,0.4197002141327623
0.836864406779661,0.6488222698072805,0.8220338983050848,0.6209850107066381,0.7203389830508474,0.4197002141327623
0.836864406779661,0.6488222698072805,0.8220338983050848,0.6209850107066381,0.7203389830508474,0.4197002141327623
0.8326271186440678,0.6466809421841542,0.8220338983050848,0.6209850107066381,0.7182203389830508,0.4197002141327623
0.8326271186440678,0.6466809421841542,0.8220338983050848,0.6209850107066381,0.7182203389830508,0.4197002141327623
0.8326271186440678,0.6466809421841542,0.8220338983050848,0.6188436830835118,0.7182203389830508,0.4197002141327623
0.8326271186440678,0.6466809421841542,0.8199152542372882,0.6188436830835118,0.7182203389830508,0.4197002141327623
0.8326271186440678,0.6466809421841542,0.8199152542372882,0.6188436830835118,0.7182203389830508,0.4197002141327623
0.8326271186440678,0.6466809421841542,0.8199152542372882,0.6188436830835118,0.7182203389830508,0.41755888650963596
0.8326271186440678,0.6466809421841542,0.8199152542372882,0.6188436830835118,0.7182203389830508,0.41755888650963596
0.8305084745762712,0.6423982869379015,0.8199152542372882,0.6167023554603854,0.7182203389830508,0.41755888650963596
0.8305084745762712,0.6423982869379015,0.8199152542372882,0.6167023554603854,0.7182203389830508,0.41755888650963596
0.8305084745762712,0.6423982869379015,0.8199152542372882,0.6145610278372591,0.7161016949152542,0.41755888650963596
0.8305084745762712,0.6423982869379015,0.8177966101694916,0.6145610278372591,0.7161016949152542,0.41755888650963596
0.8305084745762712,0.6423982869379015,0.8177966101694916,0.6145610278372591,0.7139830508474576,0.41755888650963596
0.8305084745762712,0.6423982869379015,0.8177966101694916,0.6145610278372591,0.711864406779661,0.41755888650963596
0.8305084745762712,0.6423982869379015,0.8177966101694916,0.6145610278372591,0.711864406779661,0.41755888650963596
0.8305084745762712,0.6381156316916489,0.8177966101694916,0.6124197002141327,0.711864406779661,0.41755888650963596
0.8305084745762712,0.6381156316916489,0.8177966101694916,0.6124197002141327,0.711864406779661,0.41541755888650966
0.8305084745762712,0.6381156316916489,0.8177966101694916,0.6124197002141327,0.711864406779661,0.41541755888650966
0.8305084745762712,0.6381156316916489,0.8177966101694916,0.6124197002141327,0.711864406779661,0.41541755888650966
0.8305084745762712,0.6381156316916489,0.8177966101694916,0.6124197002141327,0.711864406779661,0.41541755888650966
0.8305084745762712,0.6381156316916489,0.8177966101694916,0.6124197002141327,0.711864406779661,0.4132762312633833
0.8305084745762712,0.6381156316916489,0.8177966101694916,0.6124197002141327,0.7097457627118644,0.4132762312633833
0.8305084745762712,0.6381156316916489,0.8177966101694916,0.6124197002141327,0.7097457627118644,0.4132762312633833
0.8305084745762712,0.6381156316916489,0.815677966101695,0.6102783725910065,0.7097457627118644,0.4132762312633833
0.8305084745762712,0.6381156316916489,0.815677966101695,0.6102783725910065,0.7097457627118644,0.4132762312633833
0.8305084745762712,0.6381156316916489,0.815677966101695,0.6102783725910065,0.7076271186440678,0.4132762312633833
0.8305084745762712,0.6381156316916489,0.815677966101695,0.6102783725910065,0.7076271186440678,0.4132762312633833
0.8305084745762712,0.6381156316916489,0.815677966101695,0.6102783725910065,0.7055084745762712,0.4132762312633833
0.8305084745762712,0.6381156316916489,0.815677966101695,0.6102783725910065,0.7055084745762712,0.4132762312633833
0.826271186440678,0.6359743040685225,0.815677966101695,0.6102783725910065,0.7055084745762712,0.41113490364025695
0.826271186440678,0.6359743040685225,0.815677966101695,0.6102783725910065,0.7033898305084746,0.41113490364025695
0.826271186440678,0.6359743040685225,0.815677966101695,0.6102783725910065,0.701271186440678,0.41113490364025695
0.826271186440678,0.6359743040685225,0.8135593220338984,0.6081370449678801,0.701271186440678,0.41113490364025695
0.826271186440678,0.6359743040685225,0.8135593220338984,0.6081370449678801,0.701271186440678,0.4068522483940043
0.826271186440678,0.6359743040685225,0.8114406779661016,0.6059957173447538,0.6991525423728814,0.4068522483940043
0.826271186440678,0.6359743040685225,0.8114406779661016,0.6059957173447538,0.6991525423728814,0.4068522483940043
0.8241525423728814,0.6338329764453962,0.8114406779661016,0.6059957173447538,0.6991525423728814,0.4068522483940043
0.8241525423728814,0.6338329764453962,0.8114406779661016,0.6059957173447538,0.6991525423728814,0.4068522483940043
0.8241525423728814,0.6338329764453962,0.8114406779661016,0.6038543897216274,0.6991525423728814,0.4068522483940043
0.8241525423728814,0.6338329764453962,0.8114406779661016,0.6038543897216274,0.6970338983050848,0.4068522483940043
0.8241525423728814,0.6338329764453962,0.8114406779661016,0.6017130620985011,0.6970338983050848,0.4068522483940043
0.8241525423728814,0.6338329764453962,0.8114406779661016,0.6017130620985011,0.6970338983050848,0.4068522483940043
0.8241525423728814,0.6338329764453962,0.8114406779661016,0.5995717344753747,0.6970338983050848,0.4068522483940043
0.8241525423728814,0.6295503211991434,0.8114406779661016,0.5974304068522484,0.6949152542372882,0.4068522483940043
0.8241525423728814,0.6295503211991434,0.8114406779661016,0.5974304068522484,0.6949152542372882,0.4068522483940043
0.8241525423728814,0.6295503211991434,0.8114406779661016,0.5974304068522484,0.6949152542372882,0.4068522483940043
0.8241525423728814,0.6295503211991434,0.8114406779661016,0.5974304068522484,0.6927966101694916,0.40471092077087795
0.8241525423728814,0.6295503211991434,0.809322033898305,0.5974304068522484,0.6927966101694916,0.4025695931477516
0.8241525423728814,0.6295503211991434,0.809322033898305,0.5974304068522484,0.6927966101694916,0.4025695931477516
0.8241525423728814,0.6252676659528907,0.809322033898305,0.5974304068522484,0.6927966101694916,0.4025695931477516
0.8241525423728814,0.6252676659528907,0.809322033898305,0.5974304068522484,0.6927966101694916,0.4025695931477516
0.8241525423728814,0.6252676659528907,0.809322033898305,0.5974304068522484,0.6927966101694916,0.4004282655246253
0.8241525423728814,0.6252676659528907,0.809322033898305,0.5974304068522484,0.6927966101694916,0.39828693790149894
0.8241525423728814,0.6252676659528907,0.809322033898305,0.5974304068522484,0.6927966101694916,0.39828693790149894
0.8241525423728814,0.6252676659528907,0.809322033898305,0.5974304068522484,0.6927966101694916,0.3961456102783726
0.8241525423728814,0.6252676659528907,0.809322033898305,0.5974304068522484,0.690677966101695,0.3961456102783726
0.8241525423728814,0.6231263383297645,0.809322033898305,0.5974304068522484,0.690677966101695,0.3961456102783726
0.8241525423728814,0.6231263383297645,0.809322033898305,0.5974304068522484,0.690677966101695,0.3961456102783726
0.8241525423728814,0.6231263383297645,0.809322033898305,0.5974304068522484,0.690677966101695,0.39400428265524623
0.8241525423728814,0.6231263383297645,0.809322033898305,0.5952890792291221,0.690677966101695,0.39400428265524623
0.8241525423728814,0.6231263383297645,0.809322033898305,0.5931477516059958,0.6885593220338984,0.39400428265524623
0.8241525423728814,0.6231263383297645,0.809322033898305,0.5931477516059958,0.6885593220338984,0.39186295503211993
0.8241525423728814,0.6231263383297645,0.8072033898305084,0.5931477516059958,0.6885593220338984,0.3897216274089936
0.8177966101694916,0.6209850107066381,0.8072033898305084,0.5931477516059958,0.6885593220338984,0.3897216274089936
0.8177966101694916,0.6209850107066381,0.8072033898305084,0.5931477516059958,0.6885593220338984,0.3897216274089936
0.8177966101694916,0.6209850107066381,0.8072033898305084,0.5931477516059958,0.6864406779661016,0.3897216274089936
0.8177966101694916,0.6209850107066381,0.8072033898305084,0.5910064239828694,0.6864406779661016,0.3897216274089936
0.8177966101694916,0.6209850107066381,0.8072033898305084,0.588865096359743,0.6822033898305084,0.3897216274089936
0.8177966101694916,0.6209850107066381,0.8050847457627118,0.5867237687366167,0.6822033898305084,0.3897216274089936
0.8177966101694916,0.6209850107066381,0.8050847457627118,0.5867237687366167,0.6779661016949152,0.3875802997858672
0.8177966101694916,0.6145610278372591,0.8050847457627118,0.5867237687366167,0.6779661016949152,0.3875802997858672
0.8177966101694916,0.6145610278372591,0.8029661016949152,0.5867237687366167,0.6779661016949152,0.3854389721627409
0.8177966101694916,0.6145610278372591,0.8029661016949152,0.5867237687366167,0.6779661016949152,0.38329764453961457
0.8177966101694916,0.6145610278372591,0.8029661016949152,0.5802997858672377,0.6779661016949152,0.3811563169164882
0.8177966101694916,0.6145610278372591,0.8008474576271186,0.5802997858672377,0.6779661016949152,0.37901498929336186
0.8177966101694916,0.6145610278372591,0.798728813559322,0.5802997858672377,0.6779661016949152,0.37901498929336186
0.8177966101694916,0.6145610278372591,0.798728813559322,0.5781584582441114,0.6779661016949152,0.37901498929336186
0.815677966101695,0.6124197002141327,0.7966101694915254,0.5781584582441114,0.6779661016949152,0.37901498929336186
0.815677966101695,0.6124197002141327,0.7966101694915254,0.5781584582441114,0.6758474576271186,0.37901498929336186
0.815677966101695,0.6124197002141327,0.7944915254237288,0.5781584582441114,0.6758474576271186,0.37687366167023556
0.815677966101695,0.6124197002141327,0.7944915254237288,0.5781584582441114,0.673728813559322,0.37687366167023556
0.815677966101695,0.6124197002141327,0.7944915254237288,0.576017130620985,0.673728813559322,0.37687366167023556
0.815677966101695,0.6124197002141327,0.7944915254237288,0.576017130620985,0.673728813559322,0.37687366167023556
0.815677966101695,0.6124197002141327,0.7944915254237288,0.576017130620985,0.6716101694915254,0.37687366167023556
0.8072033898305084,0.6102783725910065,0.7944915254237288,0.576017130620985,0.6716101694915254,0.37687366167023556
0.8072033898305084,0.6102783725910065,0.7944915254237288,0.576017130620985,0.6716101694915254,0.37687366167023556
0.8072033898305084,0.6102783725910065,0.7944915254237288,0.576017130620985,0.6716101694915254,0.37687366167023556
0.8072033898305084,0.6102783725910065,0.7944915254237288,0.576017130620985,0.6716101694915254,0.37687366167023556
0.8072033898305084,0.6102783725910065,0.7944915254237288,0.576017130620985,0.6716101694915254,0.37687366167023556
0.8072033898305084,0.6102783725910065,0.7944915254237288,0.576017130620985,0.6716101694915254,0.37687366167023556
0.8029661016949152,0.6038543897216274,0.7944915254237288,0.576017130620985,0.6716101694915254,0.37687366167023556
0.8029661016949152,0.6038543897216274,0.7923728813559322,0.576017130620985,0.6716101694915254,0.37687366167023556
0.8029661016949152,0.6038543897216274,0.7923728813559322,0.576017130620985,0.6716101694915254,0.37687366167023556
0.8029661016949152,0.6038543897216274,0.7923728813559322,0.576017130620985,0.6716101694915254,0.3747323340471092
0.8029661016949152,0.6038543897216274,0.7923728813559322,0.576017130620985,0.6716101694915254,0.37259100642398285
0.8029661016949152,0.6038543897216274,0.7923728813559322,0.576017130620985,0.6716101694915254,0.37259100642398285
0.8029661016949152,0.6038543897216274,0.7923728813559322,0.576017130620985,0.6716101694915254,0.37044967880085655
0.8008474576271186,0.6017130620985011,0.7923728813559322,0.5738758029978587,0.6716101694915254,0.37044967880085655
0.8008474576271186,0.6017130620985011,0.7923728813559322,0.5738758029978587,0.6716101694915254,0.3683083511777302
0.8008474576271186,0.6017130620985011,0.7923728813559322,0.5738758029978587,0.6694915254237288,0.36616702355460384
0.8008474576271186,0.6017130620985011,0.7923728813559322,0.5738758029978587,0.6673728813559322,0.36616702355460384
0.8008474576271186,0.6017130620985011,0.7923728813559322,0.5738758029978587,0.6652542372881356,0.36616702355460384
0.8008474576271186,0.6017130620985011,0.7923728813559322,0.5738758029978587,0.6652542372881356,0.36616702355460384
0.8008474576271186,0.6017130620985011,0.7923728813559322,0.5738758029978587,0.6652542372881356,0.36616702355460384
0.7902542372881356,0.5995717344753747,0.7923728813559322,0.5738758029978587,0.6652542372881356,0.36616702355460384
0.7902542372881356,0.5995717344753747,0.7923728813559322,0.5738758029978587,0.6652542372881356,0.36616702355460384
0.7902542372881356,0.5995717344753747,0.7923728813559322,0.5738758029978587,0.6652542372881356,0.36616702355460384
0.7902542372881356,0.5995717344753747,0.7923728813559322,0.5738758029978587,0.6652542372881356,0.3640256959314775
0.7902542372881356,0.5995717344753747,0.7923728813559322,0.5717344753747323,0.663135593220339,0.3640256959314775
0.7902542372881356,0.5995717344753747,0.7923728813559322,0.569593147751606,0.663135593220339,0.3640256959314775
0.7902542372881356,0.5995717344753747,0.7923728813559322,0.5674518201284796,0.663135593220339,0.3640256959314775
0.788135593220339,0.5931477516059958,0.7902542372881356,0.5674518201284796,0.663135593220339,0.3640256959314775
0.788135593220339,0.5931477516059958,0.7902542372881356,0.5653104925053534,0.663135593220339,0.3640256959314775
0.788135593220339,0.5931477516059958,0.7902542372881356,0.5653104925053534,0.663135593220339,0.3640256959314775
0.788135593220339,0.5931477516059958,0.7902542372881356,0.5653104925053534,0.6610169491525424,0.3640256959314775
0.788135593220339,0.5931477516059958,0.788135593220339,0.5653104925053534,0.6610169491525424,0.3640256959314775
0.788135593220339,0.5931477516059958,0.788135593220339,0.563169164882227,0.6610169491525424,0.3640256959314775
0.788135593220339,0.5931477516059958,0.788135593220339,0.5610278372591007,0.6610169491525424,0.3640256959314775
0.788135593220339,0.5910064239828694,0.788135593220339,0.5610278372591007,0.6610169491525424,0.35974304068522484
0.788135593220339,0.5910064239828694,0.788135593220339,0.5588865096359743,0.6610169491525424,0.35974304068522484
0.788135593220339,0.5910064239828694,0.788135593220339,0.5588865096359743,0.6610169491525424,0.35974304068522484
0.788135593220339,0.5910064239828694,0.788135593220339,0.5588865096359743,0.6588983050847458,0.35974304068522484
0.788135593220339,0.5910064239828694,0.788135593220339,0.5588865096359743,0.6588983050847458,0.35974304068522484
0.788135593220339,0.5910064239828694,0.788135593220339,0.5588865096359743,0.6588983050847458,0.35974304068522484
0.788135593220339,0.5910064239828694,0.788135593220339,0.5588865096359743,0.6567796610169492,0.35974304068522484
0.788135593220339,0.5910064239828694,0.788135593220339,0.5588865096359743,0.6567796610169492,0.35974304068522484
0.788135593220339,0.5910064239828694,0.788135593220339,0.5588865096359743,0.6567796610169492,0.35974304068522484
0.788135593220339,0.5910064239828694,0.788135593220339,0.5588865096359743,0.6567796610169492,0.35974304068522484
0.788135593220339,0.5910064239828694,0.788135593220339,0.556745182012848,0.6567796610169492,0.35974304068522484
0.788135593220339,0.5910064239828694,0.7860169491525424,0.556745182012848,0.6567796610169492,0.35974304068522484
0.788135593220339,0.5910064239828694,0.7860169491525424,0.556745182012848,0.6567796610169492,0.35974304068522484
0.7838983050847458,0.588865096359743,0.7860169491525424,0.556745182012848,0.6567796610169492,0.35974304068522484
0.7838983050847458,0.588865096359743,0.7860169491525424,0.556745182012848,0.6567796610169492,0.35974304068522484
0.7838983050847458,0.588865096359743,0.7860169491525424,0.556745182012848,0.6567796610169492,0.35974304068522484
0.7838983050847458,0.588865096359743,0.7860169491525424,0.5546038543897216,0.6567796610169492,0.35974304068522484
0.7838983050847458,0.588865096359743,0.7860169491525424,0.5546038543897216,0.6546610169491526,0.3576017130620985
0.7838983050847458,0.588865096359743,0.7860169491525424,0.5524625267665952,0.6546610169491526,0.3576017130620985
0.7838983050847458,0.588865096359743,0.7860169491525424,0.5524625267665952,0.6546610169491526,0.3576017130620985
0.7838983050847458,0.5867237687366167,0.7860169491525424,0.550321199143469,0.6546610169491526,0.3576017130620985
0.7838983050847458,0.5867237687366167,0.7860169491525424,0.550321199143469,0.6546610169491526,0.3576017130620985
0.7838983050847458,0.5867237687366167,0.7860169491525424,0.550321199143469,0.6546610169491526,0.3576017130620985
0.7838983050847458,0.5867237687366167,0.7860169491525424,0.550321199143469,0.6546610169491526,0.3576017130620985
0.7838983050847458,0.5867237687366167,0.7860169491525424,0.5460385438972163,0.6546610169491526,0.3576017130620985
0.7838983050847458,0.5867237687366167,0.7860169491525424,0.5438972162740899,0.6546610169491526,0.3576017130620985
0.7838983050847458,0.5867237687366167,0.7860169491525424,0.5438972162740899,0.6546610169491526,0.3576017130620985
0.7838983050847458,0.5845824411134903,0.7860169491525424,0.5438972162740899,0.6546610169491526,0.3533190578158458
0.7838983050847458,0.5845824411134903,0.7860169491525424,0.5417558886509636,0.6546610169491526,0.3533190578158458
0.7838983050847458,0.5845824411134903,0.7860169491525424,0.5417558886509636,0.6504237288135594,0.3533190578158458
0.7838983050847458,0.5845824411134903,0.7860169491525424,0.5417558886509636,0.6483050847457628,0.3533190578158458
0.7838983050847458,0.5845824411134903,0.7860169491525424,0.5417558886509636,0.6483050847457628,0.3533190578158458
0.7838983050847458,0.5845824411134903,0.7860169491525424,0.5417558886509636,0.6483050847457628,0.3533190578158458
0.7838983050847458,0.5845824411134903,0.7860169491525424,0.5396145610278372,0.6483050847457628,0.3511777301927195
0.7796610169491526,0.5802997858672377,0.7860169491525424,0.5396145610278372,0.6483050847457628,0.3511777301927195
0.7796610169491526,0.5802997858672377,0.7860169491525424,0.5353319057815846,0.6483050847457628,0.3511777301927195
0.7796610169491526,0.5802997858672377,0.7860169491525424,0.5353319057815846,0.6483050847457628,0.3490364025695932
0.7796610169491526,0.5802997858672377,0.7860169491525424,0.5353319057815846,0.6483050847457628,0.3490364025695932
0.7796610169491526,0.5802997858672377,0.7838983050847458,0.5353319057815846,0.6483050847457628,0.3468950749464668
0.7796610169491526,0.5802997858672377,0.7838983050847458,0.5353319057815846,0.6483050847457628,0.3468950749464668
0.7796610169491526,0.5802997858672377,0.7838983050847458,0.5353319057815846,0.6461864406779662,0.3468950749464668
0.7796610169491526,0.5781584582441114,0.7838983050847458,0.5353319057815846,0.6461864406779662,0.3468950749464668
0.7796610169491526,0.5781584582441114,0.7838983050847458,0.5353319057815846,0.6461864406779662,0.34475374732334046
0.7796610169491526,0.5781584582441114,0.7838983050847458,0.5353319057815846,0.6461864406779662,0.34475374732334046
0.7796610169491526,0.5781584582441114,0.7838983050847458,0.5353319057815846,0.6461864406779662,0.3426124197002141
0.7796610169491526,0.5781584582441114,0.7838983050847458,0.5353319057815846,0.6461864406779662,0.3404710920770878
0.7796610169491526,0.5781584582441114,0.7838983050847458,0.5353319057815846,0.6461864406779662,0.3404710920770878
0.7796610169491526,0.5781584582441114,0.7838983050847458,0.5353319057815846,0.6461864406779662,0.3404710920770878
0.7796610169491526,0.5738758029978587,0.7838983050847458,0.5353319057815846,0.6461864406779662,0.3404710920770878
0.7796610169491526,0.5738758029978587,0.7838983050847458,0.5353319057815846,0.6461864406779662,0.33832976445396146
0.7796610169491526,0.5738758029978587,0.7838983050847458,0.5353319057815846,0.6440677966101694,0.33832976445396146
0.7796610169491526,0.5738758029978587,0.7838983050847458,0.5353319057815846,0.6440677966101694,0.33832976445396146
0.7796610169491526,0.5738758029978587,0.7838983050847458,0.5353319057815846,0.6440677966101694,0.3340471092077088
0.7796610169491526,0.5738758029978587,0.7817796610169492,0.5353319057815846,0.6419491525423728,0.3340471092077088
0.7796610169491526,0.569593147751606,0.7817796610169492,0.5353319057815846,0.6419491525423728,0.3340471092077088
0.7796610169491526,0.569593147751606,0.7817796610169492,0.5353319057815846,0.6419491525423728,0.3340471092077088
0.7796610169491526,0.569593147751606,0.7796610169491526,0.5353319057815846,0.6419491525423728,0.3340471092077088
0.7796610169491526,0.569593147751606,0.7796610169491526,0.5353319057815846,0.6419491525423728,0.3340471092077088
0.7796610169491526,0.569593147751606,0.777542372881356,0.5353319057815846,0.6419491525423728,0.3340471092077088
0.7796610169491526,0.569593147751606,0.777542372881356,0.5353319057815846,0.6398305084745762,0.3340471092077088
0.7796610169491526,0.569593147751606,0.777542372881356,0.5353319057815846,0.6398305084745762,0.3340471092077088
0.7796610169491526,0.5674518201284796,0.777542372881356,0.5353319057815846,0.6398305084745762,0.33190578158458245
0.7796610169491526,0.5674518201284796,0.777542372881356,0.5331905781584583,0.6398305084745762,0.3297644539614561
0.7796610169491526,0.5674518201284796,0.777542372881356,0.5331905781584583,0.6398305084745762,0.3297644539614561
0.7796610169491526,0.5674518201284796,0.777542372881356,0.5310492505353319,0.6398305084745762,0.3297644539614561
0.7796610169491526,0.5674518201284796,0.777542372881356,0.5289079229122056,0.6398305084745762,0.3297644539614561
0.7796610169491526,0.5674518201284796,0.777542372881356,0.5289079229122056,0.6398305084745762,0.32548179871520344
0.7796610169491526,0.5674518201284796,0.777542372881356,0.5289079229122056,0.6398305084745762,0.3233404710920771
0.7690677966101694,0.5610278372591007,0.777542372881356,0.5267665952890792,0.6398305084745762,0.3233404710920771
0.7690677966101694,0.5610278372591007,0.7754237288135594,0.5267665952890792,0.6377118644067796,0.3233404710920771
0.7690677966101694,0.5610278372591007,0.7754237288135594,0.5267665952890792,0.6377118644067796,0.3233404710920771
0.7690677966101694,0.5610278372591007,0.7754237288135594,0.5267665952890792,0.6377118644067796,0.3233404710920771
0.7690677966101694,0.5610278372591007,0.7733050847457628,0.5267665952890792,0.6377118644067796,0.3233404710920771
0.7690677966101694,0.5610278372591007,0.7711864406779662,0.5246252676659529,0.6377118644067796,0.32119914346895073
0.7690677966101694,0.5610278372591007,0.7711864406779662,0.5246252676659529,0.6377118644067796,0.32119914346895073
0.7669491525423728,0.5588865096359743,0.7711864406779662,0.5246252676659529,0.6377118644067796,0.32119914346895073
0.7669491525423728,0.5588865096359743,0.7711864406779662,0.5224839400428265,0.6377118644067796,0.32119914346895073
0.7669491525423728,0.5588865096359743,0.7711864406779662,0.5224839400428265,0.6377118644067796,0.3169164882226981
0.7669491525423728,0.5588865096359743,0.7711864406779662,0.5203426124197003,0.6377118644067796,0.3147751605995717
0.7669491525423728,0.5588865096359743,0.7711864406779662,0.5203426124197003,0.635593220338983,0.3147751605995717
0.7669491525423728,0.5588865096359743,0.7711864406779662,0.5182012847965739,0.6334745762711864,0.3147751605995717
0.7669491525423728,0.5588865096359743,0.7711864406779662,0.5160599571734475,0.6334745762711864,0.31263383297644537
0.7669491525423728,0.5588865096359743,0.7711864406779662,0.5160599571734475,0.6313559322033898,0.31263383297644537
0.7669491525423728,0.5588865096359743,0.7690677966101694,0.5160599571734475,0.6313559322033898,0.31049250535331907
0.7669491525423728,0.5588865096359743,0.7690677966101694,0.5160599571734475,0.6313559322033898,0.31049250535331907
0.7669491525423728,0.5588865096359743,0.7690677966101694,0.5160599571734475,0.6313559322033898,0.31049250535331907
0.7669491525423728,0.5588865096359743,0.7669491525423728,0.5160599571734475,0.6292372881355932,0.31049250535331907
0.7669491525423728,0.5588865096359743,0.7669491525423728,0.5160599571734475,0.6292372881355932,0.31049250535331907
0.7669491525423728,0.5588865096359743,0.7669491525423728,0.5160599571734475,0.6292372881355932,0.31049250535331907
0.7648305084745762,0.5524625267665952,0.7669491525423728,0.5160599571734475,0.6271186440677966,0.31049250535331907
0.7648305084745762,0.5524625267665952,0.7669491525423728,0.5160599571734475,0.6271186440677966,0.31049250535331907
0.7648305084745762,0.5524625267665952,0.7669491525423728,0.5160599571734475,0.6271186440677966,0.31049250535331907
0.7648305084745762,0.5524625267665952,0.7669491525423728,0.5160599571734475,0.6271186440677966,0.31049250535331907
0.7648305084745762,0.5524625267665952,0.7627118644067796,0.5160599571734475,0.6271186440677966,0.3083511777301927
0.7648305084745762,0.5524625267665952,0.7627118644067796,0.5160599571734475,0.6271186440677966,0.3083511777301927
0.7563559322033898,0.5481798715203426,0.7627118644067796,0.5160599571734475,0.6271186440677966,0.3083511777301927
0.7563559322033898,0.5481798715203426,0.7627118644067796,0.5160599571734475,0.6271186440677966,0.3083511777301927
0.7563559322033898,0.5481798715203426,0.7627118644067796,0.5160599571734475,0.6271186440677966,0.3083511777301927
0.7563559322033898,0.5481798715203426,0.7627118644067796,0.5139186295503212,0.6271186440677966,0.3083511777301927
0.7563559322033898,0.5481798715203426,0.7627118644067796,0.5096359743040685,0.6271186440677966,0.3083511777301927
0.7563559322033898,0.5481798715203426,0.760593220338983,0.5096359743040685,0.6271186440677966,0.3083511777301927
0.7563559322033898,0.5481798715203426,0.760593220338983,0.5096359743040685,0.6271186440677966,0.30620985010706636
0.7563559322033898,0.5438972162740899,0.760593220338983,0.5096359743040685,0.6271186440677966,0.30620985010706636
0.7563559322033898,0.5438972162740899,0.760593220338983,0.5074946466809421,0.6271186440677966,0.30620985010706636
0.7563559322033898,0.5438972162740899,0.760593220338983,0.5074946466809421,0.6271186440677966,0.30620985010706636
0.7563559322033898,0.5438972162740899,0.760593220338983,0.5074946466809421,0.6271186440677966,0.30620985010706636
0.7563559322033898,0.5438972162740899,0.760593220338983,0.5074946466809421,0.6271186440677966,0.30620985010706636
0.7563559322033898,0.5438972162740899,0.760593220338983,0.5074946466809421,0.6271186440677966,0.30620985010706636
0.7563559322033898,0.5438972162740899,0.760593220338983,0.5074946466809421,0.6271186440677966,0.30406852248394006
0.7563559322033898,0.5438972162740899,0.7584745762711864,0.5053533190578159,0.6271186440677966,0.30406852248394006
0.7563559322033898,0.5438972162740899,0.7584745762711864,0.5053533190578159,0.6271186440677966,0.30406852248394006
0.7563559322033898,0.5438972162740899,0.7584745762711864,0.5053533190578159,0.6271186440677966,0.30406852248394006
0.7563559322033898,0.5438972162740899,0.7584745762711864,0.5053533190578159,0.6271186440677966,0.30406852248394006
0.7563559322033898,0.5438972162740899,0.7584745762711864,0.5010706638115632,0.6271186440677966,0.3019271948608137
0.7563559322033898,0.5438972162740899,0.7584745762711864,0.5010706638115632,0.6271186440677966,0.3019271948608137
0.7563559322033898,0.5438972162740899,0.7563559322033898,0.5010706638115632,0.625,0.3019271948608137
0.7563559322033898,0.5417558886509636,0.7563559322033898,0.5010706638115632,0.625,0.3019271948608137
0.7563559322033898,0.5417558886509636,0.7563559322033898,0.5010706638115632,0.625,0.3019271948608137
0.7563559322033898,0.5417558886509636,0.7563559322033898,0.5010706638115632,0.625,0.3019271948608137
0.7563559322033898,0.5417558886509636,0.7563559322033898,0.5010706638115632,0.625,0.29978586723768735
0.7563559322033898,0.5417558886509636,0.7563559322033898,0.5010706638115632,0.625,0.29978586723768735
0.7563559322033898,0.5417558886509636,0.7563559322033898,0.5010706638115632,0.625,0.29978586723768735
0.7563559322033898,0.5417558886509636,0.7563559322033898,0.4989293361884368,0.625,0.29978586723768735
0.7542372881355932,0.5353319057815846,0.7563559322033898,0.4989293361884368,0.625,0.29978586723768735
0.7542372881355932,0.5353319057815846,0.7563559322033898,0.49678800856531047,0.6207627118644068,0.29978586723768735
0.7542372881355932,0.5353319057815846,0.7563559322033898,0.49678800856531047,0.6186440677966102,0.29978586723768735
0.7542372881355932,0.5353319057815846,0.7563559322033898,0.49678800856531047,0.6186440677966102,0.29978586723768735
0.7542372881355932,0.5353319057815846,0.7563559322033898,0.49678800856531047,0.6186440677966102,0.29764453961456105
0.7542372881355932,0.5353319057815846,0.7563559322033898,0.49678800856531047,0.6186440677966102,0.29764453961456105
0.7542372881355932,0.5353319057815846,0.7563559322033898,0.49678800856531047,0.6186440677966102,0.29764453961456105
0.7542372881355932,0.5310492505353319,0.7563559322033898,0.49678800856531047,0.6186440677966102,0.2955032119914347
0.7542372881355932,0.5310492505353319,0.7563559322033898,0.49678800856531047,0.6186440677966102,0.2955032119914347
0.7542372881355932,0.5310492505353319,0.7563559322033898,0.49678800856531047,0.614406779661017,0.2955032119914347
0.7542372881355932,0.5310492505353319,0.7563559322033898,0.49678800856531047,0.614406779661017,0.2955032119914347
0.7542372881355932,0.5310492505353319,0.7563559322033898,0.49464668094218417,0.614406779661017,0.2955032119914347
0.7542372881355932,0.5310492505353319,0.7563559322033898,0.49464668094218417,0.614406779661017,0.2955032119914347
0.75,0.5289079229122056,0.7563559322033898,0.49464668094218417,0.614406779661017,0.29336188436830835
0.75,0.5289079229122056,0.7563559322033898,0.49464668094218417,0.614406779661017,0.29336188436830835
0.75,0.5289079229122056,0.7563559322033898,0.49464668094218417,0.614406779661017,0.29336188436830835
0.75,0.5289079229122056,0.7563559322033898,0.49464668094218417,0.6122881355932204,0.29336188436830835
0.75,0.5289079229122056,0.7563559322033898,0.49464668094218417,0.6122881355932204,0.29336188436830835
0.75,0.5289079229122056,0.7542372881355932,0.49464668094218417,0.6101694915254238,0.29336188436830835
0.75,0.5289079229122056,0.7542372881355932,0.49464668094218417,0.6080508474576272,0.29336188436830835
0.7478813559322034,0.5224839400428265,0.7542372881355932,0.4925053533190578,0.6080508474576272,0.29336188436830835
0.7478813559322034,0.5224839400428265,0.7521186440677966,0.4925053533190578,0.6080508474576272,0.29336188436830835
0.7478813559322034,0.5224839400428265,0.7521186440677966,0.4925053533190578,0.6080508474576272,0.29336188436830835
0.7478813559322034,0.5224839400428265,0.7521186440677966,0.4925053533190578,0.6080508474576272,0.291220556745182
0.7478813559322034,0.5224839400428265,0.7521186440677966,0.4925053533190578,0.6080508474576272,0.291220556745182
0.7478813559322034,0.5224839400428265,0.7521186440677966,0.4925053533190578,0.6080508474576272,0.2890792291220557
0.7478813559322034,0.5224839400428265,0.7521186440677966,0.49036402569593146,0.6080508474576272,0.28693790149892934
0.7436440677966102,0.5224839400428265,0.7521186440677966,0.49036402569593146,0.6059322033898306,0.28693790149892934
0.7436440677966102,0.5224839400428265,0.7521186440677966,0.49036402569593146,0.6059322033898306,0.28693790149892934
0.7436440677966102,0.5224839400428265,0.75,0.49036402569593146,0.6059322033898306,0.28693790149892934
0.7436440677966102,0.5224839400428265,0.75,0.49036402569593146,0.6038135593220338,0.28693790149892934
0.7436440677966102,0.5224839400428265,0.75,0.49036402569593146,0.6016949152542372,0.28693790149892934
0.7436440677966102,0.5224839400428265,0.75,0.48822269807280516,0.6016949152542372,0.28693790149892934
0.7436440677966102,0.5224839400428265,0.75,0.48822269807280516,0.6016949152542372,0.28693790149892934
0.7436440677966102,0.5203426124197003,0.75,0.48822269807280516,0.6016949152542372,0.28693790149892934
0.7436440677966102,0.5203426124197003,0.75,0.48822269807280516,0.597457627118644,0.284796573875803
0.7436440677966102,0.5203426124197003,0.75,0.48822269807280516,0.597457627118644,0.284796573875803
0.7436440677966102,0.5203426124197003,0.75,0.48822269807280516,0.597457627118644,0.284796573875803
0.7436440677966102,0.5203426124197003,0.75,0.48822269807280516,0.597457627118644,0.2826552462526767
0.7436440677966102,0.5203426124197003,0.75,0.48822269807280516,0.597457627118644,0.2826552462526767
0.7436440677966102,0.5203426124197003,0.75,0.48822269807280516,0.597457627118644,0.2826552462526767
0.7436440677966102,0.5160599571734475,0.75,0.48822269807280516,0.5953389830508474,0.2826552462526767
0.7436440677966102,0.5160599571734475,0.75,0.48822269807280516,0.5953389830508474,0.2826552462526767
0.7436440677966102,0.5160599571734475,0.75,0.48822269807280516,0.5953389830508474,0.2826552462526767
0.7436440677966102,0.5160599571734475,0.75,0.4860813704496788,0.5953389830508474,0.28051391862955033
0.7436440677966102,0.5160599571734475,0.75,0.4860813704496788,0.5932203389830508,0.28051391862955033
0.7436440677966102,0.5160599571734475,0.7478813559322034,0.4860813704496788,0.5932203389830508,0.278372591006424
0.7436440677966102,0.5160599571734475,0.7478813559322034,0.4860813704496788,0.5932203389830508,0.278372591006424
0.739406779661017,0.5139186295503212,0.7478813559322034,0.4860813704496788,0.5932203389830508,0.2762312633832976
0.739406779661017,0.5139186295503212,0.7478813559322034,0.48394004282655245,0.5911016949152542,0.2762312633832976
0.739406779661017,0.5139186295503212,0.7478813559322034,0.4817987152034261,0.5911016949152542,0.2762312633832976
0.739406779661017,0.5139186295503212,0.7457627118644068,0.4817987152034261,0.5889830508474576,0.2740899357601713
0.739406779661017,0.5139186295503212,0.7457627118644068,0.4817987152034261,0.5889830508474576,0.2740899357601713
0.739406779661017,0.5139186295503212,0.7436440677966102,0.4796573875802998,0.5889830508474576,0.2740899357601713
0.739406779661017,0.5139186295503212,0.7436440677966102,0.4796573875802998,0.5889830508474576,0.2740899357601713
0.739406779661017,0.5117773019271948,0.7436440677966102,0.4796573875802998,0.5889830508474576,0.27194860813704497
0.739406779661017,0.5117773019271948,0.7436440677966102,0.4796573875802998,0.5889830508474576,0.27194860813704497
0.739406779661017,0.5117773019271948,0.7436440677966102,0.4796573875802998,0.586864406779661,0.27194860813704497
0.739406779661017,0.5117773019271948,0.7436440677966102,0.4796573875802998,0.586864406779661,0.27194860813704497
0.739406779661017,0.5117773019271948,0.7436440677966102,0.47751605995717344,0.586864406779661,0.27194860813704497
0.739406779661017,0.5117773019271948,0.7436440677966102,0.47751605995717344,0.5847457627118644,0.27194860813704497
0.7372881355932204,0.5117773019271948,0.7415254237288136,0.47751605995717344,0.5847457627118644,0.27194860813704497
0.7372881355932204,0.5117773019271948,0.7415254237288136,0.47751605995717344,0.5847457627118644,0.27194860813704497
0.7372881355932204,0.5117773019271948,0.7415254237288136,0.47751605995717344,0.5826271186440678,0.27194860813704497
0.7372881355932204,0.5117773019271948,0.7415254237288136,0.47751605995717344,0.5826271186440678,0.27194860813704497
0.7372881355932204,0.5117773019271948,0.7415254237288136,0.47751605995717344,0.5826271186440678,0.27194860813704497
0.7372881355932204,0.5117773019271948,0.7415254237288136,0.4753747323340471,0.5805084745762712,0.27194860813704497
0.7372881355932204,0.5117773019271948,0.7415254237288136,0.4732334047109208,0.5805084745762712,0.27194860813704497
0.7372881355932204,0.5074946466809421,0.739406779661017,0.4732334047109208,0.5805084745762712,0.27194860813704497
0.7372881355932204,0.5074946466809421,0.739406779661017,0.4732334047109208,0.5805084745762712,0.2698072805139186
0.7372881355932204,0.5074946466809421,0.7372881355932204,0.4732334047109208,0.576271186440678,0.2698072805139186
0.7372881355932204,0.5074946466809421,0.7351694915254238,0.4732334047109208,0.576271186440678,0.2698072805139186
0.7372881355932204,0.5074946466809421,0.7351694915254238,0.4732334047109208,0.576271186440678,0.2698072805139186
0.7372881355932204,0.5074946466809421,0.7351694915254238,0.4732334047109208,0.576271186440678,0.2698072805139186
0.7372881355932204,0.5074946466809421,0.7351694915254238,0.4732334047109208,0.5741525423728814,0.2698072805139186
0.7351694915254238,0.5010706638115632,0.7351694915254238,0.4732334047109208,0.5720338983050848,0.2698072805139186
0.7351694915254238,0.5010706638115632,0.7351694915254238,0.4732334047109208,0.5720338983050848,0.2698072805139186
0.7351694915254238,0.5010706638115632,0.7351694915254238,0.47109207708779444,0.5720338983050848,0.2698072805139186
0.7351694915254238,0.5010706638115632,0.7351694915254238,0.47109207708779444,0.5720338983050848,0.2676659528907923
0.7351694915254238,0.5010706638115632,0.7351694915254238,0.47109207708779444,0.5699152542372882,0.2676659528907923
0.7351694915254238,0.5010706638115632,0.7351694915254238,0.47109207708779444,0.5699152542372882,0.2676659528907923
0.7351694915254238,0.5010706638115632,0.7351694915254238,0.47109207708779444,0.5699152542372882,0.2676659528907923
0.7288135593220338,0.5010706638115632,0.7351694915254238,0.47109207708779444,0.5699152542372882,0.2676659528907923
0.7288135593220338,0.5010706638115632,0.7351694915254238,0.47109207708779444,0.5699152542372882,0.2676659528907923
0.7288135593220338,0.5010706638115632,0.7351694915254238,0.47109207708779444,0.5699152542372882,0.2676659528907923
0.7288135593220338,0.5010706638115632,0.7351694915254238,0.47109207708779444,0.5699152542372882,0.2676659528907923
0.7288135593220338,0.5010706638115632,0.7351694915254238,0.4689507494646681,0.5699152542372882,0.26552462526766596
0.7288135593220338,0.5010706638115632,0.7351694915254238,0.4689507494646681,0.5699152542372882,0.26552462526766596
0.7288135593220338,0.5010706638115632,0.7351694915254238,0.4689507494646681,0.5699152542372882,0.2633832976445396
0.7288135593220338,0.4989293361884368,0.7330508474576272,0.4689507494646681,0.5699152542372882,0.2633832976445396
0.7288135593220338,0.4989293361884368,0.7309322033898306,0.4689507494646681,0.5699152542372882,0.2633832976445396
0.7288135593220338,0.4989293361884368,0.7309322033898306,0.4689507494646681,0.5699152542372882,0.2633832976445396
0.7288135593220338,0.4989293361884368,0.7309322033898306,0.4689507494646681,0.5699152542372882,0.2633832976445396
0.7288135593220338,0.4989293361884368,0.7309322033898306,0.4689507494646681,0.5699152542372882,0.2633832976445396
0.7288135593220338,0.4989293361884368,0.7309322033898306,0.4668094218415418,0.5699152542372882,0.2633832976445396
0.7288135593220338,0.4989293361884368,0.7309322033898306,0.4668094218415418,0.5677966101694916,0.2633832976445396
0.7245762711864406,0.4989293361884368,0.7309322033898306,0.4668094218415418,0.5677966101694916,0.2633832976445396
0.7245762711864406,0.4989293361884368,0.7309322033898306,0.4668094218415418,0.5677966101694916,0.2633832976445396
0.7245762711864406,0.4989293361884368,0.7288135593220338,0.4668094218415418,0.5677966101694916,0.2633832976445396
0.7245762711864406,0.4989293361884368,0.7266949152542372,0.46466809421841543,0.565677966101695,0.2633832976445396
0.7245762711864406,0.4989293361884368,0.7266949152542372,0.46466809421841543,0.565677966101695,0.2633832976445396
0.7245762711864406,0.4989293361884368,0.7266949152542372,0.46466809421841543,0.565677966101695,0.2633832976445396
0.7245762711864406,0.4860813704496788,0.7266949152542372,0.4625267665952891,0.565677966101695,0.26124197002141325
0.7245762711864406,0.4860813704496788,0.7266949152542372,0.4625267665952891,0.565677966101695,0.26124197002141325
0.7245762711864406,0.4860813704496788,0.7266949152542372,0.4625267665952891,0.565677966101695,0.26124197002141325
0.7245762711864406,0.4860813704496788,0.7266949152542372,0.4625267665952891,0.5635593220338984,0.26124197002141325
0.7245762711864406,0.4860813704496788,0.7266949152542372,0.4625267665952891,0.5635593220338984,0.25910064239828695
0.7245762711864406,0.4860813704496788,0.7266949152542372,0.4625267665952891,0.5614406779661016,0.25910064239828695
0.7245762711864406,0.4860813704496788,0.722457627118644,0.4625267665952891,0.559322033898305,0.2569593147751606
0.722457627118644,0.4860813704496788,0.722457627118644,0.4625267665952891,0.559322033898305,0.2569593147751606
0.722457627118644,0.4860813704496788,0.722457627118644,0.4625267665952891,0.5572033898305084,0.2569593147751606
0.722457627118644,0.4860813704496788,0.722457627118644,0.4625267665952891,0.5550847457627118,0.2569593147751606
0.722457627118644,0.4860813704496788,0.722457627118644,0.4625267665952891,0.5529661016949152,0.2569593147751606
0.722457627118644,0.4860813704496788,0.722457627118644,0.4625267665952891,0.5529661016949152,0.2569593147751606
0.722457627118644,0.4860813704496788,0.7182203389830508,0.4625267665952891,0.5508474576271186,0.2569593147751606
0.722457627118644,0.4860813704496788,0.7182203389830508,0.4625267665952891,0.5508474576271186,0.2569593147751606
0.7203389830508474,0.4860813704496788,0.7182203389830508,0.4603854389721627,0.5508474576271186,0.2569593147751606
0.7203389830508474,0.4860813704496788,0.7182203389830508,0.4603854389721627,0.5508474576271186,0.2569593147751606
0.7203389830508474,0.4860813704496788,0.7182203389830508,0.4603854389721627,0.5508474576271186,0.2569593147751606
0.7203389830508474,0.4860813704496788,0.7182203389830508,0.4603854389721627,0.5508474576271186,0.25481798715203424
0.7203389830508474,0.4860813704496788,0.7182203389830508,0.4603854389721627,0.548728813559322,0.25481798715203424
0.7203389830508474,0.4860813704496788,0.7182203389830508,0.4603854389721627,0.548728813559322,0.25481798715203424
0.7203389830508474,0.4860813704496788,0.7161016949152542,0.4582441113490364,0.548728813559322,0.25481798715203424
0.7161016949152542,0.48394004282655245,0.7139830508474576,0.45610278372591007,0.5466101694915254,0.25481798715203424
0.7161016949152542,0.48394004282655245,0.7139830508474576,0.45610278372591007,0.5466101694915254,0.25481798715203424
0.7161016949152542,0.48394004282655245,0.7139830508474576,0.45610278372591007,0.5466101694915254,0.25481798715203424
0.7161016949152542,0.48394004282655245,0.7139830508474576,0.45610278372591007,0.5466101694915254,0.25481798715203424
0.7161016949152542,0.48394004282655245,0.7139830508474576,0.45610278372591007,0.5444915254237288,0.25481798715203424
0.7161016949152542,0.48394004282655245,0.7139830508474576,0.45610278372591007,0.5444915254237288,0.25481798715203424
0.7161016949152542,0.48394004282655245,0.7139830508474576,0.45610278372591007,0.5444915254237288,0.25481798715203424
0.711864406779661,0.47751605995717344,0.7139830508474576,0.45610278372591007,0.5444915254237288,0.25481798715203424
0.711864406779661,0.47751605995717344,0.7139830508474576,0.45610278372591007,0.5423728813559322,0.25481798715203424
0.711864406779661,0.47751605995717344,0.7139830508474576,0.45610278372591007,0.5423728813559322,0.25481798715203424
0.711864406779661,0.47751605995717344,0.711864406779661,0.45610278372591007,0.5423728813559322,0.25481798715203424
0.711864406779661,0.47751605995717344,0.711864406779661,0.45610278372591007,0.5423728813559322,0.25481798715203424
0.711864406779661,0.47751605995717344,0.711864406779661,0.45610278372591007,0.5423728813559322,0.25481798715203424
0.711864406779661,0.47751605995717344,0.711864406779661,0.45610278372591007,0.5423728813559322,0.25481798715203424
0.7097457627118644,0.4753747323340471,0.711864406779661,0.4539614561027837,0.5423728813559322,0.25481798715203424
0.7097457627118644,0.4753747323340471,0.711864406779661,0.4539614561027837,0.5423728813559322,0.25481798715203424
0.7097457627118644,0.4753747323340471,0.7097457627118644,0.4518201284796574,0.5423728813559322,0.25481798715203424
0.7097457627118644,0.4753747323340471,0.7076271186440678,0.4518201284796574,0.5423728813559322,0.25481798715203424
0.7097457627118644,0.4753747323340471,0.7055084745762712,0.4518201284796574,0.5423728813559322,0.25267665952890794
0.7097457627118644,0.4753747323340471,0.7055084745762712,0.4518201284796574,0.5423728813559322,0.25267665952890794
0.7097457627118644,0.4732334047109208,0.7055084745762712,0.4518201284796574,0.5423728813559322,0.25267665952890794
0.7097457627118644,0.4732334047109208,0.7055084745762712,0.44967880085653106,0.5402542372881356,0.25267665952890794
0.7097457627118644,0.4732334047109208,0.7055084745762712,0.44967880085653106,0.538135593220339,0.25267665952890794
0.7097457627118644,0.4732334047109208,0.7033898305084746,0.44967880085653106,0.538135593220339,0.25267665952890794
0.7097457627118644,0.4732334047109208,0.7033898305084746,0.44967880085653106,0.5360169491525424,0.25267665952890794
0.7097457627118644,0.4732334047109208,0.7033898305084746,0.4475374732334047,0.5360169491525424,0.25267665952890794
0.7097457627118644,0.4732334047109208,0.7033898305084746,0.4475374732334047,0.5338983050847458,0.25267665952890794
0.7076271186440678,0.4689507494646681,0.7033898305084746,0.4475374732334047,0.5338983050847458,0.2505353319057816
0.7076271186440678,0.4689507494646681,0.7033898305084746,0.4475374732334047,0.5338983050847458,0.2505353319057816
0.7076271186440678,0.4689507494646681,0.7033898305084746,0.4475374732334047,0.5317796610169492,0.2505353319057816
0.7076271186440678,0.4689507494646681,0.7033898305084746,0.4475374732334047,0.5296610169491526,0.2505353319057816
0.7076271186440678,0.4689507494646681,0.701271186440678,0.4475374732334047,0.5296610169491526,0.2505353319057816
0.7076271186440678,0.4689507494646681,0.701271186440678,0.4475374732334047,0.5296610169491526,0.2505353319057816
0.7076271186440678,0.4689507494646681,0.701271186440678,0.44539614561027835,0.527542372881356,0.2505353319057816
0.7055084745762712,0.46466809421841543,0.701271186440678,0.44539614561027835,0.527542372881356,0.2505353319057816
0.7055084745762712,0.46466809421841543,0.701271186440678,0.44539614561027835,0.527542372881356,0.2505353319057816
0.7055084745762712,0.46466809421841543,0.701271186440678,0.44539614561027835,0.527542372881356,0.2505353319057816
0.7055084745762712,0.46466809421841543,0.701271186440678,0.44539614561027835,0.527542372881356,0.2505353319057816
0.7055084745762712,0.46466809421841543,0.701271186440678,0.44325481798715205,0.527542372881356,0.2505353319057816
0.7055084745762712,0.46466809421841543,0.701271186440678,0.44325481798715205,0.527542372881356,0.2505353319057816
0.7055084745762712,0.46466809421841543,0.701271186440678,0.44325481798715205,0.5233050847457628,0.2505353319057816
0.7055084745762712,0.4625267665952891,0.6970338983050848,0.44325481798715205,0.5233050847457628,0.2505353319057816
0.7055084745762712,0.4625267665952891,0.6970338983050848,0.44325481798715205,0.5233050847457628,0.2505353319057816
0.7055084745762712,0.4625267665952891,0.6970338983050848,0.44325481798715205,0.5233050847457628,0.2505353319057816
0.7055084745762712,0.4625267665952891,0.6970338983050848,0.44325481798715205,0.5211864406779662,0.2505353319057816
0.7055084745762712,0.4625267665952891,0.6970338983050848,0.44325481798715205,0.5211864406779662,0.2505353319057816
0.7055084745762712,0.4625267665952891,0.6970338983050848,0.44325481798715205,0.5211864406779662,0.2505353319057816
0.7055084745762712,0.4625267665952891,0.6970338983050848,0.44325481798715205,0.5211864406779662,0.2505353319057816
0.7033898305084746,0.4625267665952891,0.6927966101694916,0.44325481798715205,0.5211864406779662,0.2505353319057816
0.7033898305084746,0.4625267665952891,0.690677966101695,0.4411134903640257,0.5211864406779662,0.2505353319057816
0.7033898305084746,0.4625267665952891,0.690677966101695,0.4411134903640257,0.5190677966101694,0.2505353319057816
0.7033898305084746,0.4625267665952891,0.690677966101695,0.4411134903640257,0.5169491525423728,0.2505353319057816
0.7033898305084746,0.4625267665952891,0.690677966101695,0.43683083511777304,0.5169491525423728,0.24839400428265523
0.7033898305084746,0.4625267665952891,0.6885593220338984,0.43683083511777304,0.5127118644067796,0.24839400428265523
0.7033898305084746,0.4625267665952891,0.6864406779661016,0.43683083511777304,0.510593220338983,0.24839400428265523
0.7033898305084746,0.4625267665952891,0.6864406779661016,0.43683083511777304,0.510593220338983,0.24839400428265523
0.7033898305084746,0.4625267665952891,0.6864406779661016,0.43683083511777304,0.510593220338983,0.24839400428265523
0.7033898305084746,0.4625267665952891,0.6864406779661016,0.43683083511777304,0.510593220338983,0.24839400428265523
0.7033898305084746,0.4625267665952891,0.6864406779661016,0.43683083511777304,0.510593220338983,0.2462526766595289
0.7033898305084746,0.4625267665952891,0.684322033898305,0.43683083511777304,0.510593220338983,0.2462526766595289
0.7033898305084746,0.4625267665952891,0.684322033898305,0.43683083511777304,0.510593220338983,0.2462526766595289
0.6991525423728814,0.45610278372591007,0.684322033898305,0.4346895074946467,0.5084745762711864,0.2462526766595289
0.6991525423728814,0.45610278372591007,0.684322033898305,0.4346895074946467,0.5084745762711864,0.2462526766595289
0.6991525423728814,0.45610278372591007,0.684322033898305,0.4346895074946467,0.5084745762711864,0.2462526766595289
0.6991525423728814,0.45610278372591007,0.6822033898305084,0.430406852248394,0.5084745762711864,0.2462526766595289
0.6991525423728814,0.45610278372591007,0.6822033898305084,0.430406852248394,0.5063559322033898,0.24411134903640258
0.6991525423728814,0.45610278372591007,0.6822033898305084,0.430406852248394,0.5063559322033898,0.24411134903640258
0.6991525423728814,0.45610278372591007,0.6822033898305084,0.430406852248394,0.5063559322033898,0.24411134903640258
0.6949152542372882,0.45610278372591007,0.6822033898305084,0.430406852248394,0.5042372881355932,0.24411134903640258
0.6949152542372882,0.45610278372591007,0.6822033898305084,0.430406852248394,0.5042372881355932,0.24411134903640258
0.6949152542372882,0.45610278372591007,0.6779661016949152,0.430406852248394,0.5042372881355932,0.24411134903640258
0.6949152542372882,0.45610278372591007,0.6779661016949152,0.4282655246252677,0.5021186440677966,0.24411134903640258
0.6949152542372882,0.45610278372591007,0.6779661016949152,0.4282655246252677,0.5021186440677966,0.24411134903640258
0.6949152542372882,0.45610278372591007,0.6779661016949152,0.4282655246252677,0.5021186440677966,0.24197002141327623
0.6949152542372882,0.45610278372591007,0.6779661016949152,0.4261241970021413,0.5021186440677966,0.24197002141327623
0.6864406779661016,0.4518201284796574,0.673728813559322,0.4261241970021413,0.5021186440677966,0.24197002141327623
0.6864406779661016,0.4518201284796574,0.673728813559322,0.4261241970021413,0.5021186440677966,0.24197002141327623
0.6864406779661016,0.4518201284796574,0.673728813559322,0.4261241970021413,0.5021186440677966,0.24197002141327623
0.6864406779661016,0.4518201284796574,0.673728813559322,0.42398286937901497,0.5,0.24197002141327623
0.6864406779661016,0.4518201284796574,0.673728813559322,0.42398286937901497,0.5,0.24197002141327623
0.6864406779661016,0.4518201284796574,0.6716101694915254,0.42398286937901497,0.4978813559322034,0.24197002141327623
0.6864406779661016,0.4518201284796574,0.6716101694915254,0.42398286937901497,0.4978813559322034,0.2398286937901499
0.684322033898305,0.44967880085653106,0.6716101694915254,0.42184154175588867,0.4978813559322034,0.2398286937901499
0.684322033898305,0.44967880085653106,0.6716101694915254,0.42184154175588867,0.4957627118644068,0.2398286937901499
0.684322033898305,0.44967880085653106,0.6694915254237288,0.42184154175588867,0.4957627118644068,0.2398286937901499
0.684322033898305,0.44967880085653106,0.6673728813559322,0.42184154175588867,0.4936440677966102,0.2398286937901499
0.684322033898305,0.44967880085653106,0.6673728813559322,0.4197002141327623,0.4936440677966102,0.2398286937901499
0.684322033898305,0.44967880085653106,0.6673728813559322,0.4197002141327623,0.4915254237288136,0.2398286937901499
0.684322033898305,0.44967880085653106,0.6673728813559322,0.4197002141327623,0.4915254237288136,0.2398286937901499
0.6800847457627118,0.4475374732334047,0.6673728813559322,0.4197002141327623,0.4915254237288136,0.2398286937901499
0.6800847457627118,0.4475374732334047,0.6673728813559322,0.41755888650963596,0.4915254237288136,0.2398286937901499
0.6800847457627118,0.4475374732334047,0.6673728813559322,0.41755888650963596,0.4915254237288136,0.2398286937901499
0.6800847457627118,0.4475374732334047,0.6673728813559322,0.41755888650963596,0.4915254237288136,0.2398286937901499
0.6800847457627118,0.4475374732334047,0.663135593220339,0.41755888650963596,0.4915254237288136,0.2398286937901499
0.6800847457627118,0.4475374732334047,0.663135593220339,0.41755888650963596,0.4915254237288136,0.2398286937901499
0.6800847457627118,0.4475374732334047,0.663135593220339,0.41755888650963596,0.4915254237288136,0.2398286937901499
0.6779661016949152,0.4475374732334047,0.663135593220339,0.41755888650963596,0.4915254237288136,0.2398286937901499
0.6779661016949152,0.4475374732334047,0.663135593220339,0.41755888650963596,0.4915254237288136,0.2398286937901499
0.6779661016949152,0.4475374732334047,0.663135593220339,0.41755888650963596,0.4915254237288136,0.2398286937901499
0.6779661016949152,0.4475374732334047,0.663135593220339,0.41755888650963596,0.4915254237288136,0.23768736616702354
0.6779661016949152,0.4475374732334047,0.663135593220339,0.41541755888650966,0.4894067796610169,0.23768736616702354
0.6779661016949152,0.4475374732334047,0.663135593220339,0.41541755888650966,0.4894067796610169,0.23768736616702354
0.6758474576271186,0.4475374732334047,0.663135593220339,0.41541755888650966,0.4894067796610169,0.23768736616702354
0.6758474576271186,0.4475374732334047,0.663135593220339,0.41541755888650966,0.4872881355932203,0.23768736616702354
0.6758474576271186,0.4475374732334047,0.663135593220339,0.41541755888650966,0.4872881355932203,0.23768736616702354
0.6758474576271186,0.4475374732334047,0.663135593220339,0.41113490364025695,0.4851694915254237,0.23768736616702354
0.6758474576271186,0.4475374732334047,0.6610169491525424,0.41113490364025695,0.4851694915254237,0.23768736616702354
0.6758474576271186,0.4475374732334047,0.6610169491525424,0.41113490364025695,0.4830508474576271,0.23554603854389722
0.6758474576271186,0.4475374732334047,0.6610169491525424,0.4068522483940043,0.4830508474576271,0.23554603854389722
0.673728813559322,0.43897216274089934,0.6588983050847458,0.4068522483940043,0.4830508474576271,0.23554603854389722
0.673728813559322,0.43897216274089934,0.6567796610169492,0.40471092077087795,0.4830508474576271,0.2334047109207709
0.673728813559322,0.43897216274089934,0.6546610169491526,0.40471092077087795,0.4830508474576271,0.23126338329764454
0.673728813559322,0.43897216274089934,0.6546610169491526,0.4025695931477516,0.4830508474576271,0.23126338329764454
0.673728813559322,0.43897216274089934,0.6546610169491526,0.4025695931477516,0.4809322033898305,0.23126338329764454
0.673728813559322,0.43897216274089934,0.6546610169491526,0.4025695931477516,0.4809322033898305,0.23126338329764454
0.673728813559322,0.43897216274089934,0.6546610169491526,0.4025695931477516,0.4809322033898305,0.23126338329764454
0.6716101694915254,0.43683083511777304,0.6546610169491526,0.4025695931477516,0.4788135593220339,0.23126338329764454
0.6716101694915254,0.43683083511777304,0.6546610169491526,0.4025695931477516,0.4788135593220339,0.23126338329764454
0.6716101694915254,0.43683083511777304,0.6546610169491526,0.4025695931477516,0.4788135593220339,0.23126338329764454
0.6716101694915254,0.43683083511777304,0.6546610169491526,0.4025695931477516,0.4788135593220339,0.2291220556745182
0.6716101694915254,0.43683083511777304,0.6546610169491526,0.4004282655246253,0.4788135593220339,0.22483940042826553
0.6716101694915254,0.43683083511777304,0.6546610169491526,0.4004282655246253,0.4788135593220339,0.22483940042826553
0.6716101694915254,0.43683083511777304,0.6546610169491526,0.4004282655246253,0.4788135593220339,0.22483940042826553
0.6716101694915254,0.4346895074946467,0.6546610169491526,0.4004282655246253,0.4788135593220339,0.22483940042826553
0.6716101694915254,0.4346895074946467,0.6546610169491526,0.4004282655246253,0.4788135593220339,0.22483940042826553
0.6716101694915254,0.4346895074946467,0.6546610169491526,0.4004282655246253,0.4788135593220339,0.22483940042826553
0.6716101694915254,0.4346895074946467,0.652542372881356,0.4004282655246253,0.4788135593220339,0.22483940042826553
0.6716101694915254,0.4346895074946467,0.6504237288135594,0.4004282655246253,0.4788135593220339,0.22483940042826553
0.6716101694915254,0.4346895074946467,0.6504237288135594,0.4004282655246253,0.4766949152542373,0.22483940042826553
0.6716101694915254,0.4346895074946467,0.6504237288135594,0.4004282655246253,0.4745762711864407,0.22483940042826553
0.6694915254237288,0.42398286937901497,0.6504237288135594,0.4004282655246253,0.4745762711864407,0.22269807280513917
0.6694915254237288,0.42398286937901497,0.6504237288135594,0.4004282655246253,0.4745762711864407,0.22269807280513917
0.6694915254237288,0.42398286937901497,0.6504237288135594,0.4004282655246253,0.4745762711864407,0.22269807280513917
0.6694915254237288,0.42398286937901497,0.6504237288135594,0.3961456102783726,0.4745762711864407,0.22055674518201285
0.6694915254237288,0.42398286937901497,0.6504237288135594,0.3961456102783726,0.4745762711864407,0.22055674518201285
0.6694915254237288,0.42398286937901497,0.6483050847457628,0.39400428265524623,0.4724576271186441,0.22055674518201285
0.6694915254237288,0.42398286937901497,0.6483050847457628,0.39400428265524623,0.4724576271186441,0.22055674518201285
0.6673728813559322,0.41755888650963596,0.6483050847457628,0.39400428265524623,0.4724576271186441,0.22055674518201285
0.6673728813559322,0.41755888650963596,0.6483050847457628,0.39400428265524623,0.4724576271186441,0.21841541755888652
0.6673728813559322,0.41755888650963596,0.6483050847457628,0.39400428265524623,0.4703389830508475,0.21841541755888652
0.6673728813559322,0.41755888650963596,0.6483050847457628,0.39400428265524623,0.4703389830508475,0.21841541755888652
0.6673728813559322,0.41755888650963596,0.6483050847457628,0.39400428265524623,0.4703389830508475,0.21841541755888652
0.6673728813559322,0.41755888650963596,0.6483050847457628,0.39186295503211993,0.4703389830508475,0.21841541755888652
0.6673728813559322,0.41113490364025695,0.6483050847457628,0.39186295503211993,0.4703389830508475,0.21841541755888652
0.6673728813559322,0.41113490364025695,0.6483050847457628,0.39186295503211993,0.4703389830508475,0.21841541755888652
0.6673728813559322,0.41113490364025695,0.6483050847457628,0.39186295503211993,0.4703389830508475,0.21627408993576017
0.6673728813559322,0.41113490364025695,0.6461864406779662,0.39186295503211993,0.4703389830508475,0.21627408993576017
0.6673728813559322,0.41113490364025695,0.6461864406779662,0.39186295503211993,0.4703389830508475,0.21627408993576017
0.6673728813559322,0.41113490364025695,0.6461864406779662,0.3897216274089936,0.4703389830508475,0.21627408993576017
0.6673728813559322,0.41113490364025695,0.6440677966101694,0.3897216274089936,0.4703389830508475,0.21627408993576017
0.6610169491525424,0.41113490364025695,0.6440677966101694,0.3897216274089936,0.4682203389830508,0.21627408993576017
0.6610169491525424,0.41113490364025695,0.6440677966101694,0.3897216274089936,0.4682203389830508,0.21413276231263384
0.6610169491525424,0.41113490364025695,0.6419491525423728,0.3897216274089936,0.4682203389830508,0.21413276231263384
0.6610169491525424,0.41113490364025695,0.6419491525423728,0.3875802997858672,0.4682203389830508,0.21413276231263384
0.6610169491525424,0.41113490364025695,0.6419491525423728,0.3875802997858672,0.4682203389830508,0.21199143468950749
0.6610169491525424,0.41113490364025695,0.6398305084745762,0.3875802997858672,0.4682203389830508,0.21199143468950749
0.6610169491525424,0.41113490364025695,0.6377118644067796,0.3875802997858672,0.4682203389830508,0.21199143468950749
0.6567796610169492,0.4089935760171306,0.635593220338983,0.3875802997858672,0.4661016949152542,0.20985010706638116
0.6567796610169492,0.4089935760171306,0.635593220338983,0.3875802997858672,0.4661016949152542,0.20985010706638116
0.6567796610169492,0.4089935760171306,0.6334745762711864,0.3875802997858672,0.4661016949152542,0.20985010706638116
0.6567796610169492,0.4089935760171306,0.6334745762711864,0.3875802997858672,0.4661016949152542,0.20985010706638116
0.6567796610169492,0.4089935760171306,0.6334745762711864,0.3854389721627409,0.4639830508474576,0.20985010706638116
0.6567796610169492,0.4089935760171306,0.6334745762711864,0.38329764453961457,0.4639830508474576,0.20985010706638116
0.6567796610169492,0.4089935760171306,0.6313559322033898,0.38329764453961457,0.4639830508474576,0.20770877944325483
0.6567796610169492,0.4025695931477516,0.6313559322033898,0.3811563169164882,0.4639830508474576,0.20770877944325483
0.6567796610169492,0.4025695931477516,0.6313559322033898,0.3811563169164882,0.4639830508474576,0.20770877944325483
0.6567796610169492,0.4025695931477516,0.6313559322033898,0.37901498929336186,0.4639830508474576,0.20770877944325483
0.6567796610169492,0.4025695931477516,0.6313559322033898,0.37901498929336186,0.461864406779661,0.20556745182012848
0.6567796610169492,0.4025695931477516,0.6313559322033898,0.37901498929336186,0.461864406779661,0.20556745182012848
0.6567796610169492,0.4025695931477516,0.6292372881355932,0.37687366167023556,0.461864406779661,0.20556745182012848
0.6567796610169492,0.4025695931477516,0.6292372881355932,0.3747323340471092,0.461864406779661,0.20556745182012848
0.6546610169491526,0.39828693790149894,0.6292372881355932,0.3747323340471092,0.461864406779661,0.20556745182012848
0.6546610169491526,0.39828693790149894,0.6292372881355932,0.3747323340471092,0.461864406779661,0.20556745182012848
0.6546610169491526,0.39828693790149894,0.6292372881355932,0.3747323340471092,0.461864406779661,0.20556745182012848
0.6546610169491526,0.39828693790149894,0.6271186440677966,0.3747323340471092,0.4597457627118644,0.20556745182012848
0.6546610169491526,0.39828693790149894,0.625,0.37259100642398285,0.4576271186440678,0.20556745182012848
0.6546610169491526,0.39828693790149894,0.625,0.37259100642398285,0.4576271186440678,0.20342612419700215
0.6546610169491526,0.39828693790149894,0.6228813559322034,0.37259100642398285,0.4576271186440678,0.20342612419700215
0.6483050847457628,0.39400428265524623,0.6228813559322034,0.37259100642398285,0.4576271186440678,0.20342612419700215
0.6483050847457628,0.39400428265524623,0.6207627118644068,0.37044967880085655,0.4576271186440678,0.2012847965738758
0.6483050847457628,0.39400428265524623,0.6207627118644068,0.37044967880085655,0.4576271186440678,0.2012847965738758
0.6483050847457628,0.39400428265524623,0.6207627118644068,0.37044967880085655,0.4555084745762712,0.2012847965738758
0.6483050847457628,0.39400428265524623,0.6207627118644068,0.37044967880085655,0.4533898305084746,0.2012847965738758
0.6483050847457628,0.39400428265524623,0.6207627118644068,0.37044967880085655,0.4533898305084746,0.2012847965738758
0.6440677966101694,0.3897216274089936,0.6207627118644068,0.3683083511777302,0.4533898305084746,0.2012847965738758
0.6440677966101694,0.3897216274089936,0.6207627118644068,0.3683083511777302,0.4533898305084746,0.2012847965738758
0.6440677966101694,0.3897216274089936,0.6207627118644068,0.3683083511777302,0.4533898305084746,0.2012847965738758
0.6440677966101694,0.3897216274089936,0.6207627118644068,0.3683083511777302,0.4533898305084746,0.2012847965738758
0.6440677966101694,0.3897216274089936,0.6186440677966102,0.3683083511777302,0.4533898305084746,0.2012847965738758
0.6440677966101694,0.3897216274089936,0.6165254237288136,0.3683083511777302,0.4533898305084746,0.2012847965738758
0.6440677966101694,0.3897216274089936,0.614406779661017,0.36616702355460384,0.4533898305084746,0.19914346895074947
0.635593220338983,0.3897216274089936,0.6122881355932204,0.3618843683083512,0.4533898305084746,0.19914346895074947
0.635593220338983,0.3897216274089936,0.6122881355932204,0.3618843683083512,0.4533898305084746,0.19914346895074947
0.635593220338983,0.3897216274089936,0.6122881355932204,0.3618843683083512,0.4533898305084746,0.19700214132762311
0.635593220338983,0.3897216274089936,0.6122881355932204,0.3618843683083512,0.4533898305084746,0.19700214132762311
0.635593220338983,0.3897216274089936,0.6122881355932204,0.3618843683083512,0.4491525423728814,0.19700214132762311
0.635593220338983,0.3897216274089936,0.6122881355932204,0.35974304068522484,0.4491525423728814,0.19700214132762311
0.635593220338983,0.3897216274089936,0.6122881355932204,0.35974304068522484,0.4491525423728814,0.19700214132762311
0.6313559322033898,0.3897216274089936,0.6122881355932204,0.3576017130620985,0.4491525423728814,0.19700214132762311
0.6313559322033898,0.3897216274089936,0.6122881355932204,0.3576017130620985,0.4470338983050847,0.19700214132762311
0.6313559322033898,0.3897216274089936,0.6122881355932204,0.3576017130620985,0.4470338983050847,0.19700214132762311
0.6313559322033898,0.3897216274089936,0.6122881355932204,0.3554603854389722,0.4470338983050847,0.19700214132762311
0.6313559322033898,0.3897216274089936,0.6122881355932204,0.3554603854389722,0.4470338983050847,0.19700214132762311
0.6313559322033898,0.3897216274089936,0.6122881355932204,0.3533190578158458,0.4449152542372881,0.1948608137044968
0.6313559322033898,0.3897216274089936,0.6122881355932204,0.3533190578158458,0.4449152542372881,0.19271948608137046
0.6292372881355932,0.3897216274089936,0.6122881355932204,0.3533190578158458,0.4449152542372881,0.19271948608137046
0.6292372881355932,0.3897216274089936,0.6122881355932204,0.3511777301927195,0.4449152542372881,0.19271948608137046
0.6292372881355932,0.3897216274089936,0.6122881355932204,0.3511777301927195,0.4449152542372881,0.19271948608137046
0.6292372881355932,0.3897216274089936,0.6122881355932204,0.3511777301927195,0.4427966101694915,0.19271948608137046
0.6292372881355932,0.3897216274089936,0.6122881355932204,0.3511777301927195,0.4427966101694915,0.1905781584582441
0.6292372881355932,0.3897216274089936,0.6122881355932204,0.3511777301927195,0.4427966101694915,0.1905781584582441
0.6292372881355932,0.3897216274089936,0.6101694915254238,0.3511777301927195,0.4406779661016949,0.1905781584582441
0.625,0.3875802997858672,0.6101694915254238,0.3511777301927195,0.4406779661016949,0.1905781584582441
0.625,0.3875802997858672,0.6080508474576272,0.3490364025695932,0.4385593220338983,0.1905781584582441
0.625,0.3875802997858672,0.6080508474576272,0.3490364025695932,0.4385593220338983,0.18843683083511778
0.625,0.3875802997858672,0.6038135593220338,0.3490364025695932,0.4385593220338983,0.18843683083511778
0.625,0.3875802997858672,0.6038135593220338,0.3490364025695932,0.4385593220338983,0.18843683083511778
0.625,0.3875802997858672,0.6038135593220338,0.3490364025695932,0.4385593220338983,0.18629550321199143
0.625,0.3875802997858672,0.6016949152542372,0.3490364025695932,0.4385593220338983,0.18629550321199143
0.6186440677966102,0.38329764453961457,0.6016949152542372,0.3490364025695932,0.4385593220338983,0.18629550321199143
0.6186440677966102,0.38329764453961457,0.6016949152542372,0.3490364025695932,0.4385593220338983,0.1841541755888651
0.6186440677966102,0.38329764453961457,0.6016949152542372,0.3490364025695932,0.4385593220338983,0.1841541755888651
0.6186440677966102,0.38329764453961457,0.5995762711864406,0.34475374732334046,0.4385593220338983,0.1841541755888651
0.6186440677966102,0.38329764453961457,0.5995762711864406,0.34475374732334046,0.4385593220338983,0.1841541755888651
0.6186440677966102,0.38329764453961457,0.5995762711864406,0.34475374732334046,0.4385593220338983,0.1841541755888651
0.6186440677966102,0.38329764453961457,0.5995762711864406,0.34475374732334046,0.4385593220338983,0.1841541755888651
0.6101694915254238,0.37901498929336186,0.5995762711864406,0.3426124197002141,0.4385593220338983,0.1841541755888651
0.6101694915254238,0.37901498929336186,0.5995762711864406,0.3426124197002141,0.4385593220338983,0.1841541755888651
0.6101694915254238,0.37901498929336186,0.5995762711864406,0.3426124197002141,0.4364406779661017,0.1841541755888651
0.6101694915254238,0.37901498929336186,0.5995762711864406,0.3426124197002141,0.4364406779661017,0.1841541755888651
0.6101694915254238,0.37901498929336186,0.5995762711864406,0.3426124197002141,0.4343220338983051,0.1841541755888651
0.6101694915254238,0.37901498929336186,0.5995762711864406,0.3426124197002141,0.4322033898305085,0.1841541755888651
0.6016949152542372,0.3747323340471092,0.5995762711864406,0.3404710920770878,0.4279661016949153,0.1841541755888651
0.6016949152542372,0.3747323340471092,0.597457627118644,0.3404710920770878,0.4279661016949153,0.1841541755888651
0.6016949152542372,0.3747323340471092,0.597457627118644,0.3404710920770878,0.4279661016949153,0.1841541755888651
0.6016949152542372,0.3747323340471092,0.5953389830508474,0.3404710920770878,0.4279661016949153,0.1841541755888651
0.6016949152542372,0.3747323340471092,0.5953389830508474,0.3404710920770878,0.4258474576271186,0.1841541755888651
0.6016949152542372,0.3747323340471092,0.5953389830508474,0.3404710920770878,0.4258474576271186,0.1841541755888651
0.6016949152542372,0.3747323340471092,0.5953389830508474,0.3404710920770878,0.4258474576271186,0.1841541755888651
0.5953389830508474,0.3747323340471092,0.5932203389830508,0.3404710920770878,0.4258474576271186,0.1841541755888651
0.5953389830508474,0.3747323340471092,0.5932203389830508,0.33832976445396146,0.423728813559322,0.1841541755888651
0.5953389830508474,0.3747323340471092,0.5932203389830508,0.33832976445396146,0.4216101694915254,0.1841541755888651
0.5953389830508474,0.3747323340471092,0.5932203389830508,0.33832976445396146,0.4216101694915254,0.1841541755888651
0.5953389830508474,0.3747323340471092,0.5911016949152542,0.33832976445396146,0.4216101694915254,0.1841541755888651
0.5953389830508474,0.3747323340471092,0.5911016949152542,0.33832976445396146,0.4216101694915254,0.1841541755888651
0.5953389830508474,0.3747323340471092,0.5889830508474576,0.3361884368308351,0.4194915254237288,0.1841541755888651
0.5911016949152542,0.37259100642398285,0.5889830508474576,0.3361884368308351,0.4194915254237288,0.1841541755888651
0.5911016949152542,0.37259100642398285,0.5889830508474576,0.3340471092077088,0.4194915254237288,0.1841541755888651
0.5911016949152542,0.37259100642398285,0.5889830508474576,0.3340471092077088,0.4173728813559322,0.1841541755888651
0.5911016949152542,0.37259100642398285,0.5889830508474576,0.3340471092077088,0.4173728813559322,0.1841541755888651
0.5911016949152542,0.37259100642398285,0.5889830508474576,0.3340471092077088,0.4152542372881356,0.1841541755888651
0.5911016949152542,0.37259100642398285,0.5889830508474576,0.3340471092077088,0.4152542372881356,0.1841541755888651
0.5911016949152542,0.37259100642398285,0.5889830508474576,0.3340471092077088,0.4152542372881356,0.1841541755888651
0.5911016949152542,0.3683083511777302,0.5889830508474576,0.3340471092077088,0.4152542372881356,0.1841541755888651
0.5911016949152542,0.3683083511777302,0.5889830508474576,0.3340471092077088,0.413135593220339,0.18201284796573874
0.5911016949152542,0.3683083511777302,0.586864406779661,0.3340471092077088,0.413135593220339,0.17987152034261242
0.5911016949152542,0.3683083511777302,0.586864406779661,0.3340471092077088,0.413135593220339,0.1777301927194861
0.5911016949152542,0.3683083511777302,0.586864406779661,0.3340471092077088,0.413135593220339,0.1777301927194861
0.5911016949152542,0.3683083511777302,0.586864406779661,0.33190578158458245,0.413135593220339,0.1777301927194861
0.5911016949152542,0.3683083511777302,0.586864406779661,0.33190578158458245,0.413135593220339,0.1777301927194861
0.5889830508474576,0.3640256959314775,0.586864406779661,0.33190578158458245,0.413135593220339,0.1734475374732334
0.5889830508474576,0.3640256959314775,0.586864406779661,0.33190578158458245,0.413135593220339,0.1734475374732334
0.5889830508474576,0.3640256959314775,0.586864406779661,0.33190578158458245,0.413135593220339,0.1734475374732334
0.5889830508474576,0.3640256959314775,0.586864406779661,0.33190578158458245,0.413135593220339,0.1734475374732334
0.5889830508474576,0.3640256959314775,0.5847457627118644,0.33190578158458245,0.413135593220339,0.1734475374732334
0.5889830508474576,0.3640256959314775,0.5847457627118644,0.33190578158458245,0.413135593220339,0.1734475374732334
0.5889830508474576,0.3640256959314775,0.5847457627118644,0.33190578158458245,0.413135593220339,0.1734475374732334
0.5847457627118644,0.35974304068522484,0.5847457627118644,0.33190578158458245,0.413135593220339,0.1734475374732334
0.5847457627118644,0.35974304068522484,0.5847457627118644,0.33190578158458245,0.4110169491525424,0.1734475374732334
0.5847457627118644,0.35974304068522484,0.5847457627118644,0.33190578158458245,0.4110169491525424,0.1734475374732334
0.5847457627118644,0.35974304068522484,0.5847457627118644,0.3297644539614561,0.4088983050847458,0.1734475374732334
0.5847457627118644,0.35974304068522484,0.5847457627118644,0.3297644539614561,0.4088983050847458,0.1734475374732334
0.5847457627118644,0.35974304068522484,0.5847457627118644,0.3297644539614561,0.4088983050847458,0.1734475374732334
0.5805084745762712,0.3554603854389722,0.5826271186440678,0.3297644539614561,0.4088983050847458,0.1734475374732334
0.5805084745762712,0.3554603854389722,0.5805084745762712,0.32548179871520344,0.4088983050847458,0.17130620985010706
0.5805084745762712,0.3554603854389722,0.5783898305084746,0.32548179871520344,0.4088983050847458,0.17130620985010706
0.5805084745762712,0.3554603854389722,0.5783898305084746,0.32548179871520344,0.4088983050847458,0.16916488222698073
0.5805084745762712,0.3554603854389722,0.5783898305084746,0.32548179871520344,0.4088983050847458,0.16916488222698073
0.5805084745762712,0.3554603854389722,0.5783898305084746,0.32548179871520344,0.4088983050847458,0.1670235546038544
0.5805084745762712,0.3554603854389722,0.5783898305084746,0.32548179871520344,0.4067796610169492,0.1670235546038544
0.5783898305084746,0.3511777301927195,0.576271186440678,0.32548179871520344,0.4046610169491525,0.1670235546038544
0.5783898305084746,0.3511777301927195,0.576271186440678,0.32548179871520344,0.4025423728813559,0.1670235546038544
0.5783898305084746,0.3511777301927195,0.5741525423728814,0.32548179871520344,0.4025423728813559,0.1670235546038544
0.5783898305084746,0.3511777301927195,0.5741525423728814,0.3233404710920771,0.4004237288135593,0.1670235546038544
0.5783898305084746,0.3511777301927195,0.5720338983050848,0.3233404710920771,0.4004237288135593,0.1670235546038544
0.5783898305084746,0.3511777301927195,0.5720338983050848,0.3233404710920771,0.4004237288135593,0.1670235546038544
0.5783898305084746,0.3511777301927195,0.5720338983050848,0.32119914346895073,0.4004237288135593,0.1670235546038544
0.5783898305084746,0.3511777301927195,0.5720338983050848,0.32119914346895073,0.4004237288135593,0.1670235546038544
0.5783898305084746,0.3511777301927195,0.5720338983050848,0.31905781584582443,0.4004237288135593,0.16274089935760172
0.5783898305084746,0.3511777301927195,0.5720338983050848,0.31905781584582443,0.4004237288135593,0.16274089935760172
0.5783898305084746,0.3511777301927195,0.5720338983050848,0.31905781584582443,0.4004237288135593,0.16274089935760172
0.5783898305084746,0.3511777301927195,0.5699152542372882,0.31905781584582443,0.4004237288135593,0.16274089935760172
0.5783898305084746,0.3511777301927195,0.5677966101694916,0.3147751605995717,0.4004237288135593,0.16274089935760172
0.5783898305084746,0.3511777301927195,0.565677966101695,0.3147751605995717,0.4004237288135593,0.16274089935760172
0.5783898305084746,0.3426124197002141,0.565677966101695,0.3147751605995717,0.4004237288135593,0.16274089935760172
0.5783898305084746,0.3426124197002141,0.565677966101695,0.3147751605995717,0.4004237288135593,0.16059957173447537
0.5783898305084746,0.3426124197002141,0.565677966101695,0.3147751605995717,0.4004237288135593,0.15845824411134904
0.5783898305084746,0.3426124197002141,0.565677966101695,0.31263383297644537,0.4004237288135593,0.15845824411134904
0.5783898305084746,0.3426124197002141,0.565677966101695,0.30620985010706636,0.4004237288135593,0.15845824411134904
0.5783898305084746,0.3426124197002141,0.565677966101695,0.30620985010706636,0.4004237288135593,0.15845824411134904
0.5783898305084746,0.3426124197002141,0.565677966101695,0.30620985010706636,0.4004237288135593,0.15845824411134904
0.5677966101694916,0.3361884368308351,0.565677966101695,0.30406852248394006,0.4004237288135593,0.15631691648822268
0.5677966101694916,0.3361884368308351,0.565677966101695,0.3019271948608137,0.3983050847457627,0.15417558886509636
0.5677966101694916,0.3361884368308351,0.565677966101695,0.3019271948608137,0.3983050847457627,0.15203426124197003
0.5677966101694916,0.3361884368308351,0.5635593220338984,0.3019271948608137,0.3961864406779661,0.15203426124197003
0.5677966101694916,0.3361884368308351,0.5635593220338984,0.3019271948608137,0.3940677966101695,0.15203426124197003
0.5677966101694916,0.3361884368308351,0.5614406779661016,0.3019271948608137,0.3940677966101695,0.14989293361884368
0.5677966101694916,0.3361884368308351,0.5614406779661016,0.29978586723768735,0.3919491525423729,0.14989293361884368
0.5677966101694916,0.33190578158458245,0.5614406779661016,0.29978586723768735,0.3919491525423729,0.14989293361884368
0.5677966101694916,0.33190578158458245,0.5614406779661016,0.29978586723768735,0.3919491525423729,0.14989293361884368
0.5677966101694916,0.33190578158458245,0.5614406779661016,0.29978586723768735,0.3919491525423729,0.14989293361884368
0.5677966101694916,0.33190578158458245,0.5614406779661016,0.29978586723768735,0.3919491525423729,0.14989293361884368
0.5677966101694916,0.33190578158458245,0.5614406779661016,0.29764453961456105,0.3919491525423729,0.14989293361884368
0.5677966101694916,0.33190578158458245,0.5614406779661016,0.29764453961456105,0.3919491525423729,0.14989293361884368
0.565677966101695,0.32762312633832974,0.559322033898305,0.29764453961456105,0.3919491525423729,0.14989293361884368
0.565677966101695,0.32762312633832974,0.559322033898305,0.29764453961456105,0.3919491525423729,0.14989293361884368
0.565677966101695,0.32762312633832974,0.559322033898305,0.29764453961456105,0.3919491525423729,0.14989293361884368
0.565677966101695,0.32762312633832974,0.559322033898305,0.29764453961456105,0.3919491525423729,0.14989293361884368
0.565677966101695,0.32762312633832974,0.559322033898305,0.29764453961456105,0.3919491525423729,0.14989293361884368
0.565677966101695,0.32762312633832974,0.559322033898305,0.29764453961456105,0.3919491525423729,0.14775160599571735
0.565677966101695,0.32762312633832974,0.559322033898305,0.2955032119914347,0.3919491525423729,0.14775160599571735
0.559322033898305,0.32548179871520344,0.559322033898305,0.2955032119914347,0.3919491525423729,0.14775160599571735
0.559322033898305,0.32548179871520344,0.559322033898305,0.2955032119914347,0.3919491525423729,0.14775160599571735
0.559322033898305,0.32548179871520344,0.559322033898305,0.2955032119914347,0.3919491525423729,0.14775160599571735
0.559322033898305,0.32548179871520344,0.5572033898305084,0.2955032119914347,0.3898305084745763,0.14775160599571735
0.559322033898305,0.32548179871520344,0.5572033898305084,0.2955032119914347,0.3898305084745763,0.145610278372591
0.559322033898305,0.32548179871520344,0.5572033898305084,0.2955032119914347,0.3898305084745763,0.145610278372591
0.559322033898305,0.32548179871520344,0.5572033898305084,0.2955032119914347,0.3898305084745763,0.145610278372591
0.5550847457627118,0.3233404710920771,0.5572033898305084,0.29336188436830835,0.3898305084745763,0.145610278372591
0.5550847457627118,0.3233404710920771,0.5572033898305084,0.29336188436830835,0.3898305084745763,0.14346895074946467
0.5550847457627118,0.3233404710920771,0.5550847457627118,0.29336188436830835,0.3898305084745763,0.14346895074946467
0.5550847457627118,0.3233404710920771,0.5550847457627118,0.29336188436830835,0.3898305084745763,0.14346895074946467
0.5550847457627118,0.3233404710920771,0.5550847457627118,0.29336188436830835,0.3877118644067797,0.14346895074946467
0.5550847457627118,0.3233404710920771,0.5550847457627118,0.29336188436830835,0.3877118644067797,0.14346895074946467
0.5550847457627118,0.3233404710920771,0.5550847457627118,0.2890792291220557,0.3877118644067797,0.14346895074946467
0.5550847457627118,0.31905781584582443,0.5550847457627118,0.2890792291220557,0.3877118644067797,0.14346895074946467
0.5550847457627118,0.31905781584582443,0.5550847457627118,0.2890792291220557,0.3877118644067797,0.14346895074946467
0.5550847457627118,0.31905781584582443,0.5550847457627118,0.2890792291220557,0.3877118644067797,0.14346895074946467
0.5550847457627118,0.31905781584582443,0.5529661016949152,0.2890792291220557,0.3877118644067797,0.14346895074946467
0.5550847457627118,0.31905781584582443,0.5529661016949152,0.2890792291220557,0.3855932203389831,0.14132762312633834
0.5550847457627118,0.31905781584582443,0.5529661016949152,0.2890792291220557,0.3855932203389831,0.14132762312633834
0.5550847457627118,0.31905781584582443,0.548728813559322,0.2890792291220557,0.3855932203389831,0.139186295503212
0.5550847457627118,0.3147751605995717,0.548728813559322,0.2890792291220557,0.3855932203389831,0.139186295503212
0.5550847457627118,0.3147751605995717,0.548728813559322,0.2890792291220557,0.3834745762711864,0.139186295503212
0.5550847457627118,0.3147751605995717,0.548728813559322,0.2890792291220557,0.3813559322033898,0.139186295503212
0.5550847457627118,0.3147751605995717,0.548728813559322,0.2890792291220557,0.3813559322033898,0.139186295503212
0.5550847457627118,0.3147751605995717,0.548728813559322,0.2890792291220557,0.3813559322033898,0.139186295503212
0.5550847457627118,0.3147751605995717,0.548728813559322,0.2890792291220557,0.3813559322033898,0.139186295503212
0.5550847457627118,0.3147751605995717,0.548728813559322,0.2890792291220557,0.3813559322033898,0.139186295503212
0.5508474576271186,0.31263383297644537,0.548728813559322,0.2890792291220557,0.3813559322033898,0.139186295503212
0.5508474576271186,0.31263383297644537,0.548728813559322,0.2890792291220557,0.3813559322033898,0.139186295503212
0.5508474576271186,0.31263383297644537,0.548728813559322,0.2890792291220557,0.3813559322033898,0.139186295503212
0.5508474576271186,0.31263383297644537,0.5466101694915254,0.2890792291220557,0.3813559322033898,0.139186295503212
0.5508474576271186,0.31263383297644537,0.5444915254237288,0.2890792291220557,0.3771186440677966,0.139186295503212
0.5508474576271186,0.31263383297644537,0.5444915254237288,0.28693790149892934,0.3771186440677966,0.139186295503212
0.548728813559322,0.3083511777301927,0.5444915254237288,0.28693790149892934,0.3771186440677966,0.139186295503212
0.548728813559322,0.3083511777301927,0.5402542372881356,0.28693790149892934,0.375,0.139186295503212
0.548728813559322,0.3083511777301927,0.5402542372881356,0.284796573875803,0.375,0.139186295503212
0.548728813559322,0.3083511777301927,0.5402542372881356,0.2826552462526767,0.375,0.139186295503212
0.548728813559322,0.3083511777301927,0.5402542372881356,0.2826552462526767,0.375,0.139186295503212
0.548728813559322,0.3083511777301927,0.5402542372881356,0.2826552462526767,0.375,0.139186295503212
0.548728813559322,0.3083511777301927,0.538135593220339,0.2826552462526767,0.375,0.139186295503212
0.5466101694915254,0.30620985010706636,0.538135593220339,0.2826552462526767,0.375,0.139186295503212
0.5466101694915254,0.30620985010706636,0.538135593220339,0.2826552462526767,0.375,0.13704496788008566
0.5466101694915254,0.30620985010706636,0.5360169491525424,0.2826552462526767,0.375,0.13704496788008566
0.5466101694915254,0.30620985010706636,0.5360169491525424,0.2826552462526767,0.375,0.13704496788008566
0.5466101694915254,0.30620985010706636,0.5360169491525424,0.2826552462526767,0.3728813559322034,0.13704496788008566
0.5466101694915254,0.30620985010706636,0.5360169491525424,0.2826552462526767,0.3728813559322034,0.13704496788008566
0.5466101694915254,0.30620985010706636,0.5360169491525424,0.2826552462526767,0.3707627118644068,0.13704496788008566
0.5444915254237288,0.30620985010706636,0.5360169491525424,0.28051391862955033,0.3707627118644068,0.13704496788008566
0.5444915254237288,0.30620985010706636,0.5360169491525424,0.28051391862955033,0.3707627118644068,0.13704496788008566
0.5444915254237288,0.30620985010706636,0.5360169491525424,0.28051391862955033,0.3707627118644068,0.13704496788008566
0.5444915254237288,0.30620985010706636,0.5360169491525424,0.28051391862955033,0.3686440677966102,0.13704496788008566
0.5444915254237288,0.30620985010706636,0.5338983050847458,0.278372591006424,0.3686440677966102,0.13704496788008566
0.5444915254237288,0.30620985010706636,0.5338983050847458,0.2762312633832976,0.3665254237288136,0.13704496788008566
0.5444915254237288,0.30620985010706636,0.5338983050847458,0.2762312633832976,0.3665254237288136,0.1349036402569593
0.5423728813559322,0.30620985010706636,0.5338983050847458,0.2762312633832976,0.3665254237288136,0.1349036402569593
0.5423728813559322,0.30620985010706636,0.5338983050847458,0.2740899357601713,0.3665254237288136,0.1349036402569593
0.5423728813559322,0.30620985010706636,0.5338983050847458,0.2740899357601713,0.3644067796610169,0.1349036402569593
0.5423728813559322,0.30620985010706636,0.5317796610169492,0.2740899357601713,0.3644067796610169,0.1349036402569593
0.5423728813559322,0.30620985010706636,0.5317796610169492,0.2740899357601713,0.3644067796610169,0.1349036402569593
0.5423728813559322,0.30620985010706636,0.5317796610169492,0.2740899357601713,0.3622881355932203,0.13276231263383298
0.5423728813559322,0.30620985010706636,0.5317796610169492,0.27194860813704497,0.3622881355932203,0.13276231263383298
0.5338983050847458,0.29764453961456105,0.5317796610169492,0.27194860813704497,0.3622881355932203,0.13276231263383298
0.5338983050847458,0.29764453961456105,0.5317796610169492,0.27194860813704497,0.3622881355932203,0.13276231263383298
0.5338983050847458,0.29764453961456105,0.5317796610169492,0.27194860813704497,0.3622881355932203,0.13276231263383298
0.5338983050847458,0.29764453961456105,0.5317796610169492,0.27194860813704497,0.3622881355932203,0.13276231263383298
0.5338983050847458,0.29764453961456105,0.5296610169491526,0.27194860813704497,0.3622881355932203,0.13062098501070663
0.5338983050847458,0.29764453961456105,0.527542372881356,0.27194860813704497,0.3622881355932203,0.13062098501070663
0.5338983050847458,0.29764453961456105,0.527542372881356,0.2698072805139186,0.3601694915254237,0.1284796573875803
0.5317796610169492,0.2955032119914347,0.527542372881356,0.2698072805139186,0.3580508474576271,0.1284796573875803
0.5317796610169492,0.2955032119914347,0.5254237288135594,0.2676659528907923,0.3580508474576271,0.1284796573875803
0.5317796610169492,0.2955032119914347,0.5254237288135594,0.2676659528907923,0.3559322033898305,0.1284796573875803
0.5317796610169492,0.2955032119914347,0.5254237288135594,0.2676659528907923,0.3559322033898305,0.1284796573875803
0.5317796610169492,0.2955032119914347,0.5254237288135594,0.2676659528907923,0.3559322033898305,0.1284796573875803
0.5317796610169492,0.2955032119914347,0.5233050847457628,0.2676659528907923,0.3559322033898305,0.1284796573875803
0.5233050847457628,0.2955032119914347,0.5233050847457628,0.26552462526766596,0.3538135593220339,0.12633832976445397
0.5233050847457628,0.2955032119914347,0.5233050847457628,0.26552462526766596,0.3516949152542373,0.12633832976445397
0.5233050847457628,0.2955032119914347,0.5233050847457628,0.2633832976445396,0.3495762711864407,0.12633832976445397
0.5233050847457628,0.2955032119914347,0.5233050847457628,0.2633832976445396,0.3495762711864407,0.12633832976445397
0.5233050847457628,0.2955032119914347,0.5233050847457628,0.2633832976445396,0.3495762711864407,0.12419700214132762
0.5233050847457628,0.2955032119914347,0.5233050847457628,0.2633832976445396,0.3495762711864407,0.12205567451820129
0.5233050847457628,0.2955032119914347,0.5211864406779662,0.2633832976445396,0.3495762711864407,0.12205567451820129
0.5169491525423728,0.291220556745182,0.5211864406779662,0.2633832976445396,0.3495762711864407,0.12205567451820129
0.5169491525423728,0.291220556745182,0.5211864406779662,0.2633832976445396,0.3495762711864407,0.12205567451820129
0.5169491525423728,0.291220556745182,0.5211864406779662,0.26124197002141325,0.3474576271186441,0.12205567451820129
0.5169491525423728,0.291220556745182,0.5211864406779662,0.26124197002141325,0.3474576271186441,0.12205567451820129
0.5169491525423728,0.291220556745182,0.5211864406779662,0.26124197002141325,0.3453389830508475,0.12205567451820129
0.5169491525423728,0.291220556745182,0.5190677966101694,0.26124197002141325,0.3453389830508475,0.12205567451820129
0.5169491525423728,0.291220556745182,0.5169491525423728,0.25910064239828695,0.3453389830508475,0.12205567451820129
0.5021186440677966,0.28693790149892934,0.5169491525423728,0.25910064239828695,0.3453389830508475,0.12205567451820129
0.5021186440677966,0.28693790149892934,0.5148305084745762,0.25910064239828695,0.3453389830508475,0.12205567451820129
0.5021186440677966,0.28693790149892934,0.5148305084745762,0.25910064239828695,0.3453389830508475,0.12205567451820129
0.5021186440677966,0.28693790149892934,0.5148305084745762,0.25910064239828695,0.3453389830508475,0.12205567451820129
0.5021186440677966,0.28693790149892934,0.5148305084745762,0.25910064239828695,0.3453389830508475,0.11991434689507495
0.5021186440677966,0.28693790149892934,0.5127118644067796,0.25910064239828695,0.3453389830508475,0.11991434689507495
0.5021186440677966,0.28693790149892934,0.5127118644067796,0.25910064239828695,0.3453389830508475,0.11991434689507495
0.5021186440677966,0.278372591006424,0.5127118644067796,0.25910064239828695,0.3432203389830508,0.11777301927194861
0.5021186440677966,0.278372591006424,0.5127118644067796,0.2569593147751606,0.3432203389830508,0.11777301927194861
0.5021186440677966,0.278372591006424,0.5127118644067796,0.25481798715203424,0.3432203389830508,0.11777301927194861
0.5021186440677966,0.278372591006424,0.5127118644067796,0.25481798715203424,0.3432203389830508,0.11777301927194861
0.5021186440677966,0.278372591006424,0.5127118644067796,0.25481798715203424,0.3432203389830508,0.11777301927194861
0.5021186440677966,0.278372591006424,0.5127118644067796,0.25481798715203424,0.3411016949152542,0.11777301927194861
0.5021186440677966,0.278372591006424,0.5127118644067796,0.25267665952890794,0.3411016949152542,0.11777301927194861
0.4978813559322034,0.2762312633832976,0.5127118644067796,0.25267665952890794,0.3411016949152542,0.11777301927194861
0.4978813559322034,0.2762312633832976,0.510593220338983,0.25267665952890794,0.3389830508474576,0.11777301927194861
0.4978813559322034,0.2762312633832976,0.510593220338983,0.25267665952890794,0.3389830508474576,0.11777301927194861
0.4978813559322034,0.2762312633832976,0.510593220338983,0.25267665952890794,0.3389830508474576,0.11777301927194861
0.4978813559322034,0.2762312633832976,0.510593220338983,0.25267665952890794,0.3389830508474576,0.11563169164882227
0.4978813559322034,0.2762312633832976,0.510593220338983,0.25267665952890794,0.3389830508474576,0.11563169164882227
0.4978813559322034,0.2762312633832976,0.510593220338983,0.25267665952890794,0.3389830508474576,0.11563169164882227
0.4978813559322034,0.27194860813704497,0.510593220338983,0.25267665952890794,0.3389830508474576,0.11563169164882227
0.4978813559322034,0.27194860813704497,0.510593220338983,0.25267665952890794,0.3389830508474576,0.11563169164882227
0.4978813559322034,0.27194860813704497,0.510593220338983,0.25267665952890794,0.3389830508474576,0.11563169164882227
0.4978813559322034,0.27194860813704497,0.510593220338983,0.25267665952890794,0.3389830508474576,0.11563169164882227
0.4978813559322034,0.27194860813704497,0.510593220338983,0.25267665952890794,0.3389830508474576,0.11563169164882227
0.4978813559322034,0.27194860813704497,0.510593220338983,0.25267665952890794,0.3389830508474576,0.11563169164882227
0.4978813559322034,0.27194860813704497,0.510593220338983,0.25267665952890794,0.3389830508474576,0.11563169164882227
0.4978813559322034,0.27194860813704497,0.510593220338983,0.25267665952890794,0.336864406779661,0.11563169164882227
0.4978813559322034,0.27194860813704497,0.510593220338983,0.25267665952890794,0.336864406779661,0.11563169164882227
0.4978813559322034,0.27194860813704497,0.510593220338983,0.25267665952890794,0.336864406779661,0.11563169164882227
0.4978813559322034,0.27194860813704497,0.510593220338983,0.25267665952890794,0.3347457627118644,0.11349036402569593
0.4978813559322034,0.27194860813704497,0.510593220338983,0.25267665952890794,0.3347457627118644,0.11349036402569593
0.4978813559322034,0.27194860813704497,0.5084745762711864,0.25267665952890794,0.3347457627118644,0.11349036402569593
0.4915254237288136,0.2698072805139186,0.5063559322033898,0.25267665952890794,0.3347457627118644,0.11349036402569593
0.4915254237288136,0.2698072805139186,0.5042372881355932,0.25267665952890794,0.3347457627118644,0.11349036402569593
0.4915254237288136,0.2698072805139186,0.5021186440677966,0.2505353319057816,0.3347457627118644,0.11349036402569593
0.4915254237288136,0.2698072805139186,0.5,0.2505353319057816,0.3326271186440678,0.11349036402569593
0.4915254237288136,0.2698072805139186,0.5,0.2505353319057816,0.3326271186440678,0.11349036402569593
0.4915254237288136,0.2698072805139186,0.5,0.2505353319057816,0.3305084745762712,0.11349036402569593
0.4915254237288136,0.2698072805139186,0.5,0.2505353319057816,0.3305084745762712,0.11349036402569593
0.4851694915254237,0.2698072805139186,0.5,0.2505353319057816,0.3283898305084746,0.11349036402569593
0.4851694915254237,0.2698072805139186,0.5,0.2505353319057816,0.3283898305084746,0.11349036402569593
0.4851694915254237,0.2698072805139186,0.5,0.2505353319057816,0.3283898305084746,0.11349036402569593
0.4851694915254237,0.2698072805139186,0.5,0.2505353319057816,0.3283898305084746,0.11349036402569593
0.4851694915254237,0.2698072805139186,0.5,0.2505353319057816,0.3283898305084746,0.11349036402569593
0.4851694915254237,0.2698072805139186,0.5,0.2505353319057816,0.326271186440678,0.11349036402569593
0.4851694915254237,0.2698072805139186,0.5,0.2505353319057816,0.326271186440678,0.11349036402569593
0.4830508474576271,0.2698072805139186,0.4957627118644068,0.24839400428265523,0.326271186440678,0.11349036402569593
0.4830508474576271,0.2698072805139186,0.4957627118644068,0.24839400428265523,0.326271186440678,0.11349036402569593
0.4830508474576271,0.2698072805139186,0.4957627118644068,0.24839400428265523,0.326271186440678,0.11349036402569593
0.4830508474576271,0.2698072805139186,0.4957627118644068,0.24839400428265523,0.326271186440678,0.11349036402569593
0.4830508474576271,0.2698072805139186,0.4957627118644068,0.24839400428265523,0.3220338983050847,0.11134903640256959
0.4830508474576271,0.2698072805139186,0.4957627118644068,0.24839400428265523,0.3220338983050847,0.10920770877944326
0.4830508474576271,0.2698072805139186,0.4957627118644068,0.24839400428265523,0.3220338983050847,0.10920770877944326
0.4830508474576271,0.2698072805139186,0.4957627118644068,0.24839400428265523,0.3220338983050847,0.10920770877944326
0.4830508474576271,0.2698072805139186,0.4936440677966102,0.2462526766595289,0.3220338983050847,0.10920770877944326
0.4830508474576271,0.2698072805139186,0.4936440677966102,0.2462526766595289,0.3199152542372881,0.10920770877944326
0.4830508474576271,0.2698072805139186,0.4915254237288136,0.2462526766595289,0.3177966101694915,0.10920770877944326
0.4830508474576271,0.2698072805139186,0.4915254237288136,0.2462526766595289,0.3177966101694915,0.10706638115631692
0.4830508474576271,0.2698072805139186,0.4894067796610169,0.2462526766595289,0.3177966101694915,0.10706638115631692
0.4830508474576271,0.2698072805139186,0.4894067796610169,0.2462526766595289,0.3177966101694915,0.10706638115631692
0.4830508474576271,0.2676659528907923,0.4894067796610169,0.2462526766595289,0.3156779661016949,0.10706638115631692
0.4830508474576271,0.2676659528907923,0.4894067796610169,0.2462526766595289,0.3156779661016949,0.10706638115631692
0.4830508474576271,0.2676659528907923,0.4872881355932203,0.2462526766595289,0.3156779661016949,0.10706638115631692
0.4830508474576271,0.2676659528907923,0.4872881355932203,0.2462526766595289,0.3156779661016949,0.10706638115631692
0.4830508474576271,0.2676659528907923,0.4851694915254237,0.2462526766595289,0.3156779661016949,0.10706638115631692
0.4830508474576271,0.2676659528907923,0.4851694915254237,0.2462526766595289,0.3156779661016949,0.10706638115631692
0.4830508474576271,0.2676659528907923,0.4851694915254237,0.2462526766595289,0.3156779661016949,0.10706638115631692
0.4788135593220339,0.26552462526766596,0.4851694915254237,0.2462526766595289,0.3156779661016949,0.10706638115631692
0.4788135593220339,0.26552462526766596,0.4851694915254237,0.2462526766595289,0.3156779661016949,0.10706638115631692
0.4788135593220339,0.26552462526766596,0.4851694915254237,0.2462526766595289,0.3156779661016949,0.10706638115631692
0.4788135593220339,0.26552462526766596,0.4851694915254237,0.2462526766595289,0.3135593220338983,0.10706638115631692
0.4788135593220339,0.26552462526766596,0.4851694915254237,0.24411134903640258,0.3135593220338983,0.10706638115631692
0.4788135593220339,0.26552462526766596,0.4851694915254237,0.24197002141327623,0.3114406779661017,0.10706638115631692
0.4766949152542373,0.26124197002141325,0.4851694915254237,0.24197002141327623,0.3114406779661017,0.10492505353319058
0.4766949152542373,0.26124197002141325,0.4851694915254237,0.2398286937901499,0.3114406779661017,0.10492505353319058
0.4766949152542373,0.26124197002141325,0.4851694915254237,0.2398286937901499,0.3114406779661017,0.10492505353319058
0.4766949152542373,0.26124197002141325,0.4851694915254237,0.2398286937901499,0.3114406779661017,0.10492505353319058
0.4766949152542373,0.26124197002141325,0.4851694915254237,0.2398286937901499,0.3114406779661017,0.10492505353319058
0.4766949152542373,0.26124197002141325,0.4851694915254237,0.2398286937901499,0.3072033898305085,0.10492505353319058
0.4766949152542373,0.26124197002141325,0.4830508474576271,0.2398286937901499,0.3072033898305085,0.10492505353319058
0.4766949152542373,0.25910064239828695,0.4830508474576271,0.2398286937901499,0.3072033898305085,0.10492505353319058
0.4766949152542373,0.25910064239828695,0.4830508474576271,0.2398286937901499,0.3072033898305085,0.10278372591006424
0.4766949152542373,0.25910064239828695,0.4830508474576271,0.2398286937901499,0.3072033898305085,0.1006423982869379
0.4766949152542373,0.25910064239828695,0.4830508474576271,0.2398286937901499,0.3072033898305085,0.1006423982869379
0.4766949152542373,0.25910064239828695,0.4830508474576271,0.2398286937901499,0.3072033898305085,0.1006423982869379
0.4766949152542373,0.25910064239828695,0.4830508474576271,0.2398286937901499,0.3072033898305085,0.1006423982869379
0.4766949152542373,0.25910064239828695,0.4830508474576271,0.2398286937901499,0.3072033898305085,0.09850107066381156
0.4682203389830508,0.25481798715203424,0.4830508474576271,0.2398286937901499,0.3072033898305085,0.09850107066381156
0.4682203389830508,0.25481798715203424,0.4830508474576271,0.23768736616702354,0.3072033898305085,0.09850107066381156
0.4682203389830508,0.25481798715203424,0.4809322033898305,0.23768736616702354,0.3072033898305085,0.09850107066381156
0.4682203389830508,0.25481798715203424,0.4809322033898305,0.23768736616702354,0.3072033898305085,0.09850107066381156
0.4682203389830508,0.25481798715203424,0.4809322033898305,0.23768736616702354,0.3050847457627119,0.09850107066381156
0.4682203389830508,0.25481798715203424,0.4809322033898305,0.23768736616702354,0.3050847457627119,0.09850107066381156
0.4682203389830508,0.25481798715203424,0.4788135593220339,0.23768736616702354,0.3050847457627119,0.09850107066381156
0.4639830508474576,0.2505353319057816,0.4788135593220339,0.23768736616702354,0.3050847457627119,0.09850107066381156
0.4639830508474576,0.2505353319057816,0.4788135593220339,0.23768736616702354,0.3050847457627119,0.09850107066381156
0.4639830508474576,0.2505353319057816,0.4788135593220339,0.23768736616702354,0.3050847457627119,0.09850107066381156
0.4639830508474576,0.2505353319057816,0.4788135593220339,0.23768736616702354,0.3029661016949153,0.09850107066381156
0.4639830508474576,0.2505353319057816,0.4788135593220339,0.23768736616702354,0.3029661016949153,0.09850107066381156
0.4639830508474576,0.2505353319057816,0.4788135593220339,0.23768736616702354,0.3029661016949153,0.09850107066381156
0.4639830508474576,0.2505353319057816,0.4788135593220339,0.23768736616702354,0.3029661016949153,0.09850107066381156
0.4576271186440678,0.24839400428265523,0.4788135593220339,0.23768736616702354,0.3029661016949153,0.09850107066381156
0.4576271186440678,0.24839400428265523,0.4788135593220339,0.23768736616702354,0.3029661016949153,0.09850107066381156
0.4576271186440678,0.24839400428265523,0.4788135593220339,0.23768736616702354,0.3029661016949153,0.09850107066381156
0.4576271186440678,0.24839400428265523,0.4788135593220339,0.23768736616702354,0.3029661016949153,0.09850107066381156
0.4576271186440678,0.24839400428265523,0.4788135593220339,0.23768736616702354,0.3008474576271186,0.09635974304068523
0.4576271186440678,0.24839400428265523,0.4766949152542373,0.23768736616702354,0.3008474576271186,0.09635974304068523
0.4576271186440678,0.24839400428265523,0.4766949152542373,0.23768736616702354,0.2966101694915254,0.09635974304068523
0.4576271186440678,0.2462526766595289,0.4766949152542373,0.23768736616702354,0.2966101694915254,0.09635974304068523
0.4576271186440678,0.2462526766595289,0.4766949152542373,0.23768736616702354,0.2966101694915254,0.09635974304068523
0.4576271186440678,0.2462526766595289,0.4766949152542373,0.23554603854389722,0.2966101694915254,0.09635974304068523
0.4576271186440678,0.2462526766595289,0.4766949152542373,0.23554603854389722,0.2966101694915254,0.09421841541755889
0.4576271186440678,0.2462526766595289,0.4745762711864407,0.23554603854389722,0.2966101694915254,0.09421841541755889
0.4576271186440678,0.2462526766595289,0.4745762711864407,0.23554603854389722,0.2966101694915254,0.09421841541755889
0.4555084745762712,0.2462526766595289,0.4745762711864407,0.23554603854389722,0.2966101694915254,0.09421841541755889
0.4555084745762712,0.2462526766595289,0.4745762711864407,0.23554603854389722,0.2966101694915254,0.09207708779443255
0.4555084745762712,0.2462526766595289,0.4745762711864407,0.2334047109207709,0.2966101694915254,0.09207708779443255
0.4555084745762712,0.2462526766595289,0.4724576271186441,0.2334047109207709,0.2966101694915254,0.09207708779443255
0.4555084745762712,0.2462526766595289,0.4724576271186441,0.23126338329764454,0.2966101694915254,0.09207708779443255
0.4555084745762712,0.2462526766595289,0.4724576271186441,0.23126338329764454,0.2966101694915254,0.09207708779443255
0.4555084745762712,0.2462526766595289,0.4724576271186441,0.23126338329764454,0.2966101694915254,0.09207708779443255
0.4533898305084746,0.24411134903640258,0.4724576271186441,0.23126338329764454,0.2944915254237288,0.09207708779443255
0.4533898305084746,0.24411134903640258,0.4724576271186441,0.2291220556745182,0.2944915254237288,0.08993576017130621
0.4533898305084746,0.24411134903640258,0.4724576271186441,0.2291220556745182,0.2944915254237288,0.08993576017130621
0.4533898305084746,0.24411134903640258,0.4724576271186441,0.2291220556745182,0.2923728813559322,0.08993576017130621
0.4533898305084746,0.24411134903640258,0.4724576271186441,0.22698072805139186,0.2923728813559322,0.08993576017130621
0.4533898305084746,0.24411134903640258,0.4724576271186441,0.22698072805139186,0.2902542372881356,0.08993576017130621
0.4533898305084746,0.24411134903640258,0.4703389830508475,0.22698072805139186,0.2902542372881356,0.08993576017130621
0.4533898305084746,0.24197002141327623,0.4703389830508475,0.22698072805139186,0.2902542372881356,0.08993576017130621
0.4533898305084746,0.24197002141327623,0.4703389830508475,0.22483940042826553,0.2902542372881356,0.08993576017130621
0.4533898305084746,0.24197002141327623,0.4703389830508475,0.22483940042826553,0.2902542372881356,0.08993576017130621
0.4533898305084746,0.24197002141327623,0.4682203389830508,0.22483940042826553,0.288135593220339,0.08993576017130621
0.4533898305084746,0.24197002141327623,0.4682203389830508,0.22483940042826553,0.288135593220339,0.08993576017130621
0.4533898305084746,0.24197002141327623,0.4682203389830508,0.22483940042826553,0.2860169491525424,0.08993576017130621
0.4533898305084746,0.24197002141327623,0.4682203389830508,0.22269807280513917,0.2860169491525424,0.08993576017130621
0.4533898305084746,0.2398286937901499,0.4682203389830508,0.22055674518201285,0.2860169491525424,0.08993576017130621
0.4533898305084746,0.2398286937901499,0.4682203389830508,0.22055674518201285,0.2860169491525424,0.08993576017130621
0.4533898305084746,0.2398286937901499,0.4682203389830508,0.22055674518201285,0.2860169491525424,0.08993576017130621
0.4533898305084746,0.2398286937901499,0.4682203389830508,0.22055674518201285,0.2860169491525424,0.08993576017130621
0.4533898305084746,0.2398286937901499,0.4661016949152542,0.21841541755888652,0.2860169491525424,0.08993576017130621
0.4533898305084746,0.2398286937901499,0.4639830508474576,0.21841541755888652,0.2860169491525424,0.08993576017130621
0.4533898305084746,0.2398286937901499,0.4639830508474576,0.21841541755888652,0.2860169491525424,0.08993576017130621
0.4470338983050847,0.23768736616702354,0.4639830508474576,0.21841541755888652,0.2860169491525424,0.08993576017130621
0.4470338983050847,0.23768736616702354,0.4639830508474576,0.21841541755888652,0.2860169491525424,0.08993576017130621
0.4470338983050847,0.23768736616702354,0.4639830508474576,0.21627408993576017,0.2860169491525424,0.08993576017130621
0.4470338983050847,0.23768736616702354,0.4639830508474576,0.21413276231263384,0.2860169491525424,0.08993576017130621
0.4470338983050847,0.23768736616702354,0.461864406779661,0.21413276231263384,0.2860169491525424,0.08993576017130621
0.4470338983050847,0.23768736616702354,0.4597457627118644,0.21413276231263384,0.2860169491525424,0.08993576017130621
0.4470338983050847,0.23768736616702354,0.4597457627118644,0.21413276231263384,0.2860169491525424,0.08993576017130621
0.4470338983050847,0.23554603854389722,0.4597457627118644,0.21413276231263384,0.2860169491525424,0.08993576017130621
0.4470338983050847,0.23554603854389722,0.4597457627118644,0.21413276231263384,0.2860169491525424,0.08993576017130621
0.4470338983050847,0.23554603854389722,0.4576271186440678,0.21413276231263384,0.2860169491525424,0.08993576017130621
0.4470338983050847,0.23554603854389722,0.4555084745762712,0.21199143468950749,0.2860169491525424,0.08993576017130621
0.4470338983050847,0.23554603854389722,0.4555084745762712,0.21199143468950749,0.2860169491525424,0.08993576017130621
0.4470338983050847,0.23554603854389722,0.4533898305084746,0.21199143468950749,0.2860169491525424,0.08993576017130621
0.4427966101694915,0.2334047109207709,0.4533898305084746,0.21199143468950749,0.2860169491525424,0.08993576017130621
0.4427966101694915,0.2334047109207709,0.4533898305084746,0.20985010706638116,0.2838983050847458,0.08993576017130621
0.4427966101694915,0.2334047109207709,0.4533898305084746,0.20985010706638116,0.2838983050847458,0.08993576017130621
0.4427966101694915,0.2334047109207709,0.4533898305084746,0.20985010706638116,0.2838983050847458,0.08779443254817987
0.4427966101694915,0.2334047109207709,0.4533898305084746,0.20985010706638116,0.2838983050847458,0.08779443254817987
0.4427966101694915,0.2334047109207709,0.4533898305084746,0.20770877944325483,0.2838983050847458,0.08779443254817987
0.4427966101694915,0.2334047109207709,0.4533898305084746,0.20770877944325483,0.2838983050847458,0.08779443254817987
0.4427966101694915,0.2291220556745182,0.4533898305084746,0.20770877944325483,0.2838983050847458,0.08779443254817987
0.4427966101694915,0.2291220556745182,0.4533898305084746,0.20770877944325483,0.2838983050847458,0.08779443254817987
0.4427966101694915,0.2291220556745182,0.4491525423728814,0.20556745182012848,0.2838983050847458,0.08779443254817987
0.4427966101694915,0.2291220556745182,0.4491525423728814,0.20556745182012848,0.2817796610169492,0.08779443254817987
0.4427966101694915,0.2291220556745182,0.4470338983050847,0.20342612419700215,0.2796610169491525,0.08779443254817987
0.4427966101694915,0.2291220556745182,0.4470338983050847,0.20342612419700215,0.2796610169491525,0.08565310492505353
0.4427966101694915,0.2291220556745182,0.4470338983050847,0.2012847965738758,0.2754237288135593,0.08565310492505353
0.4364406779661017,0.22698072805139186,0.4470338983050847,0.2012847965738758,0.2754237288135593,0.0835117773019272
0.4364406779661017,0.22698072805139186,0.4470338983050847,0.2012847965738758,0.2754237288135593,0.0835117773019272
0.4364406779661017,0.22698072805139186,0.4470338983050847,0.2012847965738758,0.2754237288135593,0.0835117773019272
0.4364406779661017,0.22698072805139186,0.4470338983050847,0.2012847965738758,0.2754237288135593,0.0835117773019272
0.4364406779661017,0.22698072805139186,0.4470338983050847,0.2012847965738758,0.2754237288135593,0.0835117773019272
0.4364406779661017,0.22698072805139186,0.4470338983050847,0.2012847965738758,0.2754237288135593,0.08137044967880086
0.4364406779661017,0.22698072805139186,0.4470338983050847,0.2012847965738758,0.2754237288135593,0.08137044967880086
0.4343220338983051,0.22483940042826553,0.4470338983050847,0.2012847965738758,0.2754237288135593,0.08137044967880086
0.4343220338983051,0.22483940042826553,0.4470338983050847,0.2012847965738758,0.2733050847457627,0.08137044967880086
0.4343220338983051,0.22483940042826553,0.4470338983050847,0.2012847965738758,0.2711864406779661,0.08137044967880086
0.4343220338983051,0.22483940042826553,0.4470338983050847,0.2012847965738758,0.2690677966101695,0.08137044967880086
0.4343220338983051,0.22483940042826553,0.4470338983050847,0.2012847965738758,0.2669491525423729,0.07922912205567452
0.4343220338983051,0.22483940042826553,0.4470338983050847,0.2012847965738758,0.2669491525423729,0.07922912205567452
0.4343220338983051,0.22483940042826553,0.4470338983050847,0.2012847965738758,0.2669491525423729,0.07922912205567452
0.4300847457627119,0.22269807280513917,0.4470338983050847,0.2012847965738758,0.2648305084745763,0.07922912205567452
0.4300847457627119,0.22269807280513917,0.4470338983050847,0.2012847965738758,0.2648305084745763,0.07922912205567452
0.4300847457627119,0.22269807280513917,0.4470338983050847,0.2012847965738758,0.2648305084745763,0.07922912205567452
0.4300847457627119,0.22269807280513917,0.4470338983050847,0.2012847965738758,0.2648305084745763,0.07922912205567452
0.4300847457627119,0.22269807280513917,0.4470338983050847,0.2012847965738758,0.2648305084745763,0.07922912205567452
0.4300847457627119,0.22269807280513917,0.4470338983050847,0.2012847965738758,0.2648305084745763,0.07922912205567452
0.4300847457627119,0.22269807280513917,0.4470338983050847,0.2012847965738758,0.2648305084745763,0.07922912205567452
0.4300847457627119,0.22055674518201285,0.4470338983050847,0.2012847965738758,0.2648305084745763,0.07922912205567452
0.4300847457627119,0.22055674518201285,0.4470338983050847,0.2012847965738758,0.2627118644067797,0.07922912205567452
0.4300847457627119,0.22055674518201285,0.4470338983050847,0.19700214132762311,0.2627118644067797,0.07922912205567452
0.4300847457627119,0.22055674518201285,0.4470338983050847,0.19700214132762311,0.2627118644067797,0.07922912205567452
0.4300847457627119,0.22055674518201285,0.4470338983050847,0.1948608137044968,0.2627118644067797,0.07922912205567452
0.4300847457627119,0.22055674518201285,0.4470338983050847,0.1905781584582441,0.2627118644067797,0.07922912205567452
0.4279661016949153,0.21841541755888652,0.4470338983050847,0.1905781584582441,0.2627118644067797,0.07922912205567452
0.4279661016949153,0.21841541755888652,0.4470338983050847,0.1905781584582441,0.2627118644067797,0.07922912205567452
0.4279661016949153,0.21841541755888652,0.4470338983050847,0.1905781584582441,0.2627118644067797,0.07922912205567452
0.4279661016949153,0.21841541755888652,0.4427966101694915,0.1905781584582441,0.2627118644067797,0.07708779443254818
0.4279661016949153,0.21841541755888652,0.4427966101694915,0.1905781584582441,0.2605932203389831,0.07708779443254818
0.4279661016949153,0.21841541755888652,0.4427966101694915,0.18843683083511778,0.2605932203389831,0.07708779443254818
0.4279661016949153,0.21841541755888652,0.4427966101694915,0.18843683083511778,0.2605932203389831,0.07708779443254818
0.4258474576271186,0.21841541755888652,0.4406779661016949,0.18629550321199143,0.2605932203389831,0.07708779443254818
0.4258474576271186,0.21841541755888652,0.4406779661016949,0.1841541755888651,0.2605932203389831,0.07708779443254818
0.4258474576271186,0.21841541755888652,0.4406779661016949,0.1841541755888651,0.2605932203389831,0.07494646680942184
0.4258474576271186,0.21841541755888652,0.4406779661016949,0.1841541755888651,0.2605932203389831,0.07494646680942184
0.4258474576271186,0.21841541755888652,0.4406779661016949,0.1841541755888651,0.2605932203389831,0.0728051391862955
0.4258474576271186,0.21841541755888652,0.4406779661016949,0.1841541755888651,0.2605932203389831,0.0728051391862955
0.4258474576271186,0.21841541755888652,0.4406779661016949,0.1841541755888651,0.2605932203389831,0.0728051391862955
0.423728813559322,0.20985010706638116,0.4406779661016949,0.1841541755888651,0.2605932203389831,0.0728051391862955
0.423728813559322,0.20985010706638116,0.4406779661016949,0.1841541755888651,0.2605932203389831,0.0728051391862955
0.423728813559322,0.20985010706638116,0.4406779661016949,0.18201284796573874,0.2605932203389831,0.0728051391862955
0.423728813559322,0.20985010706638116,0.4406779661016949,0.18201284796573874,0.2605932203389831,0.0728051391862955
0.423728813559322,0.20985010706638116,0.4406779661016949,0.18201284796573874,0.2605932203389831,0.0728051391862955
0.423728813559322,0.20985010706638116,0.4406779661016949,0.18201284796573874,0.2605932203389831,0.07066381156316917
0.423728813559322,0.20985010706638116,0.4385593220338983,0.18201284796573874,0.2605932203389831,0.07066381156316917
0.4216101694915254,0.20770877944325483,0.4364406779661017,0.18201284796573874,0.2605932203389831,0.07066381156316917
0.4216101694915254,0.20770877944325483,0.4364406779661017,0.18201284796573874,0.2605932203389831,0.07066381156316917
0.4216101694915254,0.20770877944325483,0.4364406779661017,0.18201284796573874,0.2584745762711864,0.07066381156316917
0.4216101694915254,0.20770877944325483,0.4364406779661017,0.17987152034261242,0.2584745762711864,0.07066381156316917
0.4216101694915254,0.20770877944325483,0.4322033898305085,0.17987152034261242,0.2584745762711864,0.07066381156316917
0.4216101694915254,0.20770877944325483,0.4300847457627119,0.17987152034261242,0.2584745762711864,0.07066381156316917
0.4216101694915254,0.20770877944325483,0.4300847457627119,0.17987152034261242,0.2584745762711864,0.07066381156316917
0.4173728813559322,0.20342612419700215,0.4300847457627119,0.17987152034261242,0.2563559322033898,0.07066381156316917
0.4173728813559322,0.20342612419700215,0.4300847457627119,0.17987152034261242,0.2563559322033898,0.07066381156316917
0.4173728813559322,0.20342612419700215,0.4279661016949153,0.17987152034261242,0.2563559322033898,0.07066381156316917
0.4173728813559322,0.20342612419700215,0.4279661016949153,0.17987152034261242,0.2563559322033898,0.07066381156316917
0.4173728813559322,0.20342612419700215,0.4279661016949153,0.17987152034261242,0.2563559322033898,0.07066381156316917
0.4173728813559322,0.20342612419700215,0.4279661016949153,0.17987152034261242,0.2563559322033898,0.07066381156316917
0.4173728813559322,0.20342612419700215,0.4279661016949153,0.17987152034261242,0.2563559322033898,0.06852248394004283
0.4088983050847458,0.20342612419700215,0.4279661016949153,0.17987152034261242,0.2563559322033898,0.06852248394004283
0.4088983050847458,0.20342612419700215,0.4279661016949153,0.17987152034261242,0.2563559322033898,0.06852248394004283
0.4088983050847458,0.20342612419700215,0.4279661016949153,0.17987152034261242,0.2563559322033898,0.06638115631691649
0.4088983050847458,0.20342612419700215,0.4279661016949153,0.17987152034261242,0.2563559322033898,0.06423982869379015
0.4088983050847458,0.20342612419700215,0.4279661016949153,0.17987152034261242,0.2563559322033898,0.06423982869379015
0.4088983050847458,0.20342612419700215,0.4279661016949153,0.17987152034261242,0.2563559322033898,0.06423982869379015
0.4025423728813559,0.20342612419700215,0.4279661016949153,0.1777301927194861,0.2563559322033898,0.06423982869379015
0.4025423728813559,0.20342612419700215,0.4279661016949153,0.1777301927194861,0.2563559322033898,0.06423982869379015
0.4025423728813559,0.20342612419700215,0.4258474576271186,0.1777301927194861,0.2563559322033898,0.06423982869379015
0.4025423728813559,0.20342612419700215,0.423728813559322,0.1777301927194861,0.2563559322033898,0.06209850107066381
0.4025423728813559,0.20342612419700215,0.423728813559322,0.1777301927194861,0.2563559322033898,0.06209850107066381
0.4025423728813559,0.20342612419700215,0.4216101694915254,0.1777301927194861,0.2563559322033898,0.06209850107066381
0.4025423728813559,0.20342612419700215,0.4194915254237288,0.1777301927194861,0.2563559322033898,0.06209850107066381
0.4025423728813559,0.2012847965738758,0.4194915254237288,0.1777301927194861,0.2563559322033898,0.06209850107066381
0.4025423728813559,0.2012847965738758,0.4173728813559322,0.1777301927194861,0.2563559322033898,0.06209850107066381
0.4025423728813559,0.2012847965738758,0.4152542372881356,0.1777301927194861,0.2563559322033898,0.06209850107066381
0.4025423728813559,0.2012847965738758,0.413135593220339,0.1777301927194861,0.2563559322033898,0.06209850107066381
0.4025423728813559,0.2012847965738758,0.413135593220339,0.17558886509635974,0.2563559322033898,0.06209850107066381
0.4025423728813559,0.2012847965738758,0.413135593220339,0.17558886509635974,0.2563559322033898,0.06209850107066381
0.4025423728813559,0.2012847965738758,0.4110169491525424,0.17558886509635974,0.2563559322033898,0.06209850107066381
0.4004237288135593,0.2012847965738758,0.4088983050847458,0.17558886509635974,0.2563559322033898,0.06209850107066381
0.4004237288135593,0.2012847965738758,0.4067796610169492,0.17558886509635974,0.2563559322033898,0.06209850107066381
0.4004237288135593,0.2012847965738758,0.4046610169491525,0.1734475374732334,0.2563559322033898,0.06209850107066381
0.4004237288135593,0.2012847965738758,0.4046610169491525,0.1734475374732334,0.2563559322033898,0.06209850107066381
0.4004237288135593,0.2012847965738758,0.4046610169491525,0.1734475374732334,0.2563559322033898,0.06209850107066381
0.4004237288135593,0.2012847965738758,0.4025423728813559,0.1734475374732334,0.2563559322033898,0.06209850107066381
0.4004237288135593,0.2012847965738758,0.4025423728813559,0.1734475374732334,0.2563559322033898,0.06209850107066381
0.3961864406779661,0.1948608137044968,0.4025423728813559,0.1734475374732334,0.2563559322033898,0.06209850107066381
0.3961864406779661,0.1948608137044968,0.4025423728813559,0.1734475374732334,0.2563559322033898,0.06209850107066381
0.3961864406779661,0.1948608137044968,0.4025423728813559,0.1734475374732334,0.2563559322033898,0.06209850107066381
0.3961864406779661,0.1948608137044968,0.4004237288135593,0.1734475374732334,0.2563559322033898,0.06209850107066381
0.3961864406779661,0.1948608137044968,0.4004237288135593,0.17130620985010706,0.2542372881355932,0.06209850107066381
0.3961864406779661,0.1948608137044968,0.4004237288135593,0.17130620985010706,0.2542372881355932,0.06209850107066381
0.3961864406779661,0.1948608137044968,0.4004237288135593,0.17130620985010706,0.2542372881355932,0.06209850107066381
0.3961864406779661,0.19271948608137046,0.4004237288135593,0.17130620985010706,0.2542372881355932,0.06209850107066381
0.3961864406779661,0.19271948608137046,0.3961864406779661,0.17130620985010706,0.2542372881355932,0.06209850107066381
0.3961864406779661,0.19271948608137046,0.3940677966101695,0.17130620985010706,0.2521186440677966,0.06209850107066381
0.3961864406779661,0.19271948608137046,0.3940677966101695,0.17130620985010706,0.2521186440677966,0.06209850107066381
0.3961864406779661,0.19271948608137046,0.3940677966101695,0.17130620985010706,0.2478813559322034,0.06209850107066381
0.3961864406779661,0.19271948608137046,0.3940677966101695,0.17130620985010706,0.2457627118644068,0.06209850107066381
0.3961864406779661,0.19271948608137046,0.3919491525423729,0.17130620985010706,0.24364406779661016,0.06209850107066381
0.3898305084745763,0.18629550321199143,0.3898305084745763,0.17130620985010706,0.24364406779661016,0.06209850107066381
0.3898305084745763,0.18629550321199143,0.3898305084745763,0.17130620985010706,0.24364406779661016,0.06209850107066381
0.3898305084745763,0.18629550321199143,0.3877118644067797,0.17130620985010706,0.24364406779661016,0.06209850107066381
0.3898305084745763,0.18629550321199143,0.3855932203389831,0.16916488222698073,0.24364406779661016,0.059957173447537475
0.3898305084745763,0.18629550321199143,0.3834745762711864,0.16916488222698073,0.24364406779661016,0.059957173447537475
0.3898305084745763,0.18629550321199143,0.3834745762711864,0.16916488222698073,0.24364406779661016,0.059957173447537475
0.3855932203389831,0.18629550321199143,0.3834745762711864,0.16916488222698073,0.24364406779661016,0.059957173447537475
0.3855932203389831,0.18629550321199143,0.3834745762711864,0.1670235546038544,0.24364406779661016,0.059957173447537475
0.3855932203389831,0.18629550321199143,0.3834745762711864,0.16488222698072805,0.24152542372881355,0.059957173447537475
0.3855932203389831,0.18629550321199143,0.3834745762711864,0.16274089935760172,0.24152542372881355,0.059957173447537475
0.3855932203389831,0.18629550321199143,0.3834745762711864,0.16059957173447537,0.24152542372881355,0.059957173447537475
0.3855932203389831,0.18629550321199143,0.3834745762711864,0.16059957173447537,0.24152542372881355,0.057815845824411134
0.3855932203389831,0.18629550321199143,0.3834745762711864,0.16059957173447537,0.24152542372881355,0.057815845824411134
0.3855932203389831,0.18201284796573874,0.3834745762711864,0.16059957173447537,0.23940677966101695,0.055674518201284794
0.3855932203389831,0.18201284796573874,0.3834745762711864,0.16059957173447537,0.23940677966101695,0.055674518201284794
0.3855932203389831,0.18201284796573874,0.3813559322033898,0.15845824411134904,0.23940677966101695,0.055674518201284794
0.3855932203389831,0.18201284796573874,0.3813559322033898,0.15845824411134904,0.2330508474576271,0.055674518201284794
0.3855932203389831,0.18201284796573874,0.3813559322033898,0.15631691648822268,0.2330508474576271,0.055674518201284794
0.3855932203389831,0.18201284796573874,0.3813559322033898,0.15631691648822268,0.2309322033898305,0.055674518201284794
0.3855932203389831,0.18201284796573874,0.3813559322033898,0.15631691648822268,0.2309322033898305,0.055674518201284794
0.3792372881355932,0.17987152034261242,0.3813559322033898,0.15631691648822268,0.2309322033898305,0.055674518201284794
0.3792372881355932,0.17987152034261242,0.3813559322033898,0.15631691648822268,0.2288135593220339,0.055674518201284794
0.3792372881355932,0.17987152034261242,0.3813559322033898,0.15417558886509636,0.2288135593220339,0.055674518201284794
0.3792372881355932,0.17987152034261242,0.3813559322033898,0.15417558886509636,0.2266949152542373,0.055674518201284794
0.3792372881355932,0.17987152034261242,0.3813559322033898,0.15417558886509636,0.2266949152542373,0.055674518201284794
0.3792372881355932,0.17987152034261242,0.3792372881355932,0.15417558886509636,0.22245762711864406,0.055674518201284794
0.3792372881355932,0.17987152034261242,0.3792372881355932,0.15417558886509636,0.22245762711864406,0.055674518201284794
0.375,0.17987152034261242,0.3792372881355932,0.15417558886509636,0.22245762711864406,0.055674518201284794
0.375,0.17987152034261242,0.3792372881355932,0.15417558886509636,0.22245762711864406,0.055674518201284794
0.375,0.17987152034261242,0.3792372881355932,0.15417558886509636,0.22245762711864406,0.055674518201284794
0.375,0.17987152034261242,0.3792372881355932,0.15417558886509636,0.22245762711864406,0.055674518201284794
0.375,0.17987152034261242,0.3771186440677966,0.15417558886509636,0.22245762711864406,0.055674518201284794
0.375,0.17987152034261242,0.3771186440677966,0.15417558886509636,0.22245762711864406,0.055674518201284794
0.375,0.17987152034261242,0.3771186440677966,0.15203426124197003,0.22033898305084745,0.055674518201284794
0.3728813559322034,0.1777301927194861,0.3771186440677966,0.15203426124197003,0.22033898305084745,0.055674518201284794
0.3728813559322034,0.1777301927194861,0.3771186440677966,0.15203426124197003,0.22033898305084745,0.055674518201284794
0.3728813559322034,0.1777301927194861,0.3771186440677966,0.15203426124197003,0.22033898305084745,0.055674518201284794
0.3728813559322034,0.1777301927194861,0.3771186440677966,0.15203426124197003,0.21822033898305085,0.055674518201284794
0.3728813559322034,0.1777301927194861,0.3771186440677966,0.15203426124197003,0.21822033898305085,0.055674518201284794
0.3728813559322034,0.1777301927194861,0.3771186440677966,0.15203426124197003,0.21822033898305085,0.055674518201284794
0.3728813559322034,0.1777301927194861,0.375,0.14989293361884368,0.21822033898305085,0.055674518201284794
0.3686440677966102,0.1777301927194861,0.375,0.14989293361884368,0.21822033898305085,0.055674518201284794
0.3686440677966102,0.1777301927194861,0.375,0.14989293361884368,0.21398305084745764,0.05353319057815846
0.3686440677966102,0.1777301927194861,0.375,0.14775160599571735,0.21398305084745764,0.05139186295503212
0.3686440677966102,0.1777301927194861,0.3728813559322034,0.14775160599571735,0.21398305084745764,0.05139186295503212
0.3686440677966102,0.1777301927194861,0.3728813559322034,0.145610278372591,0.21398305084745764,0.05139186295503212
0.3686440677966102,0.1777301927194861,0.3728813559322034,0.145610278372591,0.21398305084745764,0.05139186295503212
0.3686440677966102,0.1777301927194861,0.3707627118644068,0.14346895074946467,0.21398305084745764,0.05139186295503212
0.3665254237288136,0.1777301927194861,0.3707627118644068,0.14346895074946467,0.21398305084745764,0.04925053533190578
0.3665254237288136,0.1777301927194861,0.3707627118644068,0.14346895074946467,0.21398305084745764,0.04925053533190578
0.3665254237288136,0.1777301927194861,0.3707627118644068,0.14346895074946467,0.21398305084745764,0.04925053533190578
0.3665254237288136,0.1777301927194861,0.3707627118644068,0.14346895074946467,0.211864406779661,0.04925053533190578
0.3665254237288136,0.1777301927194861,0.3707627118644068,0.14346895074946467,0.2097457627118644,0.04925053533190578
0.3665254237288136,0.1777301927194861,0.3707627118644068,0.14346895074946467,0.2097457627118644,0.04925053533190578
0.3622881355932203,0.1777301927194861,0.3707627118644068,0.14346895074946467,0.2097457627118644,0.04925053533190578
0.3622881355932203,0.1777301927194861,0.3686440677966102,0.14346895074946467,0.2097457627118644,0.04925053533190578
0.3622881355932203,0.1777301927194861,0.3686440677966102,0.14346895074946467,0.2097457627118644,0.04925053533190578
0.3622881355932203,0.1777301927194861,0.3686440677966102,0.14346895074946467,0.2097457627118644,0.04925053533190578
0.3622881355932203,0.1777301927194861,0.3665254237288136,0.14346895074946467,0.2097457627118644,0.04925053533190578
0.3622881355932203,0.1777301927194861,0.3644067796610169,0.14346895074946467,0.2097457627118644,0.04925053533190578
0.3622881355932203,0.1777301927194861,0.3644067796610169,0.14346895074946467,0.2097457627118644,0.04925053533190578
0.3516949152542373,0.1777301927194861,0.3644067796610169,0.14346895074946467,0.2097457627118644,0.047109207708779445
0.3516949152542373,0.1777301927194861,0.3644067796610169,0.14346895074946467,0.2076271186440678,0.047109207708779445
0.3516949152542373,0.1777301927194861,0.3644067796610169,0.14346895074946467,0.2076271186440678,0.047109207708779445
0.3516949152542373,0.1777301927194861,0.3644067796610169,0.14346895074946467,0.2055084745762712,0.047109207708779445
0.3516949152542373,0.1777301927194861,0.3644067796610169,0.14346895074946467,0.2055084745762712,0.047109207708779445
0.3516949152542373,0.1777301927194861,0.3622881355932203,0.14346895074946467,0.2055084745762712,0.047109207708779445
0.3516949152542373,0.1777301927194861,0.3622881355932203,0.14346895074946467,0.2055084745762712,0.047109207708779445
0.3516949152542373,0.17558886509635974,0.3622881355932203,0.14346895074946467,0.2033898305084746,0.047109207708779445
0.3516949152542373,0.17558886509635974,0.3622881355932203,0.14346895074946467,0.20127118644067796,0.047109207708779445
0.3516949152542373,0.17558886509635974,0.3601694915254237,0.14346895074946467,0.20127118644067796,0.047109207708779445
0.3516949152542373,0.17558886509635974,0.3601694915254237,0.14346895074946467,0.20127118644067796,0.047109207708779445
0.3516949152542373,0.17558886509635974,0.3601694915254237,0.14346895074946467,0.20127118644067796,0.047109207708779445
0.3516949152542373,0.17558886509635974,0.3559322033898305,0.14346895074946467,0.20127118644067796,0.047109207708779445
0.3516949152542373,0.17558886509635974,0.3538135593220339,0.14346895074946467,0.20127118644067796,0.047109207708779445
0.3474576271186441,0.1734475374732334,0.3538135593220339,0.14346895074946467,0.20127118644067796,0.047109207708779445
0.3474576271186441,0.1734475374732334,0.3538135593220339,0.14346895074946467,0.20127118644067796,0.047109207708779445
0.3474576271186441,0.1734475374732334,0.3538135593220339,0.14132762312633834,0.20127118644067796,0.047109207708779445
0.3474576271186441,0.1734475374732334,0.3516949152542373,0.14132762312633834,0.20127118644067796,0.044967880085653104
0.3474576271186441,0.1734475374732334,0.3516949152542373,0.14132762312633834,0.20127118644067796,0.044967880085653104
0.3474576271186441,0.1734475374732334,0.3516949152542373,0.14132762312633834,0.20127118644067796,0.044967880085653104
0.3474576271186441,0.1734475374732334,0.3516949152542373,0.14132762312633834,0.20127118644067796,0.044967880085653104
0.3432203389830508,0.17130620985010706,0.3495762711864407,0.14132762312633834,0.20127118644067796,0.044967880085653104
0.3432203389830508,0.17130620985010706,0.3495762711864407,0.14132762312633834,0.20127118644067796,0.044967880085653104
0.3432203389830508,0.17130620985010706,0.3453389830508475,0.14132762312633834,0.19915254237288135,0.044967880085653104
0.3432203389830508,0.17130620985010706,0.3453389830508475,0.14132762312633834,0.19915254237288135,0.044967880085653104
0.3432203389830508,0.17130620985010706,0.3453389830508475,0.14132762312633834,0.19915254237288135,0.044967880085653104
0.3432203389830508,0.17130620985010706,0.3432203389830508,0.14132762312633834,0.19915254237288135,0.044967880085653104
0.3432203389830508,0.17130620985010706,0.3411016949152542,0.14132762312633834,0.19915254237288135,0.044967880085653104
0.3411016949152542,0.16916488222698073,0.3411016949152542,0.14132762312633834,0.19915254237288135,0.044967880085653104
0.3411016949152542,0.16916488222698073,0.3411016949152542,0.14132762312633834,0.19915254237288135,0.044967880085653104
0.3411016949152542,0.16916488222698073,0.3411016949152542,0.14132762312633834,0.19915254237288135,0.044967880085653104
0.3411016949152542,0.16916488222698073,0.3411016949152542,0.14132762312633834,0.19703389830508475,0.044967880085653104
0.3411016949152542,0.16916488222698073,0.3389830508474576,0.139186295503212,0.19491525423728814,0.044967880085653104
0.3411016949152542,0.16916488222698073,0.3389830508474576,0.139186295503212,0.19491525423728814,0.044967880085653104
0.3389830508474576,0.16488222698072805,0.3389830508474576,0.13704496788008566,0.19491525423728814,0.044967880085653104
0.3389830508474576,0.16488222698072805,0.336864406779661,0.13704496788008566,0.19491525423728814,0.044967880085653104
0.3389830508474576,0.16488222698072805,0.336864406779661,0.1349036402569593,0.19491525423728814,0.044967880085653104
0.3389830508474576,0.16488222698072805,0.336864406779661,0.1349036402569593,0.19491525423728814,0.044967880085653104
0.3389830508474576,0.16488222698072805,0.336864406779661,0.1349036402569593,0.19279661016949154,0.044967880085653104
0.3389830508474576,0.16488222698072805,0.336864406779661,0.1349036402569593,0.19279661016949154,0.044967880085653104
0.3389830508474576,0.16488222698072805,0.336864406779661,0.1349036402569593,0.19279661016949154,0.044967880085653104
0.336864406779661,0.16488222698072805,0.336864406779661,0.1349036402569593,0.19279661016949154,0.044967880085653104
0.336864406779661,0.16488222698072805,0.3347457627118644,0.1349036402569593,0.19279661016949154,0.044967880085653104
0.336864406779661,0.16488222698072805,0.3347457627118644,0.1349036402569593,0.19279661016949154,0.044967880085653104
0.336864406779661,0.16488222698072805,0.3347457627118644,0.1349036402569593,0.19279661016949154,0.044967880085653104
0.336864406779661,0.16488222698072805,0.3347457627118644,0.1349036402569593,0.19279661016949154,0.044967880085653104
0.336864406779661,0.16488222698072805,0.3347457627118644,0.1349036402569593,0.19279661016949154,0.042826552462526764
0.336864406779661,0.16488222698072805,0.3347457627118644,0.1349036402569593,0.19279661016949154,0.042826552462526764
0.3347457627118644,0.16488222698072805,0.3347457627118644,0.1349036402569593,0.19279661016949154,0.042826552462526764
0.3347457627118644,0.16488222698072805,0.3347457627118644,0.1349036402569593,0.1906779661016949,0.04068522483940043
0.3347457627118644,0.16488222698072805,0.3347457627118644,0.1349036402569593,0.1885593220338983,0.04068522483940043
0.3347457627118644,0.16488222698072805,0.3347457627118644,0.1349036402569593,0.1885593220338983,0.04068522483940043
0.3347457627118644,0.16488222698072805,0.3326271186440678,0.1349036402569593,0.1885593220338983,0.04068522483940043
0.3347457627118644,0.16488222698072805,0.3326271186440678,0.1349036402569593,0.1885593220338983,0.04068522483940043
0.3347457627118644,0.16488222698072805,0.3305084745762712,0.1349036402569593,0.1885593220338983,0.04068522483940043
0.3326271186440678,0.16488222698072805,0.3305084745762712,0.1349036402569593,0.1885593220338983,0.03854389721627409
0.3326271186440678,0.16488222698072805,0.3305084745762712,0.1349036402569593,0.1885593220338983,0.03854389721627409
0.3326271186440678,0.16488222698072805,0.3283898305084746,0.1349036402569593,0.1885593220338983,0.03854389721627409
0.3326271186440678,0.16488222698072805,0.3283898305084746,0.1349036402569593,0.1885593220338983,0.03854389721627409
0.3326271186440678,0.16488222698072805,0.3283898305084746,0.13276231263383298,0.1885593220338983,0.03854389721627409
0.3326271186440678,0.16488222698072805,0.326271186440678,0.13276231263383298,0.1885593220338983,0.03854389721627409
0.3326271186440678,0.16488222698072805,0.3241525423728814,0.13276231263383298,0.1885593220338983,0.03854389721627409
0.3283898305084746,0.16274089935760172,0.3241525423728814,0.13276231263383298,0.1885593220338983,0.03854389721627409
0.3283898305084746,0.16274089935760172,0.3220338983050847,0.13276231263383298,0.1885593220338983,0.03854389721627409
0.3283898305084746,0.16274089935760172,0.3220338983050847,0.13276231263383298,0.1864406779661017,0.03854389721627409
0.3283898305084746,0.16274089935760172,0.3199152542372881,0.13276231263383298,0.1864406779661017,0.03854389721627409
0.3283898305084746,0.16274089935760172,0.3199152542372881,0.13276231263383298,0.1864406779661017,0.03854389721627409
0.3283898305084746,0.16274089935760172,0.3199152542372881,0.13276231263383298,0.1864406779661017,0.03640256959314775
0.3283898305084746,0.16274089935760172,0.3199152542372881,0.13276231263383298,0.1843220338983051,0.034261241970021415
0.3283898305084746,0.16274089935760172,0.3199152542372881,0.13276231263383298,0.1843220338983051,0.034261241970021415
0.3283898305084746,0.16274089935760172,0.3199152542372881,0.13276231263383298,0.1843220338983051,0.034261241970021415
0.3283898305084746,0.16274089935760172,0.3199152542372881,0.13062098501070663,0.1843220338983051,0.034261241970021415
0.3283898305084746,0.16274089935760172,0.3199152542372881,0.13062098501070663,0.1843220338983051,0.034261241970021415
0.3283898305084746,0.16274089935760172,0.3199152542372881,0.13062098501070663,0.1843220338983051,0.034261241970021415
0.3283898305084746,0.16274089935760172,0.3199152542372881,0.13062098501070663,0.1843220338983051,0.034261241970021415
0.3220338983050847,0.16274089935760172,0.3177966101694915,0.13062098501070663,0.1843220338983051,0.034261241970021415
0.3220338983050847,0.16274089935760172,0.3177966101694915,0.13062098501070663,0.18220338983050846,0.034261241970021415
0.3220338983050847,0.16274089935760172,0.3177966101694915,0.13062098501070663,0.18220338983050846,0.034261241970021415
0.3220338983050847,0.16274089935760172,0.3177966101694915,0.13062098501070663,0.18220338983050846,0.034261241970021415
0.3220338983050847,0.16274089935760172,0.3156779661016949,0.13062098501070663,0.18008474576271186,0.034261241970021415
0.3220338983050847,0.16274089935760172,0.3156779661016949,0.13062098501070663,0.17796610169491525,0.034261241970021415
0.3220338983050847,0.16274089935760172,0.3135593220338983,0.13062098501070663,0.17584745762711865,0.034261241970021415
0.3156779661016949,0.15845824411134904,0.3135593220338983,0.13062098501070663,0.17584745762711865,0.034261241970021415
0.3156779661016949,0.15845824411134904,0.3114406779661017,0.13062098501070663,0.17584745762711865,0.034261241970021415
0.3156779661016949,0.15845824411134904,0.3093220338983051,0.1284796573875803,0.17584745762711865,0.034261241970021415
0.3156779661016949,0.15845824411134904,0.3093220338983051,0.12633832976445397,0.17372881355932204,0.034261241970021415
0.3156779661016949,0.15845824411134904,0.3093220338983051,0.12633832976445397,0.1716101694915254,0.034261241970021415
0.3156779661016949,0.15845824411134904,0.3093220338983051,0.12633832976445397,0.1694915254237288,0.032119914346895075
0.3156779661016949,0.15845824411134904,0.3093220338983051,0.12633832976445397,0.1694915254237288,0.032119914346895075
0.3114406779661017,0.15417558886509636,0.3093220338983051,0.12633832976445397,0.1694915254237288,0.032119914346895075
0.3114406779661017,0.15417558886509636,0.3093220338983051,0.12633832976445397,0.1694915254237288,0.032119914346895075
0.3114406779661017,0.15417558886509636,0.3093220338983051,0.12633832976445397,0.1694915254237288,0.032119914346895075
0.3114406779661017,0.15417558886509636,0.3093220338983051,0.12633832976445397,0.1694915254237288,0.032119914346895075
0.3114406779661017,0.15417558886509636,0.3093220338983051,0.12633832976445397,0.1694915254237288,0.032119914346895075
0.3114406779661017,0.15417558886509636,0.3093220338983051,0.12633832976445397,0.1694915254237288,0.032119914346895075
0.3114406779661017,0.15417558886509636,0.3093220338983051,0.12633832976445397,0.1694915254237288,0.032119914346895075
0.3093220338983051,0.15417558886509636,0.3093220338983051,0.12633832976445397,0.1694915254237288,0.032119914346895075
0.3093220338983051,0.15417558886509636,0.3072033898305085,0.12633832976445397,0.1673728813559322,0.032119914346895075
0.3093220338983051,0.15417558886509636,0.3072033898305085,0.12633832976445397,0.1673728813559322,0.032119914346895075
0.3093220338983051,0.15417558886509636,0.3072033898305085,0.12633832976445397,0.1673728813559322,0.032119914346895075
0.3093220338983051,0.15417558886509636,0.3072033898305085,0.12633832976445397,0.1673728813559322,0.032119914346895075
0.3093220338983051,0.15417558886509636,0.3072033898305085,0.12633832976445397,0.1673728813559322,0.032119914346895075
0.3093220338983051,0.15417558886509636,0.3072033898305085,0.12633832976445397,0.1652542372881356,0.032119914346895075
0.3029661016949153,0.15203426124197003,0.3050847457627119,0.12633832976445397,0.1652542372881356,0.032119914346895075
0.3029661016949153,0.15203426124197003,0.3050847457627119,0.12633832976445397,0.1652542372881356,0.032119914346895075
0.3029661016949153,0.15203426124197003,0.3029661016949153,0.12633832976445397,0.1652542372881356,0.032119914346895075
0.3029661016949153,0.15203426124197003,0.3029661016949153,0.12633832976445397,0.1652542372881356,0.032119914346895075
0.3029661016949153,0.15203426124197003,0.3029661016949153,0.12205567451820129,0.1652542372881356,0.032119914346895075
0.3029661016949153,0.15203426124197003,0.3008474576271186,0.12205567451820129,0.1652542372881356,0.029978586723768737
0.3029661016949153,0.15203426124197003,0.298728813559322,0.12205567451820129,0.1652542372881356,0.029978586723768737
0.3029661016949153,0.14989293361884368,0.2966101694915254,0.12205567451820129,0.1652542372881356,0.029978586723768737
0.3029661016949153,0.14989293361884368,0.2966101694915254,0.12205567451820129,0.1652542372881356,0.027837259100642397
0.3029661016949153,0.14989293361884368,0.2944915254237288,0.12205567451820129,0.1652542372881356,0.027837259100642397
0.3029661016949153,0.14989293361884368,0.2944915254237288,0.12205567451820129,0.1652542372881356,0.027837259100642397
0.3029661016949153,0.14989293361884368,0.2944915254237288,0.12205567451820129,0.1652542372881356,0.027837259100642397
0.3029661016949153,0.14989293361884368,0.2944915254237288,0.11991434689507495,0.1652542372881356,0.027837259100642397
0.3029661016949153,0.14989293361884368,0.2944915254237288,0.11991434689507495,0.1652542372881356,0.027837259100642397
0.3029661016949153,0.14989293361884368,0.2944915254237288,0.11991434689507495,0.1652542372881356,0.027837259100642397
0.3029661016949153,0.14989293361884368,0.2902542372881356,0.11991434689507495,0.1652542372881356,0.027837259100642397
0.3029661016949153,0.14989293361884368,0.2902542372881356,0.11991434689507495,0.1652542372881356,0.027837259100642397
0.3029661016949153,0.14989293361884368,0.2902542372881356,0.11991434689507495,0.1652542372881356,0.027837259100642397
0.3029661016949153,0.14989293361884368,0.2902542372881356,0.11991434689507495,0.163135593220339,0.027837259100642397
0.3029661016949153,0.14989293361884368,0.2902542372881356,0.11991434689507495,0.15889830508474576,0.027837259100642397
0.298728813559322,0.14775160599571735,0.288135593220339,0.11991434689507495,0.15889830508474576,0.02569593147751606
0.298728813559322,0.14775160599571735,0.288135593220339,0.11777301927194861,0.15889830508474576,0.02569593147751606
0.298728813559322,0.14775160599571735,0.288135593220339,0.11777301927194861,0.15889830508474576,0.02569593147751606
0.298728813559322,0.14775160599571735,0.288135593220339,0.11777301927194861,0.15889830508474576,0.02569593147751606
0.298728813559322,0.14775160599571735,0.2860169491525424,0.11563169164882227,0.15889830508474576,0.02569593147751606
0.298728813559322,0.14775160599571735,0.2860169491525424,0.11563169164882227,0.15889830508474576,0.02569593147751606
0.298728813559322,0.14775160599571735,0.2838983050847458,0.11563169164882227,0.15677966101694915,0.02569593147751606
0.2944915254237288,0.145610278372591,0.2838983050847458,0.11563169164882227,0.15677966101694915,0.02569593147751606
0.2944915254237288,0.145610278372591,0.2838983050847458,0.11563169164882227,0.15466101694915255,0.02569593147751606
0.2944915254237288,0.145610278372591,0.2838983050847458,0.11563169164882227,0.15466101694915255,0.02569593147751606
0.2944915254237288,0.145610278372591,0.2838983050847458,0.11563169164882227,0.15466101694915255,0.02569593147751606
0.2944915254237288,0.145610278372591,0.2817796610169492,0.11563169164882227,0.15466101694915255,0.02569593147751606
0.2944915254237288,0.145610278372591,0.2817796610169492,0.11563169164882227,0.15466101694915255,0.02569593147751606
0.2944915254237288,0.145610278372591,0.2817796610169492,0.11563169164882227,0.15466101694915255,0.023554603854389723
0.2923728813559322,0.14132762312633834,0.2817796610169492,0.11563169164882227,0.15254237288135594,0.023554603854389723
0.2923728813559322,0.14132762312633834,0.2817796610169492,0.11563169164882227,0.15254237288135594,0.023554603854389723
0.2923728813559322,0.14132762312633834,0.2817796610169492,0.11563169164882227,0.15254237288135594,0.023554603854389723
0.2923728813559322,0.14132762312633834,0.2817796610169492,0.11563169164882227,0.1504237288135593,0.023554603854389723
0.2923728813559322,0.14132762312633834,0.2817796610169492,0.11563169164882227,0.1504237288135593,0.023554603854389723
0.2923728813559322,0.14132762312633834,0.2817796610169492,0.11563169164882227,0.1504237288135593,0.023554603854389723
0.2923728813559322,0.14132762312633834,0.2817796610169492,0.11563169164882227,0.1504237288135593,0.023554603854389723
0.2923728813559322,0.14132762312633834,0.2817796610169492,0.11563169164882227,0.1504237288135593,0.023554603854389723
0.2923728813559322,0.14132762312633834,0.2817796610169492,0.11563169164882227,0.1504237288135593,0.023554603854389723
0.2923728813559322,0.14132762312633834,0.2817796610169492,0.11563169164882227,0.1504237288135593,0.023554603854389723
0.2923728813559322,0.14132762312633834,0.2817796610169492,0.11563169164882227,0.1504237288135593,0.023554603854389723
0.2923728813559322,0.14132762312633834,0.2796610169491525,0.11563169164882227,0.1504237288135593,0.023554603854389723
0.2923728813559322,0.14132762312633834,0.2796610169491525,0.11563169164882227,0.1504237288135593,0.023554603854389723
0.2923728813559322,0.14132762312633834,0.2796610169491525,0.11563169164882227,0.1504237288135593,0.023554603854389723
0.2923728813559322,0.14132762312633834,0.2796610169491525,0.11563169164882227,0.1504237288135593,0.023554603854389723
0.2923728813559322,0.14132762312633834,0.2796610169491525,0.11563169164882227,0.1504237288135593,0.023554603854389723
0.2923728813559322,0.14132762312633834,0.2796610169491525,0.11563169164882227,0.1504237288135593,0.023554603854389723
0.2923728813559322,0.14132762312633834,0.2775423728813559,0.11563169164882227,0.1504237288135593,0.023554603854389723
0.2923728813559322,0.14132762312633834,0.2754237288135593,0.11563169164882227,0.1504237288135593,0.023554603854389723
0.2923728813559322,0.14132762312633834,0.2754237288135593,0.11563169164882227,0.1504237288135593,0.023554603854389723
0.2860169491525424,0.14132762312633834,0.2754237288135593,0.11349036402569593,0.1504237288135593,0.023554603854389723
0.2860169491525424,0.14132762312633834,0.2754237288135593,0.11349036402569593,0.1504237288135593,0.023554603854389723
0.2860169491525424,0.14132762312633834,0.2754237288135593,0.11349036402569593,0.1504237288135593,0.023554603854389723
0.2860169491525424,0.14132762312633834,0.2754237288135593,0.11349036402569593,0.1504237288135593,0.023554603854389723
0.2860169491525424,0.14132762312633834,0.2754237288135593,0.11349036402569593,0.1504237288135593,0.023554603854389723
0.2860169491525424,0.14132762312633834,0.2754237288135593,0.11349036402569593,0.1504237288135593,0.023554603854389723
0.2860169491525424,0.14132762312633834,0.2733050847457627,0.11349036402569593,0.1461864406779661,0.023554603854389723
0.2838983050847458,0.14132762312633834,0.2733050847457627,0.11349036402569593,0.1461864406779661,0.023554603854389723
0.2838983050847458,0.14132762312633834,0.2711864406779661,0.11349036402569593,0.1461864406779661,0.023554603854389723
0.2838983050847458,0.14132762312633834,0.2711864406779661,0.11349036402569593,0.1461864406779661,0.023554603854389723
0.2838983050847458,0.14132762312633834,0.2711864406779661,0.11349036402569593,0.1461864406779661,0.023554603854389723
0.2838983050847458,0.14132762312633834,0.2711864406779661,0.11349036402569593,0.1461864406779661,0.023554603854389723
0.2838983050847458,0.14132762312633834,0.2711864406779661,0.11349036402569593,0.1461864406779661,0.023554603854389723
0.2838983050847458,0.14132762312633834,0.2711864406779661,0.11349036402569593,0.1461864406779661,0.023554603854389723
0.2817796610169492,0.13704496788008566,0.2711864406779661,0.11349036402569593,0.1440677966101695,0.023554603854389723
0.2817796610169492,0.13704496788008566,0.2711864406779661,0.11349036402569593,0.1440677966101695,0.023554603854389723
0.2817796610169492,0.13704496788008566,0.2690677966101695,0.11349036402569593,0.1419491525423729,0.023554603854389723
0.2817796610169492,0.13704496788008566,0.2690677966101695,0.11349036402569593,0.13983050847457626,0.023554603854389723
0.2817796610169492,0.13704496788008566,0.2690677966101695,0.11349036402569593,0.13983050847457626,0.023554603854389723
0.2817796610169492,0.13704496788008566,0.2690677966101695,0.11349036402569593,0.13983050847457626,0.023554603854389723
0.2817796610169492,0.13704496788008566,0.2690677966101695,0.11349036402569593,0.13983050847457626,0.023554603854389723
0.2796610169491525,0.13704496788008566,0.2690677966101695,0.11349036402569593,0.13983050847457626,0.023554603854389723
0.2796610169491525,0.13704496788008566,0.2669491525423729,0.11349036402569593,0.13983050847457626,0.023554603854389723
0.2796610169491525,0.13704496788008566,0.2648305084745763,0.11134903640256959,0.13983050847457626,0.023554603854389723
0.2796610169491525,0.13704496788008566,0.2627118644067797,0.11134903640256959,0.13983050847457626,0.023554603854389723
0.2796610169491525,0.13704496788008566,0.2627118644067797,0.11134903640256959,0.13983050847457626,0.023554603854389723
0.2796610169491525,0.13704496788008566,0.2627118644067797,0.11134903640256959,0.13983050847457626,0.023554603854389723
0.2796610169491525,0.13704496788008566,0.2627118644067797,0.11134903640256959,0.13771186440677965,0.023554603854389723
0.2754237288135593,0.13276231263383298,0.2627118644067797,0.11134903640256959,0.13771186440677965,0.023554603854389723
0.2754237288135593,0.13276231263383298,0.2627118644067797,0.11134903640256959,0.13771186440677965,0.023554603854389723
0.2754237288135593,0.13276231263383298,0.2627118644067797,0.10920770877944326,0.13771186440677965,0.023554603854389723
0.2754237288135593,0.13276231263383298,0.2627118644067797,0.10920770877944326,0.13771186440677965,0.023554603854389723
0.2754237288135593,0.13276231263383298,0.2627118644067797,0.10920770877944326,0.13771186440677965,0.023554603854389723
0.2754237288135593,0.13276231263383298,0.2627118644067797,0.10920770877944326,0.13771186440677965,0.023554603854389723
0.2754237288135593,0.13276231263383298,0.2605932203389831,0.10920770877944326,0.13559322033898305,0.023554603854389723
0.2711864406779661,0.13276231263383298,0.2605932203389831,0.10920770877944326,0.13559322033898305,0.023554603854389723
0.2711864406779661,0.13276231263383298,0.2584745762711864,0.10706638115631692,0.13559322033898305,0.023554603854389723
0.2711864406779661,0.13276231263383298,0.2584745762711864,0.10706638115631692,0.13559322033898305,0.023554603854389723
0.2711864406779661,0.13276231263383298,0.2584745762711864,0.10492505353319058,0.13559322033898305,0.023554603854389723
0.2711864406779661,0.13276231263383298,0.2584745762711864,0.10492505353319058,0.13559322033898305,0.023554603854389723
0.2711864406779661,0.13276231263383298,0.2584745762711864,0.10278372591006424,0.13559322033898305,0.023554603854389723
0.2711864406779661,0.13062098501070663,0.2584745762711864,0.10278372591006424,0.13559322033898305,0.023554603854389723
0.2711864406779661,0.13062098501070663,0.2584745762711864,0.10278372591006424,0.13559322033898305,0.023554603854389723
0.2711864406779661,0.13062098501070663,0.2584745762711864,0.09850107066381156,0.13559322033898305,0.023554603854389723
0.2711864406779661,0.13062098501070663,0.2584745762711864,0.09850107066381156,0.13559322033898305,0.023554603854389723
0.2711864406779661,0.13062098501070663,0.2584745762711864,0.09850107066381156,0.13559322033898305,0.023554603854389723
0.2711864406779661,0.13062098501070663,0.2584745762711864,0.09850107066381156,0.13347457627118645,0.023554603854389723
0.2711864406779661,0.13062098501070663,0.2584745762711864,0.09850107066381156,0.13347457627118645,0.023554603854389723
0.2711864406779661,0.1284796573875803,0.2584745762711864,0.09850107066381156,0.13347457627118645,0.023554603854389723
0.2711864406779661,0.1284796573875803,0.2584745762711864,0.09850107066381156,0.13347457627118645,0.023554603854389723
0.2711864406779661,0.1284796573875803,0.2542372881355932,0.09850107066381156,0.13347457627118645,0.023554603854389723
0.2711864406779661,0.1284796573875803,0.2542372881355932,0.09850107066381156,0.13347457627118645,0.023554603854389723
0.2711864406779661,0.1284796573875803,0.2542372881355932,0.09850107066381156,0.13347457627118645,0.023554603854389723
0.2711864406779661,0.1284796573875803,0.2542372881355932,0.09850107066381156,0.13347457627118645,0.023554603854389723
0.2711864406779661,0.1284796573875803,0.2542372881355932,0.09850107066381156,0.13135593220338984,0.023554603854389723
0.2669491525423729,0.1284796573875803,0.2542372881355932,0.09850107066381156,0.13135593220338984,0.023554603854389723
0.2669491525423729,0.1284796573875803,0.2542372881355932,0.09850107066381156,0.13135593220338984,0.023554603854389723
0.2669491525423729,0.1284796573875803,0.2542372881355932,0.09850107066381156,0.13135593220338984,0.023554603854389723
0.2669491525423729,0.1284796573875803,0.2542372881355932,0.09850107066381156,0.13135593220338984,0.023554603854389723
0.2669491525423729,0.1284796573875803,0.2521186440677966,0.09850107066381156,0.13135593220338984,0.021413276231263382
0.2669491525423729,0.1284796573875803,0.25,0.09850107066381156,0.13135593220338984,0.021413276231263382
0.2669491525423729,0.1284796573875803,0.25,0.09850107066381156,0.13135593220338984,0.021413276231263382
0.2648305084745763,0.12419700214132762,0.25,0.09850107066381156,0.13135593220338984,0.021413276231263382
0.2648305084745763,0.12419700214132762,0.25,0.09850107066381156,0.13135593220338984,0.021413276231263382
0.2648305084745763,0.12419700214132762,0.25,0.09850107066381156,0.13135593220338984,0.021413276231263382
0.2648305084745763,0.12419700214132762,0.25,0.09850107066381156,0.13135593220338984,0.021413276231263382
0.2648305084745763,0.12419700214132762,0.25,0.09635974304068523,0.1292372881355932,0.021413276231263382
0.2648305084745763,0.12419700214132762,0.25,0.09635974304068523,0.1292372881355932,0.021413276231263382
0.2648305084745763,0.12419700214132762,0.25,0.09635974304068523,0.1292372881355932,0.021413276231263382
0.2605932203389831,0.12419700214132762,0.25,0.08993576017130621,0.1292372881355932,0.021413276231263382
0.2605932203389831,0.12419700214132762,0.25,0.08993576017130621,0.1292372881355932,0.021413276231263382
0.2605932203389831,0.12419700214132762,0.25,0.08993576017130621,0.1292372881355932,0.021413276231263382
0.2605932203389831,0.12419700214132762,0.25,0.08993576017130621,0.1292372881355932,0.021413276231263382
0.2605932203389831,0.12419700214132762,0.25,0.08993576017130621,0.1292372881355932,0.021413276231263382
0.2605932203389831,0.12419700214132762,0.25,0.08993576017130621,0.1292372881355932,0.021413276231263382
0.2605932203389831,0.12419700214132762,0.2478813559322034,0.08993576017130621,0.1271186440677966,0.021413276231263382
0.2584745762711864,0.12419700214132762,0.2478813559322034,0.08779443254817987,0.1271186440677966,0.021413276231263382
0.2584745762711864,0.12419700214132762,0.2478813559322034,0.08779443254817987,0.1271186440677966,0.021413276231263382
0.2584745762711864,0.12419700214132762,0.2457627118644068,0.08779443254817987,0.1271186440677966,0.021413276231263382
0.2584745762711864,0.12419700214132762,0.2457627118644068,0.08779443254817987,0.1271186440677966,0.021413276231263382
0.2584745762711864,0.12419700214132762,0.2457627118644068,0.08779443254817987,0.1271186440677966,0.021413276231263382
0.2584745762711864,0.12419700214132762,0.2457627118644068,0.08779443254817987,0.1271186440677966,0.021413276231263382
0.2521186440677966,0.11991434689507495,0.2457627118644068,0.08779443254817987,0.1271186440677966,0.021413276231263382
0.2521186440677966,0.11991434689507495,0.2457627118644068,0.08779443254817987,0.1271186440677966,0.021413276231263382
0.2521186440677966,0.11991434689507495,0.24364406779661016,0.08779443254817987,0.1271186440677966,0.021413276231263382
0.2521186440677966,0.11991434689507495,0.24364406779661016,0.08779443254817987,0.1271186440677966,0.021413276231263382
0.2521186440677966,0.11991434689507495,0.24364406779661016,0.08779443254817987,0.1271186440677966,0.021413276231263382
0.2521186440677966,0.11991434689507495,0.24364406779661016,0.08779443254817987,0.125,0.021413276231263382
0.2521186440677966,0.11991434689507495,0.24364406779661016,0.08779443254817987,0.125,0.021413276231263382
0.2521186440677966,0.11991434689507495,0.24364406779661016,0.08779443254817987,0.125,0.021413276231263382
0.2521186440677966,0.11991434689507495,0.24364406779661016,0.08779443254817987,0.125,0.021413276231263382
0.2521186440677966,0.11991434689507495,0.24364406779661016,0.08779443254817987,0.125,0.021413276231263382
0.2521186440677966,0.11991434689507495,0.24364406779661016,0.08779443254817987,0.1228813559322034,0.021413276231263382
0.2521186440677966,0.11991434689507495,0.24152542372881355,0.08779443254817987,0.1228813559322034,0.021413276231263382
0.2521186440677966,0.11991434689507495,0.24152542372881355,0.08779443254817987,0.1228813559322034,0.021413276231263382
0.2521186440677966,0.11991434689507495,0.24152542372881355,0.08779443254817987,0.1228813559322034,0.021413276231263382
0.2521186440677966,0.11991434689507495,0.24152542372881355,0.08779443254817987,0.1228813559322034,0.021413276231263382
0.2521186440677966,0.11991434689507495,0.23940677966101695,0.08779443254817987,0.1228813559322034,0.019271948608137045
0.2521186440677966,0.11991434689507495,0.23940677966101695,0.08779443254817987,0.1228813559322034,0.019271948608137045
0.2521186440677966,0.11991434689507495,0.23940677966101695,0.08779443254817987,0.1228813559322034,0.019271948608137045
0.2521186440677966,0.11991434689507495,0.23940677966101695,0.08779443254817987,0.1228813559322034,0.019271948608137045
0.2521186440677966,0.11991434689507495,0.23940677966101695,0.08779443254817987,0.1228813559322034,0.019271948608137045
0.2521186440677966,0.11991434689507495,0.23728813559322035,0.08779443254817987,0.1228813559322034,0.019271948608137045
0.25,0.11563169164882227,0.23728813559322035,0.08779443254817987,0.1228813559322034,0.019271948608137045
0.25,0.11563169164882227,0.23728813559322035,0.08779443254817987,0.1228813559322034,0.019271948608137045
0.25,0.11563169164882227,0.23728813559322035,0.08779443254817987,0.1228813559322034,0.019271948608137045
0.25,0.11563169164882227,0.23728813559322035,0.08779443254817987,0.1228813559322034,0.019271948608137045
0.25,0.11563169164882227,0.23728813559322035,0.08565310492505353,0.1228813559322034,0.019271948608137045
0.25,0.11563169164882227,0.23516949152542374,0.08565310492505353,0.1228813559322034,0.019271948608137045
0.25,0.11563169164882227,0.23516949152542374,0.08565310492505353,0.12076271186440678,0.019271948608137045
0.2478813559322034,0.11349036402569593,0.23516949152542374,0.08565310492505353,0.12076271186440678,0.019271948608137045
0.2478813559322034,0.11349036402569593,0.23516949152542374,0.08565310492505353,0.12076271186440678,0.019271948608137045
0.2478813559322034,0.11349036402569593,0.23516949152542374,0.08565310492505353,0.12076271186440678,0.019271948608137045
0.2478813559322034,0.11349036402569593,0.23516949152542374,0.08565310492505353,0.12076271186440678,0.019271948608137045
0.2478813559322034,0.11349036402569593,0.23516949152542374,0.08565310492505353,0.12076271186440678,0.019271948608137045
0.2478813559322034,0.11349036402569593,0.23516949152542374,0.08565310492505353,0.12076271186440678,0.019271948608137045
0.2478813559322034,0.11349036402569593,0.23516949152542374,0.08565310492505353,0.12076271186440678,0.019271948608137045
0.2457627118644068,0.11349036402569593,0.23516949152542374,0.08565310492505353,0.12076271186440678,0.019271948608137045
0.2457627118644068,0.11349036402569593,0.23516949152542374,0.08565310492505353,0.12076271186440678,0.019271948608137045
0.2457627118644068,0.11349036402569593,0.23516949152542374,0.08565310492505353,0.12076271186440678,0.019271948608137045
0.2457627118644068,0.11349036402569593,0.2330508474576271,0.08565310492505353,0.12076271186440678,0.019271948608137045
0.2457627118644068,0.11349036402569593,0.2330508474576271,0.08565310492505353,0.11864406779661017,0.019271948608137045
0.2457627118644068,0.11349036402569593,0.2309322033898305,0.08565310492505353,0.11864406779661017,0.019271948608137045
0.2457627118644068,0.11349036402569593,0.2309322033898305,0.0835117773019272,0.11864406779661017,0.019271948608137045
0.24364406779661016,0.10920770877944326,0.2288135593220339,0.0835117773019272,0.11864406779661017,0.019271948608137045
0.24364406779661016,0.10920770877944326,0.2288135593220339,0.0835117773019272,0.11652542372881355,0.019271948608137045
0.24364406779661016,0.10920770877944326,0.2288135593220339,0.08137044967880086,0.11652542372881355,0.019271948608137045
0.24364406779661016,0.10920770877944326,0.2288135593220339,0.08137044967880086,0.11652542372881355,0.019271948608137045
0.24364406779661016,0.10920770877944326,0.2266949152542373,0.08137044967880086,0.11652542372881355,0.019271948608137045
0.24364406779661016,0.10920770877944326,0.2245762711864407,0.08137044967880086,0.11652542372881355,0.019271948608137045
0.24152542372881355,0.10492505353319058,0.2245762711864407,0.08137044967880086,0.11652542372881355,0.019271948608137045
0.24152542372881355,0.10492505353319058,0.2245762711864407,0.08137044967880086,0.11440677966101695,0.019271948608137045
0.24152542372881355,0.10492505353319058,0.2245762711864407,0.08137044967880086,0.11440677966101695,0.019271948608137045
0.24152542372881355,0.10492505353319058,0.22245762711864406,0.08137044967880086,0.11440677966101695,0.019271948608137045
0.24152542372881355,0.10492505353319058,0.22245762711864406,0.08137044967880086,0.11440677966101695,0.019271948608137045
0.24152542372881355,0.10492505353319058,0.22245762711864406,0.08137044967880086,0.11440677966101695,0.019271948608137045
0.24152542372881355,0.10492505353319058,0.22245762711864406,0.08137044967880086,0.11440677966101695,0.019271948608137045
0.24152542372881355,0.10278372591006424,0.22245762711864406,0.08137044967880086,0.11440677966101695,0.019271948608137045
0.24152542372881355,0.10278372591006424,0.22245762711864406,0.08137044967880086,0.11440677966101695,0.019271948608137045
0.24152542372881355,0.10278372591006424,0.22245762711864406,0.08137044967880086,0.11440677966101695,0.019271948608137045
0.24152542372881355,0.10278372591006424,0.22245762711864406,0.08137044967880086,0.11228813559322035,0.019271948608137045
0.24152542372881355,0.10278372591006424,0.22245762711864406,0.08137044967880086,0.11228813559322035,0.019271948608137045
0.24152542372881355,0.10278372591006424,0.22245762711864406,0.08137044967880086,0.11228813559322035,0.019271948608137045
0.24152542372881355,0.10278372591006424,0.22245762711864406,0.08137044967880086,0.11228813559322035,0.019271948608137045
0.23940677966101695,0.10278372591006424,0.22245762711864406,0.08137044967880086,0.11228813559322035,0.019271948608137045
0.23940677966101695,0.10278372591006424,0.22033898305084745,0.08137044967880086,0.11228813559322035,0.019271948608137045
0.23940677966101695,0.10278372591006424,0.22033898305084745,0.07922912205567452,0.11228813559322035,0.019271948608137045
0.23940677966101695,0.10278372591006424,0.22033898305084745,0.07922912205567452,0.11228813559322035,0.019271948608137045
0.23940677966101695,0.10278372591006424,0.22033898305084745,0.07922912205567452,0.11016949152542373,0.019271948608137045
0.23940677966101695,0.10278372591006424,0.22033898305084745,0.07922912205567452,0.11016949152542373,0.019271948608137045
0.23940677966101695,0.10278372591006424,0.22033898305084745,0.07922912205567452,0.11016949152542373,0.019271948608137045
0.23940677966101695,0.10278372591006424,0.22033898305084745,0.07922912205567452,0.10805084745762712,0.019271948608137045
0.23940677966101695,0.10278372591006424,0.22033898305084745,0.07922912205567452,0.10805084745762712,0.019271948608137045
0.23940677966101695,0.10278372591006424,0.22033898305084745,0.07922912205567452,0.10805084745762712,0.019271948608137045
0.23940677966101695,0.10278372591006424,0.22033898305084745,0.07922912205567452,0.10805084745762712,0.019271948608137045
0.23940677966101695,0.10278372591006424,0.22033898305084745,0.07708779443254818,0.10805084745762712,0.019271948608137045
0.23940677966101695,0.10278372591006424,0.21822033898305085,0.07708779443254818,0.10805084745762712,0.019271948608137045
0.23940677966101695,0.10278372591006424,0.21610169491525424,0.07708779443254818,0.10805084745762712,0.019271948608137045
0.23940677966101695,0.09850107066381156,0.21398305084745764,0.07708779443254818,0.1059322033898305,0.019271948608137045
0.23940677966101695,0.09850107066381156,0.21398305084745764,0.07708779443254818,0.1059322033898305,0.019271948608137045
0.23940677966101695,0.09850107066381156,0.21398305084745764,0.07708779443254818,0.1059322033898305,0.019271948608137045
0.23940677966101695,0.09850107066381156,0.21398305084745764,0.07708779443254818,0.1059322033898305,0.017130620985010708
0.23940677966101695,0.09850107066381156,0.21398305084745764,0.07708779443254818,0.1059322033898305,0.017130620985010708
0.23940677966101695,0.09850107066381156,0.21398305084745764,0.07494646680942184,0.1059322033898305,0.017130620985010708
0.23940677966101695,0.09850107066381156,0.21398305084745764,0.07494646680942184,0.1059322033898305,0.017130620985010708
0.23728813559322035,0.09635974304068523,0.21398305084745764,0.0728051391862955,0.1059322033898305,0.014989293361884369
0.23728813559322035,0.09635974304068523,0.21398305084745764,0.07066381156316917,0.1038135593220339,0.014989293361884369
0.23728813559322035,0.09635974304068523,0.21398305084745764,0.07066381156316917,0.1038135593220339,0.014989293361884369
0.23728813559322035,0.09635974304068523,0.211864406779661,0.07066381156316917,0.1038135593220339,0.014989293361884369
0.23728813559322035,0.09635974304068523,0.211864406779661,0.07066381156316917,0.1038135593220339,0.014989293361884369
0.23728813559322035,0.09635974304068523,0.211864406779661,0.07066381156316917,0.1038135593220339,0.014989293361884369
0.23728813559322035,0.09421841541755889,0.211864406779661,0.07066381156316917,0.1038135593220339,0.014989293361884369
0.23728813559322035,0.09421841541755889,0.211864406779661,0.07066381156316917,0.1038135593220339,0.014989293361884369
0.23728813559322035,0.09421841541755889,0.211864406779661,0.07066381156316917,0.1038135593220339,0.014989293361884369
0.23728813559322035,0.09421841541755889,0.2097457627118644,0.07066381156316917,0.1038135593220339,0.014989293361884369
0.23728813559322035,0.09421841541755889,0.2097457627118644,0.07066381156316917,0.1038135593220339,0.014989293361884369
0.23728813559322035,0.09421841541755889,0.2097457627118644,0.07066381156316917,0.1038135593220339,0.014989293361884369
0.23728813559322035,0.09421841541755889,0.2097457627118644,0.07066381156316917,0.1038135593220339,0.014989293361884369
0.23516949152542374,0.09421841541755889,0.2097457627118644,0.07066381156316917,0.1038135593220339,0.014989293361884369
0.23516949152542374,0.09421841541755889,0.2097457627118644,0.07066381156316917,0.1038135593220339,0.014989293361884369
0.23516949152542374,0.09421841541755889,0.2097457627118644,0.07066381156316917,0.1038135593220339,0.014989293361884369
0.23516949152542374,0.09421841541755889,0.2097457627118644,0.07066381156316917,0.1038135593220339,0.014989293361884369
0.23516949152542374,0.09421841541755889,0.2076271186440678,0.07066381156316917,0.1038135593220339,0.014989293361884369
0.23516949152542374,0.09421841541755889,0.2076271186440678,0.07066381156316917,0.09957627118644068,0.014989293361884369
0.23516949152542374,0.09421841541755889,0.2076271186440678,0.07066381156316917,0.09957627118644068,0.014989293361884369
0.2330508474576271,0.09421841541755889,0.2055084745762712,0.07066381156316917,0.09957627118644068,0.014989293361884369
0.2330508474576271,0.09421841541755889,0.2055084745762712,0.07066381156316917,0.09957627118644068,0.014989293361884369
0.2330508474576271,0.09421841541755889,0.2055084745762712,0.07066381156316917,0.09957627118644068,0.014989293361884369
0.2330508474576271,0.09421841541755889,0.2055084745762712,0.07066381156316917,0.09957627118644068,0.014989293361884369
0.2330508474576271,0.09421841541755889,0.2055084745762712,0.07066381156316917,0.09957627118644068,0.014989293361884369
0.2330508474576271,0.09421841541755889,0.2033898305084746,0.07066381156316917,0.09957627118644068,0.014989293361884369
0.2330508474576271,0.09421841541755889,0.2033898305084746,0.06852248394004283,0.09957627118644068,0.014989293361884369
0.2309322033898305,0.09421841541755889,0.2033898305084746,0.06852248394004283,0.09957627118644068,0.014989293361884369
0.2309322033898305,0.09421841541755889,0.2033898305084746,0.06852248394004283,0.09957627118644068,0.014989293361884369
0.2309322033898305,0.09421841541755889,0.20127118644067796,0.06852248394004283,0.09957627118644068,0.014989293361884369
0.2309322033898305,0.09421841541755889,0.20127118644067796,0.06852248394004283,0.09957627118644068,0.014989293361884369
0.2309322033898305,0.09421841541755889,0.20127118644067796,0.06852248394004283,0.09957627118644068,0.014989293361884369
0.2309322033898305,0.09421841541755889,0.20127118644067796,0.06852248394004283,0.09957627118644068,0.014989293361884369
0.2309322033898305,0.09421841541755889,0.20127118644067796,0.06852248394004283,0.09957627118644068,0.014989293361884369
0.2309322033898305,0.09207708779443255,0.20127118644067796,0.06852248394004283,0.09745762711864407,0.014989293361884369
0.2309322033898305,0.09207708779443255,0.20127118644067796,0.06852248394004283,0.09745762711864407,0.014989293361884369
0.2309322033898305,0.09207708779443255,0.20127118644067796,0.06638115631691649,0.09745762711864407,0.014989293361884369
0.2309322033898305,0.09207708779443255,0.20127118644067796,0.06638115631691649,0.09745762711864407,0.014989293361884369
0.2309322033898305,0.09207708779443255,0.20127118644067796,0.06423982869379015,0.09745762711864407,0.014989293361884369
0.2309322033898305,0.09207708779443255,0.20127118644067796,0.06423982869379015,0.09533898305084745,0.014989293361884369
0.2309322033898305,0.09207708779443255,0.20127118644067796,0.06423982869379015,0.09533898305084745,0.014989293361884369
0.2266949152542373,0.09207708779443255,0.20127118644067796,0.06423982869379015,0.09533898305084745,0.014989293361884369
0.2266949152542373,0.09207708779443255,0.20127118644067796,0.06423982869379015,0.09533898305084745,0.014989293361884369
0.2266949152542373,0.09207708779443255,0.20127118644067796,0.06423982869379015,0.09533898305084745,0.014989293361884369
0.2266949152542373,0.09207708779443255,0.20127118644067796,0.06423982869379015,0.09533898305084745,0.014989293361884369
0.2266949152542373,0.09207708779443255,0.20127118644067796,0.06423982869379015,0.09533898305084745,0.014989293361884369
0.2266949152542373,0.09207708779443255,0.20127118644067796,0.06423982869379015,0.09533898305084745,0.014989293361884369
0.2266949152542373,0.08993576017130621,0.20127118644067796,0.06423982869379015,0.09533898305084745,0.014989293361884369
0.2266949152542373,0.08993576017130621,0.20127118644067796,0.06423982869379015,0.09322033898305085,0.01284796573875803
0.2266949152542373,0.08993576017130621,0.20127118644067796,0.06423982869379015,0.09322033898305085,0.010706638115631691
0.2266949152542373,0.08993576017130621,0.20127118644067796,0.06423982869379015,0.09322033898305085,0.010706638115631691
0.2266949152542373,0.08993576017130621,0.19703389830508475,0.06423982869379015,0.09322033898305085,0.010706638115631691
0.2266949152542373,0.08993576017130621,0.19703389830508475,0.06423982869379015,0.09110169491525423,0.010706638115631691
0.2266949152542373,0.08993576017130621,0.19703389830508475,0.06423982869379015,0.09110169491525423,0.010706638115631691
0.22245762711864406,0.08779443254817987,0.19703389830508475,0.06423982869379015,0.09110169491525423,0.010706638115631691
0.22245762711864406,0.08779443254817987,0.19703389830508475,0.06423982869379015,0.09110169491525423,0.010706638115631691
0.22245762711864406,0.08779443254817987,0.19491525423728814,0.06423982869379015,0.09110169491525423,0.010706638115631691
0.22245762711864406,0.08779443254817987,0.19491525423728814,0.06423982869379015,0.09110169491525423,0.010706638115631691
0.22245762711864406,0.08779443254817987,0.19491525423728814,0.06423982869379015,0.09110169491525423,0.010706638115631691
0.22245762711864406,0.08779443254817987,0.19491525423728814,0.06423982869379015,0.09110169491525423,0.010706638115631691
0.22245762711864406,0.08779443254817987,0.19491525423728814,0.06423982869379015,0.08898305084745763,0.010706638115631691
0.21822033898305085,0.0835117773019272,0.19491525423728814,0.06209850107066381,0.08898305084745763,0.010706638115631691
0.21822033898305085,0.0835117773019272,0.19279661016949154,0.06209850107066381,0.08898305084745763,0.010706638115631691
0.21822033898305085,0.0835117773019272,0.19279661016949154,0.06209850107066381,0.08898305084745763,0.010706638115631691
0.21822033898305085,0.0835117773019272,0.19279661016949154,0.06209850107066381,0.08898305084745763,0.010706638115631691
0.21822033898305085,0.0835117773019272,0.19279661016949154,0.06209850107066381,0.08898305084745763,0.010706638115631691
0.21822033898305085,0.0835117773019272,0.1906779661016949,0.06209850107066381,0.08898305084745763,0.010706638115631691
0.21822033898305085,0.0835117773019272,0.1906779661016949,0.06209850107066381,0.08898305084745763,0.010706638115631691
0.21398305084745764,0.0835117773019272,0.1906779661016949,0.06209850107066381,0.08898305084745763,0.010706638115631691
0.21398305084745764,0.0835117773019272,0.1906779661016949,0.06209850107066381,0.08898305084745763,0.010706638115631691
0.21398305084745764,0.0835117773019272,0.1885593220338983,0.06209850107066381,0.08898305084745763,0.010706638115631691
0.21398305084745764,0.0835117773019272,0.1885593220338983,0.06209850107066381,0.08898305084745763,0.008565310492505354
0.21398305084745764,0.0835117773019272,0.1885593220338983,0.06209850107066381,0.08898305084745763,0.008565310492505354
0.21398305084745764,0.0835117773019272,0.1885593220338983,0.06209850107066381,0.08898305084745763,0.008565310492505354
0.21398305084745764,0.0835117773019272,0.1885593220338983,0.06209850107066381,0.08898305084745763,0.008565310492505354
0.211864406779661,0.08137044967880086,0.1885593220338983,0.06209850107066381,0.08898305084745763,0.008565310492505354
0.211864406779661,0.08137044967880086,0.1864406779661017,0.06209850107066381,0.08686440677966102,0.008565310492505354
0.211864406779661,0.08137044967880086,0.1864406779661017,0.06209850107066381,0.0847457627118644,0.008565310492505354
0.211864406779661,0.08137044967880086,0.1864406779661017,0.06209850107066381,0.0847457627118644,0.008565310492505354
0.211864406779661,0.08137044967880086,0.1864406779661017,0.06209850107066381,0.0826271186440678,0.008565310492505354
0.211864406779661,0.08137044967880086,0.1864406779661017,0.06209850107066381,0.0826271186440678,0.008565310492505354
0.211864406779661,0.08137044967880086,0.1864406779661017,0.06209850107066381,0.0826271186440678,0.008565310492505354
0.2076271186440678,0.07922912205567452,0.1864406779661017,0.06209850107066381,0.0826271186440678,0.008565310492505354
0.2076271186440678,0.07922912205567452,0.1864406779661017,0.06209850107066381,0.0826271186440678,0.008565310492505354
0.2076271186440678,0.07922912205567452,0.1864406779661017,0.06209850107066381,0.0826271186440678,0.008565310492505354
0.2076271186440678,0.07922912205567452,0.1864406779661017,0.06209850107066381,0.0826271186440678,0.008565310492505354
0.2076271186440678,0.07922912205567452,0.1864406779661017,0.06209850107066381,0.0826271186440678,0.008565310492505354
0.2076271186440678,0.07922912205567452,0.1864406779661017,0.06209850107066381,0.08050847457627118,0.008565310492505354
0.2055084745762712,0.07494646680942184,0.1864406779661017,0.06209850107066381,0.07838983050847458,0.008565310492505354
0.2055084745762712,0.07494646680942184,0.1864406779661017,0.06209850107066381,0.07838983050847458,0.008565310492505354
0.2055084745762712,0.07494646680942184,0.1864406779661017,0.06209850107066381,0.07838983050847458,0.008565310492505354
0.2055084745762712,0.07494646680942184,0.1864406779661017,0.06209850107066381,0.07838983050847458,0.008565310492505354
0.2055084745762712,0.07494646680942184,0.18220338983050846,0.06209850107066381,0.07838983050847458,0.008565310492505354
0.2055084745762712,0.07494646680942184,0.18220338983050846,0.06209850107066381,0.07838983050847458,0.008565310492505354
0.2055084745762712,0.07494646680942184,0.18008474576271186,0.06209850107066381,0.07838983050847458,0.008565310492505354
0.2055084745762712,0.0728051391862955,0.18008474576271186,0.06209850107066381,0.07838983050847458,0.008565310492505354
0.2055084745762712,0.0728051391862955,0.17796610169491525,0.06209850107066381,0.07838983050847458,0.008565310492505354
0.2055084745762712,0.0728051391862955,0.17372881355932204,0.059957173447537475,0.07838983050847458,0.008565310492505354
0.2055084745762712,0.0728051391862955,0.17372881355932204,0.059957173447537475,0.07838983050847458,0.008565310492505354
0.2055084745762712,0.0728051391862955,0.17372881355932204,0.059957173447537475,0.07627118644067797,0.008565310492505354
0.2055084745762712,0.0728051391862955,0.17372881355932204,0.059957173447537475,0.07627118644067797,0.008565310492505354
0.2055084745762712,0.0728051391862955,0.17372881355932204,0.059957173447537475,0.07627118644067797,0.008565310492505354
0.2055084745762712,0.07066381156316917,0.17372881355932204,0.059957173447537475,0.07627118644067797,0.008565310492505354
0.2055084745762712,0.07066381156316917,0.1716101694915254,0.059957173447537475,0.07627118644067797,0.008565310492505354
0.2055084745762712,0.07066381156316917,0.1716101694915254,0.057815845824411134,0.07627118644067797,0.008565310492505354
0.2055084745762712,0.07066381156316917,0.1716101694915254,0.057815845824411134,0.07627118644067797,0.008565310492505354
0.2055084745762712,0.07066381156316917,0.1716101694915254,0.057815845824411134,0.07627118644067797,0.008565310492505354
0.2055084745762712,0.07066381156316917,0.1716101694915254,0.057815845824411134,0.07627118644067797,0.008565310492505354
0.2055084745762712,0.07066381156316917,0.1716101694915254,0.057815845824411134,0.07627118644067797,0.008565310492505354
0.2055084745762712,0.07066381156316917,0.1716101694915254,0.057815845824411134,0.07627118644067797,0.008565310492505354
0.2055084745762712,0.07066381156316917,0.1716101694915254,0.057815845824411134,0.07415254237288135,0.008565310492505354
0.2055084745762712,0.07066381156316917,0.1716101694915254,0.057815845824411134,0.07415254237288135,0.006423982869379015
0.2055084745762712,0.07066381156316917,0.1716101694915254,0.057815845824411134,0.07203389830508475,0.006423982869379015
0.2055084745762712,0.07066381156316917,0.1716101694915254,0.057815845824411134,0.07203389830508475,0.006423982869379015
0.2055084745762712,0.07066381156316917,0.1716101694915254,0.057815845824411134,0.07203389830508475,0.006423982869379015
0.2055084745762712,0.07066381156316917,0.1716101694915254,0.057815845824411134,0.07203389830508475,0.006423982869379015
0.20127118644067796,0.07066381156316917,0.1673728813559322,0.057815845824411134,0.07203389830508475,0.006423982869379015
0.20127118644067796,0.07066381156316917,0.1673728813559322,0.055674518201284794,0.07203389830508475,0.006423982869379015
0.20127118644067796,0.07066381156316917,0.1673728813559322,0.055674518201284794,0.07203389830508475,0.006423982869379015
0.20127118644067796,0.07066381156316917,0.1673728813559322,0.055674518201284794,0.07203389830508475,0.006423982869379015
0.20127118644067796,0.07066381156316917,0.1673728813559322,0.055674518201284794,0.07203389830508475,0.006423982869379015
0.20127118644067796,0.07066381156316917,0.1652542372881356,0.055674518201284794,0.07203389830508475,0.006423982869379015
0.20127118644067796,0.07066381156316917,0.1652542372881356,0.055674518201284794,0.07203389830508475,0.006423982869379015
0.20127118644067796,0.07066381156316917,0.1652542372881356,0.055674518201284794,0.07203389830508475,0.006423982869379015
0.20127118644067796,0.07066381156316917,0.1652542372881356,0.055674518201284794,0.07203389830508475,0.006423982869379015
0.20127118644067796,0.07066381156316917,0.1652542372881356,0.055674518201284794,0.07203389830508475,0.006423982869379015
0.20127118644067796,0.07066381156316917,0.163135593220339,0.055674518201284794,0.07203389830508475,0.006423982869379015
0.20127118644067796,0.07066381156316917,0.163135593220339,0.055674518201284794,0.07203389830508475,0.006423982869379015
0.20127118644067796,0.07066381156316917,0.163135593220339,0.055674518201284794,0.07203389830508475,0.006423982869379015
0.20127118644067796,0.07066381156316917,0.163135593220339,0.05353319057815846,0.07203389830508475,0.006423982869379015
0.20127118644067796,0.07066381156316917,0.163135593220339,0.05353319057815846,0.07203389830508475,0.006423982869379015
0.20127118644067796,0.07066381156316917,0.163135593220339,0.05353319057815846,0.07203389830508475,0.006423982869379015
0.20127118644067796,0.07066381156316917,0.16101694915254236,0.05353319057815846,0.07203389830508475,0.006423982869379015
0.20127118644067796,0.07066381156316917,0.16101694915254236,0.05353319057815846,0.06991525423728813,0.006423982869379015
0.20127118644067796,0.07066381156316917,0.15889830508474576,0.05353319057815846,0.06991525423728813,0.006423982869379015
0.20127118644067796,0.07066381156316917,0.15889830508474576,0.05353319057815846,0.06991525423728813,0.006423982869379015
0.20127118644067796,0.06852248394004283,0.15889830508474576,0.05353319057815846,0.06991525423728813,0.006423982869379015
0.20127118644067796,0.06852248394004283,0.15889830508474576,0.05139186295503212,0.06991525423728813,0.006423982869379015
0.20127118644067796,0.06852248394004283,0.15889830508474576,0.05139186295503212,0.06991525423728813,0.006423982869379015
0.20127118644067796,0.06852248394004283,0.15889830508474576,0.047109207708779445,0.06991525423728813,0.006423982869379015
0.20127118644067796,0.06852248394004283,0.15677966101694915,0.047109207708779445,0.06991525423728813,0.006423982869379015
0.20127118644067796,0.06852248394004283,0.15677966101694915,0.047109207708779445,0.06991525423728813,0.006423982869379015
0.20127118644067796,0.06852248394004283,0.15677966101694915,0.047109207708779445,0.06991525423728813,0.006423982869379015
0.19915254237288135,0.06852248394004283,0.15677966101694915,0.047109207708779445,0.06991525423728813,0.006423982869379015
0.19915254237288135,0.06852248394004283,0.15677966101694915,0.047109207708779445,0.06991525423728813,0.006423982869379015
0.19915254237288135,0.06852248394004283,0.15677966101694915,0.047109207708779445,0.06991525423728813,0.006423982869379015
0.19915254237288135,0.06852248394004283,0.15466101694915255,0.047109207708779445,0.06991525423728813,0.006423982869379015
0.19915254237288135,0.06852248394004283,0.15254237288135594,0.047109207708779445,0.06991525423728813,0.006423982869379015
0.19915254237288135,0.06852248394004283,0.1504237288135593,0.047109207708779445,0.06991525423728813,0.006423982869379015
0.19915254237288135,0.06852248394004283,0.1504237288135593,0.047109207708779445,0.06991525423728813,0.006423982869379015
0.19915254237288135,0.06852248394004283,0.1504237288135593,0.047109207708779445,0.06991525423728813,0.006423982869379015
0.19915254237288135,0.06852248394004283,0.1504237288135593,0.047109207708779445,0.06991525423728813,0.006423982869379015
0.19915254237288135,0.06852248394004283,0.1483050847457627,0.047109207708779445,0.06991525423728813,0.006423982869379015
0.19915254237288135,0.06852248394004283,0.1483050847457627,0.047109207708779445,0.06991525423728813,0.006423982869379015
0.19915254237288135,0.06852248394004283,0.1483050847457627,0.044967880085653104,0.06991525423728813,0.006423982869379015
0.19915254237288135,0.06852248394004283,0.1483050847457627,0.044967880085653104,0.06991525423728813,0.006423982869379015
0.19915254237288135,0.06852248394004283,0.1483050847457627,0.044967880085653104,0.06991525423728813,0.006423982869379015
0.19491525423728814,0.06638115631691649,0.1483050847457627,0.044967880085653104,0.06779661016949153,0.006423982869379015
0.19491525423728814,0.06638115631691649,0.1483050847457627,0.044967880085653104,0.06779661016949153,0.006423982869379015
0.19491525423728814,0.06638115631691649,0.1483050847457627,0.044967880085653104,0.06779661016949153,0.006423982869379015
0.19491525423728814,0.06638115631691649,0.1483050847457627,0.044967880085653104,0.06779661016949153,0.006423982869379015
0.19491525423728814,0.06638115631691649,0.1483050847457627,0.044967880085653104,0.06779661016949153,0.006423982869379015
0.19491525423728814,0.06638115631691649,0.1483050847457627,0.044967880085653104,0.06779661016949153,0.006423982869379015
0.19491525423728814,0.06638115631691649,0.1483050847457627,0.044967880085653104,0.06779661016949153,0.006423982869379015
0.1906779661016949,0.06423982869379015,0.1461864406779661,0.044967880085653104,0.06779661016949153,0.006423982869379015
0.1906779661016949,0.06423982869379015,0.1461864406779661,0.044967880085653104,0.06779661016949153,0.006423982869379015
0.1906779661016949,0.06423982869379015,0.1461864406779661,0.044967880085653104,0.06779661016949153,0.006423982869379015
0.1906779661016949,0.06423982869379015,0.1440677966101695,0.044967880085653104,0.06567796610169492,0.006423982869379015
0.1906779661016949,0.06423982869379015,0.1440677966101695,0.044967880085653104,0.06567796610169492,0.006423982869379015
0.1906779661016949,0.06423982869379015,0.1440677966101695,0.044967880085653104,0.06567796610169492,0.006423982869379015
0.1864406779661017,0.06423982869379015,0.1440677966101695,0.044967880085653104,0.0635593220338983,0.006423982869379015
0.1864406779661017,0.06423982869379015,0.1440677966101695,0.044967880085653104,0.0635593220338983,0.006423982869379015
0.1864406779661017,0.06423982869379015,0.1440677966101695,0.044967880085653104,0.0635593220338983,0.006423982869379015
0.1864406779661017,0.06423982869379015,0.1440677966101695,0.044967880085653104,0.0635593220338983,0.006423982869379015
0.1864406779661017,0.06423982869379015,0.1419491525423729,0.044967880085653104,0.0635593220338983,0.006423982869379015
0.1864406779661017,0.06423982869379015,0.1419491525423729,0.044967880085653104,0.0635593220338983,0.004282655246252677
0.1864406779661017,0.06423982869379015,0.1419491525423729,0.042826552462526764,0.0635593220338983,0.004282655246252677
0.1843220338983051,0.06423982869379015,0.1419491525423729,0.042826552462526764,0.0635593220338983,0.004282655246252677
0.1843220338983051,0.06423982869379015,0.1419491525423729,0.042826552462526764,0.0635593220338983,0.004282655246252677
0.1843220338983051,0.06423982869379015,0.1419491525423729,0.042826552462526764,0.0635593220338983,0.004282655246252677
0.1843220338983051,0.06423982869379015,0.13983050847457626,0.042826552462526764,0.0635593220338983,0.004282655246252677
0.1843220338983051,0.06423982869379015,0.13983050847457626,0.042826552462526764,0.0635593220338983,0.004282655246252677
0.1843220338983051,0.06423982869379015,0.13983050847457626,0.042826552462526764,0.0635593220338983,0.004282655246252677
0.1843220338983051,0.06423982869379015,0.13983050847457626,0.042826552462526764,0.0614406779661017,0.004282655246252677
0.18220338983050846,0.06423982869379015,0.13983050847457626,0.042826552462526764,0.059322033898305086,0.004282655246252677
0.18220338983050846,0.06423982869379015,0.13983050847457626,0.042826552462526764,0.059322033898305086,0.004282655246252677
0.18220338983050846,0.06423982869379015,0.13983050847457626,0.042826552462526764,0.059322033898305086,0.004282655246252677
0.18220338983050846,0.06423982869379015,0.13983050847457626,0.04068522483940043,0.059322033898305086,0.004282655246252677
0.18220338983050846,0.06423982869379015,0.13983050847457626,0.04068522483940043,0.059322033898305086,0.004282655246252677
0.18220338983050846,0.06423982869379015,0.13983050847457626,0.04068522483940043,0.059322033898305086,0.004282655246252677
0.18220338983050846,0.06423982869379015,0.13771186440677965,0.04068522483940043,0.059322033898305086,0.004282655246252677
0.17372881355932204,0.06423982869379015,0.13771186440677965,0.04068522483940043,0.059322033898305086,0.004282655246252677
0.17372881355932204,0.06423982869379015,0.13771186440677965,0.04068522483940043,0.057203389830508475,0.0021413276231263384
0.17372881355932204,0.06423982869379015,0.13771186440677965,0.04068522483940043,0.057203389830508475,0.0021413276231263384
0.17372881355932204,0.06423982869379015,0.13771186440677965,0.04068522483940043,0.057203389830508475,0.0021413276231263384
0.17372881355932204,0.06423982869379015,0.13559322033898305,0.04068522483940043,0.057203389830508475,0.0021413276231263384
0.17372881355932204,0.06423982869379015,0.13559322033898305,0.04068522483940043,0.057203389830508475,0.0021413276231263384
0.17372881355932204,0.06423982869379015,0.13347457627118645,0.04068522483940043,0.057203389830508475,0.0021413276231263384
0.17372881355932204,0.057815845824411134,0.13347457627118645,0.04068522483940043,0.057203389830508475,0.0021413276231263384
0.17372881355932204,0.057815845824411134,0.13347457627118645,0.04068522483940043,0.05508474576271186,0.0021413276231263384
0.17372881355932204,0.057815845824411134,0.13347457627118645,0.04068522483940043,0.05508474576271186,0.0021413276231263384
0.17372881355932204,0.057815845824411134,0.13347457627118645,0.04068522483940043,0.05508474576271186,0.0021413276231263384
0.17372881355932204,0.057815845824411134,0.13135593220338984,0.04068522483940043,0.05508474576271186,0.0021413276231263384
0.17372881355932204,0.057815845824411134,0.13135593220338984,0.04068522483940043,0.05508474576271186,0.0021413276231263384
0.17372881355932204,0.057815845824411134,0.13135593220338984,0.04068522483940043,0.05508474576271186,0.0021413276231263384
0.1694915254237288,0.057815845824411134,0.13135593220338984,0.04068522483940043,0.05508474576271186,0.0021413276231263384
0.1694915254237288,0.057815845824411134,0.1292372881355932,0.04068522483940043,0.05508474576271186,0.0021413276231263384
0.1694915254237288,0.057815845824411134,0.1292372881355932,0.04068522483940043,0.05508474576271186,0.0021413276231263384
0.1694915254237288,0.057815845824411134,0.1292372881355932,0.04068522483940043,0.05508474576271186,0.0021413276231263384
0.1694915254237288,0.057815845824411134,0.1292372881355932,0.04068522483940043,0.05508474576271186,0.0021413276231263384
0.1694915254237288,0.057815845824411134,0.1292372881355932,0.04068522483940043,0.05508474576271186,0.0021413276231263384
0.1694915254237288,0.057815845824411134,0.1292372881355932,0.03854389721627409,0.05508474576271186,0.0021413276231263384
0.1694915254237288,0.057815845824411134,0.1292372881355932,0.03854389721627409,0.05508474576271186,0.0021413276231263384
0.1694915254237288,0.057815845824411134,0.1292372881355932,0.03854389721627409,0.05508474576271186,0.0021413276231263384
0.1694915254237288,0.057815845824411134,0.1292372881355932,0.03854389721627409,0.05508474576271186,0.0021413276231263384
0.1694915254237288,0.057815845824411134,0.1292372881355932,0.03854389721627409,0.05296610169491525,0.0021413276231263384
0.1694915254237288,0.057815845824411134,0.1292372881355932,0.03854389721627409,0.05296610169491525,0.0021413276231263384
0.1694915254237288,0.057815845824411134,0.1292372881355932,0.03854389721627409,0.05296610169491525,0.0021413276231263384
0.1694915254237288,0.057815845824411134,0.1292372881355932,0.03854389721627409,0.05296610169491525,0.0021413276231263384
0.1694915254237288,0.057815845824411134,0.1292372881355932,0.03854389721627409,0.05296610169491525,0.0021413276231263384
0.1694915254237288,0.057815845824411134,0.1271186440677966,0.03854389721627409,0.05296610169491525,0.0021413276231263384
0.1694915254237288,0.057815845824411134,0.1271186440677966,0.03854389721627409,0.05296610169491525,0.0021413276231263384
0.1694915254237288,0.057815845824411134,0.1271186440677966,0.03854389721627409,0.05084745762711865,0.0021413276231263384
0.1694915254237288,0.057815845824411134,0.125,0.03854389721627409,0.048728813559322036,0.0021413276231263384
0.1694915254237288,0.057815845824411134,0.125,0.03854389721627409,0.048728813559322036,0.0021413276231263384
0.1652542372881356,0.055674518201284794,0.125,0.03854389721627409,0.048728813559322036,0.0021413276231263384
0.1652542372881356,0.055674518201284794,0.1228813559322034,0.03854389721627409,0.048728813559322036,0.0021413276231263384
0.1652542372881356,0.055674518201284794,0.1228813559322034,0.03854389721627409,0.048728813559322036,0.0021413276231263384
0.1652542372881356,0.055674518201284794,0.1228813559322034,0.03854389721627409,0.048728813559322036,0.0021413276231263384
0.1652542372881356,0.055674518201284794,0.1228813559322034,0.03640256959314775,0.048728813559322036,0.0021413276231263384
0.1652542372881356,0.055674518201284794,0.1228813559322034,0.03640256959314775,0.048728813559322036,0.0021413276231263384
0.1652542372881356,0.055674518201284794,0.1228813559322034,0.03640256959314775,0.048728813559322036,0.0021413276231263384
0.163135593220339,0.055674518201284794,0.1228813559322034,0.03640256959314775,0.048728813559322036,0.0021413276231263384
0.163135593220339,0.055674518201284794,0.1228813559322034,0.03640256959314775,0.048728813559322036,0.0021413276231263384
0.163135593220339,0.055674518201284794,0.1228813559322034,0.03640256959314775,0.048728813559322036,0.0021413276231263384
0.163135593220339,0.055674518201284794,0.1228813559322034,0.03640256959314775,0.048728813559322036,0.0021413276231263384
0.163135593220339,0.055674518201284794,0.1228813559322034,0.03640256959314775,0.048728813559322036,0.0021413276231263384
0.163135593220339,0.055674518201284794,0.1228813559322034,0.03640256959314775,0.048728813559322036,0.0021413276231263384
0.163135593220339,0.055674518201284794,0.1228813559322034,0.03640256959314775,0.048728813559322036,0.0021413276231263384
0.163135593220339,0.05139186295503212,0.1228813559322034,0.03640256959314775,0.048728813559322036,0.0021413276231263384
0.163135593220339,0.05139186295503212,0.1228813559322034,0.03640256959314775,0.048728813559322036,0.0021413276231263384
0.163135593220339,0.05139186295503212,0.1228813559322034,0.03640256959314775,0.048728813559322036,0.0021413276231263384
0.163135593220339,0.05139186295503212,0.1228813559322034,0.03640256959314775,0.048728813559322036,0.0021413276231263384
0.163135593220339,0.05139186295503212,0.1228813559322034,0.03640256959314775,0.048728813559322036,0.0021413276231263384
0.163135593220339,0.05139186295503212,0.1228813559322034,0.03640256959314775,0.048728813559322036,0.0021413276231263384
0.163135593220339,0.05139186295503212,0.1228813559322034,0.03640256959314775,0.048728813559322036,0.0021413276231263384
0.163135593220339,0.05139186295503212,0.1228813559322034,0.03640256959314775,0.048728813559322036,0.0021413276231263384
0.163135593220339,0.05139186295503212,0.1228813559322034,0.03640256959314775,0.048728813559322036,0.0021413276231263384
0.163135593220339,0.05139186295503212,0.1228813559322034,0.03640256959314775,0.048728813559322036,0.0021413276231263384
0.163135593220339,0.05139186295503212,0.1228813559322034,0.03640256959314775,0.048728813559322036,0.0021413276231263384
0.163135593220339,0.05139186295503212,0.12076271186440678,0.03640256959314775,0.048728813559322036,0.0021413276231263384
0.163135593220339,0.05139186295503212,0.12076271186440678,0.03640256959314775,0.048728813559322036,0.0021413276231263384
0.163135593220339,0.05139186295503212,0.12076271186440678,0.03640256959314775,0.048728813559322036,0.0021413276231263384
0.16101694915254236,0.04925053533190578,0.12076271186440678,0.03640256959314775,0.048728813559322036,0.0021413276231263384
0.16101694915254236,0.04925053533190578,0.12076271186440678,0.03640256959314775,0.048728813559322036,0.0021413276231263384
0.16101694915254236,0.04925053533190578,0.12076271186440678,0.03640256959314775,0.048728813559322036,0.0021413276231263384
0.16101694915254236,0.04925053533190578,0.12076271186440678,0.03640256959314775,0.048728813559322036,0.0021413276231263384
0.16101694915254236,0.04925053533190578,0.12076271186440678,0.03640256959314775,0.046610169491525424,0.0021413276231263384
0.16101694915254236,0.04925053533190578,0.12076271186440678,0.03640256959314775,0.046610169491525424,0.0021413276231263384
0.16101694915254236,0.047109207708779445,0.12076271186440678,0.03640256959314775,0.046610169491525424,0.0021413276231263384
0.16101694915254236,0.047109207708779445,0.12076271186440678,0.03640256959314775,0.046610169491525424,0.0021413276231263384
0.16101694915254236,0.047109207708779445,0.12076271186440678,0.03640256959314775,0.046610169491525424,0.0021413276231263384
0.16101694915254236,0.047109207708779445,0.12076271186440678,0.03640256959314775,0.046610169491525424,0.0021413276231263384
0.16101694915254236,0.047109207708779445,0.11864406779661017,0.03640256959314775,0.046610169491525424,0.0021413276231263384
0.16101694915254236,0.047109207708779445,0.11864406779661017,0.03640256959314775,0.046610169491525424,0.0021413276231263384
0.16101694915254236,0.047109207708779445,0.11864406779661017,0.03640256959314775,0.046610169491525424,0.0021413276231263384
0.15889830508474576,0.044967880085653104,0.11864406779661017,0.03640256959314775,0.046610169491525424,0.0021413276231263384
0.15889830508474576,0.044967880085653104,0.11440677966101695,0.03640256959314775,0.046610169491525424,0.0021413276231263384
0.15889830508474576,0.044967880085653104,0.11440677966101695,0.03640256959314775,0.046610169491525424,0.0021413276231263384
0.15889830508474576,0.044967880085653104,0.11440677966101695,0.03640256959314775,0.046610169491525424,0.0021413276231263384
0.15889830508474576,0.044967880085653104,0.11440677966101695,0.03640256959314775,0.046610169491525424,0.0021413276231263384
0.15889830508474576,0.044967880085653104,0.11440677966101695,0.03640256959314775,0.046610169491525424,0.0021413276231263384
0.15889830508474576,0.044967880085653104,0.11440677966101695,0.03640256959314775,0.046610169491525424,0.0021413276231263384
0.15466101694915255,0.044967880085653104,0.11440677966101695,0.03640256959314775,0.046610169491525424,0.0021413276231263384
0.15466101694915255,0.044967880085653104,0.11228813559322035,0.03640256959314775,0.046610169491525424,0.0021413276231263384
0.15466101694915255,0.044967880085653104,0.11228813559322035,0.03640256959314775,0.046610169491525424,0.0021413276231263384
0.15466101694915255,0.044967880085653104,0.11228813559322035,0.03640256959314775,0.046610169491525424,0.0021413276231263384
0.15466101694915255,0.044967880085653104,0.11228813559322035,0.03640256959314775,0.046610169491525424,0.0021413276231263384
0.15466101694915255,0.044967880085653104,0.11228813559322035,0.03640256959314775,0.046610169491525424,0.0021413276231263384
0.15466101694915255,0.044967880085653104,0.11228813559322035,0.03640256959314775,0.046610169491525424,0.0021413276231263384
0.1504237288135593,0.042826552462526764,0.11228813559322035,0.03640256959314775,0.04449152542372881,0.0021413276231263384
0.1504237288135593,0.042826552462526764,0.11228813559322035,0.03640256959314775,0.04449152542372881,0.0021413276231263384
0.1504237288135593,0.042826552462526764,0.11228813559322035,0.03640256959314775,0.04449152542372881,0.0021413276231263384
0.1504237288135593,0.042826552462526764,0.11228813559322035,0.03640256959314775,0.04449152542372881,0.0021413276231263384
0.1504237288135593,0.042826552462526764,0.11228813559322035,0.03640256959314775,0.04449152542372881,0.0021413276231263384
0.1504237288135593,0.042826552462526764,0.11228813559322035,0.03640256959314775,0.04449152542372881,0.0021413276231263384
0.1504237288135593,0.042826552462526764,0.11228813559322035,0.03640256959314775,0.04449152542372881,0.0021413276231263384
0.1504237288135593,0.042826552462526764,0.11228813559322035,0.03640256959314775,0.0423728813559322,0.0021413276231263384
0.1504237288135593,0.042826552462526764,0.11016949152542373,0.03640256959314775,0.0423728813559322,0.0
0.1504237288135593,0.042826552462526764,0.11016949152542373,0.03640256959314775,0.0423728813559322,0.0
0.1504237288135593,0.042826552462526764,0.11016949152542373,0.03640256959314775,0.0423728813559322,0.0
0.1504237288135593,0.042826552462526764,0.11016949152542373,0.03640256959314775,0.0423728813559322,0.0
0.1504237288135593,0.042826552462526764,0.11016949152542373,0.03640256959314775,0.0423728813559322,0.0
0.1504237288135593,0.042826552462526764,0.11016949152542373,0.03640256959314775,0.0423728813559322,0.0
0.1461864406779661,0.042826552462526764,0.11016949152542373,0.03640256959314775,0.0423728813559322,0.0
0.1461864406779661,0.042826552462526764,0.11016949152542373,0.03640256959314775,0.0423728813559322,0.0
0.1461864406779661,0.042826552462526764,0.11016949152542373,0.03640256959314775,0.0423728813559322,0.0
0.1461864406779661,0.042826552462526764,0.11016949152542373,0.03640256959314775,0.0423728813559322,0.0
0.1461864406779661,0.042826552462526764,0.11016949152542373,0.03640256959314775,0.0423728813559322,0.0
0.1461864406779661,0.042826552462526764,0.11016949152542373,0.03640256959314775,0.0423728813559322,0.0
0.1461864406779661,0.03854389721627409,0.11016949152542373,0.034261241970021415,0.0423728813559322,0.0
0.1461864406779661,0.03854389721627409,0.10805084745762712,0.034261241970021415,0.0423728813559322,0.0
0.1461864406779661,0.03854389721627409,0.10805084745762712,0.034261241970021415,0.0423728813559322,0.0
0.1461864406779661,0.03854389721627409,0.10805084745762712,0.034261241970021415,0.0423728813559322,0.0
0.1461864406779661,0.03854389721627409,0.10805084745762712,0.034261241970021415,0.0423728813559322,0.0
0.1461864406779661,0.03854389721627409,0.10805084745762712,0.032119914346895075,0.0423728813559322,0.0
0.1461864406779661,0.03854389721627409,0.10805084745762712,0.032119914346895075,0.0423728813559322,0.0
0.1419491525423729,0.03854389721627409,0.10805084745762712,0.032119914346895075,0.0423728813559322,0.0
0.1419491525423729,0.03854389721627409,0.10805084745762712,0.032119914346895075,0.04025423728813559,0.0
0.1419491525423729,0.03854389721627409,0.10805084745762712,0.032119914346895075,0.04025423728813559,0.0
0.1419491525423729,0.03854389721627409,0.10805084745762712,0.032119914346895075,0.04025423728813559,0.0
0.1419491525423729,0.03854389721627409,0.10805084745762712,0.032119914346895075,0.04025423728813559,0.0
0.1419491525423729,0.03854389721627409,0.10805084745762712,0.032119914346895075,0.04025423728813559,0.0
0.1419491525423729,0.03854389721627409,0.10805084745762712,0.032119914346895075,0.04025423728813559,0.0
0.1419491525423729,0.03640256959314775,0.10805084745762712,0.032119914346895075,0.04025423728813559,0.0
0.1419491525423729,0.03640256959314775,0.10805084745762712,0.032119914346895075,0.04025423728813559,0.0
0.1419491525423729,0.03640256959314775,0.10805084745762712,0.032119914346895075,0.04025423728813559,0.0
0.1419491525423729,0.03640256959314775,0.10805084745762712,0.032119914346895075,0.04025423728813559,0.0
0.1419491525423729,0.03640256959314775,0.10805084745762712,0.032119914346895075,0.04025423728813559,0.0
0.1419491525423729,0.03640256959314775,0.10805084745762712,0.032119914346895075,0.04025423728813559,0.0
0.1419491525423729,0.03640256959314775,0.10805084745762712,0.032119914346895075,0.038135593220338986,0.0
0.13771186440677965,0.03640256959314775,0.10805084745762712,0.032119914346895075,0.038135593220338986,0.0
0.13771186440677965,0.03640256959314775,0.10805084745762712,0.032119914346895075,0.038135593220338986,0.0
0.13771186440677965,0.03640256959314775,0.10805084745762712,0.027837259100642397,0.038135593220338986,0.0
0.13771186440677965,0.03640256959314775,0.10805084745762712,0.027837259100642397,0.038135593220338986,0.0
0.13771186440677965,0.03640256959314775,0.10805084745762712,0.027837259100642397,0.038135593220338986,0.0
0.13771186440677965,0.03640256959314775,0.10805084745762712,0.027837259100642397,0.038135593220338986,0.0
0.13771186440677965,0.03640256959314775,0.1059322033898305,0.027837259100642397,0.038135593220338986,0.0
0.13559322033898305,0.03640256959314775,0.1059322033898305,0.027837259100642397,0.038135593220338986,0.0
0.13559322033898305,0.03640256959314775,0.1059322033898305,0.027837259100642397,0.038135593220338986,0.0
0.13559322033898305,0.03640256959314775,0.1059322033898305,0.027837259100642397,0.038135593220338986,0.0
0.13559322033898305,0.03640256959314775,0.1059322033898305,0.027837259100642397,0.038135593220338986,0.0
0.13559322033898305,0.03640256959314775,0.1059322033898305,0.027837259100642397,0.038135593220338986,0.0
0.13559322033898305,0.03640256959314775,0.1059322033898305,0.027837259100642397,0.038135593220338986,0.0
0.13559322033898305,0.03640256959314775,0.1059322033898305,0.027837259100642397,0.038135593220338986,0.0
0.13559322033898305,0.03640256959314775,0.1059322033898305,0.027837259100642397,0.038135593220338986,0.0
0.13559322033898305,0.03640256959314775,0.1059322033898305,0.027837259100642397,0.038135593220338986,0.0
0.13559322033898305,0.03640256959314775,0.1059322033898305,0.027837259100642397,0.038135593220338986,0.0
0.13559322033898305,0.03640256959314775,0.1059322033898305,0.027837259100642397,0.038135593220338986,0.0
0.13559322033898305,0.03640256959314775,0.1038135593220339,0.027837259100642397,0.038135593220338986,0.0
0.13559322033898305,0.03640256959314775,0.1038135593220339,0.027837259100642397,0.038135593220338986,0.0
0.13559322033898305,0.03640256959314775,0.1016949152542373,0.027837259100642397,0.038135593220338986,0.0
0.13559322033898305,0.03640256959314775,0.1016949152542373,0.027837259100642397,0.038135593220338986,0.0
0.13559322033898305,0.03640256959314775,0.1016949152542373,0.027837259100642397,0.038135593220338986,0.0
0.13559322033898305,0.03640256959314775,0.1016949152542373,0.027837259100642397,0.038135593220338986,0.0
0.13559322033898305,0.03640256959314775,0.1016949152542373,0.027837259100642397,0.038135593220338986,0.0
0.13559322033898305,0.03640256959314775,0.1016949152542373,0.027837259100642397,0.038135593220338986,0.0
0.13559322033898305,0.03640256959314775,0.1016949152542373,0.027837259100642397,0.038135593220338986,0.0
0.13135593220338984,0.034261241970021415,0.1016949152542373,0.027837259100642397,0.038135593220338986,0.0
0.13135593220338984,0.034261241970021415,0.09957627118644068,0.027837259100642397,0.036016949152542374,0.0
0.13135593220338984,0.034261241970021415,0.09957627118644068,0.027837259100642397,0.036016949152542374,0.0
0.13135593220338984,0.034261241970021415,0.09957627118644068,0.027837259100642397,0.036016949152542374,0.0
0.13135593220338984,0.034261241970021415,0.09957627118644068,0.027837259100642397,0.036016949152542374,0.0
0.13135593220338984,0.034261241970021415,0.09957627118644068,0.027837259100642397,0.036016949152542374,0.0
0.13135593220338984,0.034261241970021415,0.09957627118644068,0.027837259100642397,0.036016949152542374,0.0
0.125,0.034261241970021415,0.09957627118644068,0.027837259100642397,0.036016949152542374,0.0
0.125,0.034261241970021415,0.09957627118644068,0.027837259100642397,0.036016949152542374,0.0
0.125,0.034261241970021415,0.09957627118644068,0.027837259100642397,0.036016949152542374,0.0
0.125,0.034261241970021415,0.09957627118644068,0.027837259100642397,0.036016949152542374,0.0
0.125,0.034261241970021415,0.09745762711864407,0.027837259100642397,0.036016949152542374,0.0
0.125,0.034261241970021415,0.09533898305084745,0.027837259100642397,0.036016949152542374,0.0
0.125,0.034261241970021415,0.09533898305084745,0.027837259100642397,0.036016949152542374,0.0
0.1228813559322034,0.032119914346895075,0.09533898305084745,0.027837259100642397,0.036016949152542374,0.0
0.1228813559322034,0.032119914346895075,0.09533898305084745,0.027837259100642397,0.036016949152542374,0.0
0.1228813559322034,0.032119914346895075,0.09533898305084745,0.027837259100642397,0.036016949152542374,0.0
0.1228813559322034,0.032119914346895075,0.09322033898305085,0.027837259100642397,0.03389830508474576,0.0
0.1228813559322034,0.032119914346895075,0.09322033898305085,0.027837259100642397,0.03389830508474576,0.0
0.1228813559322034,0.032119914346895075,0.09322033898305085,0.027837259100642397,0.03389830508474576,0.0
0.1228813559322034,0.032119914346895075,0.09322033898305085,0.027837259100642397,0.03389830508474576,0.0
0.1228813559322034,0.032119914346895075,0.09322033898305085,0.027837259100642397,0.03389830508474576,0.0
0.1228813559322034,0.032119914346895075,0.09322033898305085,0.027837259100642397,0.03389830508474576,0.0
0.1228813559322034,0.032119914346895075,0.09322033898305085,0.027837259100642397,0.03389830508474576,0.0
0.1228813559322034,0.032119914346895075,0.09322033898305085,0.027837259100642397,0.03389830508474576,0.0
0.1228813559322034,0.032119914346895075,0.09322033898305085,0.027837259100642397,0.03389830508474576,0.0
0.1228813559322034,0.032119914346895075,0.09322033898305085,0.027837259100642397,0.03389830508474576,0.0
0.1228813559322034,0.032119914346895075,0.09322033898305085,0.027837259100642397,0.03389830508474576,0.0
0.11864406779661017,0.032119914346895075,0.09322033898305085,0.027837259100642397,0.03389830508474576,0.0
0.11864406779661017,0.032119914346895075,0.09322033898305085,0.027837259100642397,0.03389830508474576,0.0
0.11864406779661017,0.032119914346895075,0.09322033898305085,0.027837259100642397,0.03389830508474576,0.0
0.11864406779661017,0.032119914346895075,0.09322033898305085,0.027837259100642397,0.03389830508474576,0.0
0.11864406779661017,0.032119914346895075,0.09322033898305085,0.027837259100642397,0.03389830508474576,0.0
0.11864406779661017,0.032119914346895075,0.09322033898305085,0.027837259100642397,0.03389830508474576,0.0
0.11864406779661017,0.032119914346895075,0.09322033898305085,0.027837259100642397,0.03389830508474576,0.0
0.11864406779661017,0.032119914346895075,0.09322033898305085,0.027837259100642397,0.03389830508474576,0.0
0.11864406779661017,0.032119914346895075,0.09322033898305085,0.027837259100642397,0.03389830508474576,0.0
0.11864406779661017,0.032119914346895075,0.09322033898305085,0.027837259100642397,0.03389830508474576,0.0
0.11864406779661017,0.032119914346895075,0.09322033898305085,0.027837259100642397,0.03389830508474576,0.0
0.11864406779661017,0.032119914346895075,0.09322033898305085,0.027837259100642397,0.03389830508474576,0.0
0.11864406779661017,0.032119914346895075,0.09322033898305085,0.027837259100642397,0.03389830508474576,0.0
0.11652542372881355,0.029978586723768737,0.09322033898305085,0.027837259100642397,0.03389830508474576,0.0
0.11652542372881355,0.029978586723768737,0.09322033898305085,0.02569593147751606,0.03389830508474576,0.0
0.11652542372881355,0.029978586723768737,0.09322033898305085,0.02569593147751606,0.03389830508474576,0.0
0.11652542372881355,0.029978586723768737,0.09322033898305085,0.02569593147751606,0.03389830508474576,0.0
0.11652542372881355,0.029978586723768737,0.09322033898305085,0.02569593147751606,0.03389830508474576,0.0
0.11652542372881355,0.029978586723768737,0.09322033898305085,0.02569593147751606,0.03389830508474576,0.0
0.11652542372881355,0.029978586723768737,0.09322033898305085,0.02569593147751606,0.03389830508474576,0.0
0.11652542372881355,0.027837259100642397,0.09322033898305085,0.02569593147751606,0.03389830508474576,0.0
0.11652542372881355,0.027837259100642397,0.09322033898305085,0.02569593147751606,0.03389830508474576,0.0
0.11652542372881355,0.027837259100642397,0.09322033898305085,0.02569593147751606,0.03389830508474576,0.0
0.11652542372881355,0.027837259100642397,0.09322033898305085,0.02569593147751606,0.03389830508474576,0.0
0.11652542372881355,0.027837259100642397,0.09322033898305085,0.02569593147751606,0.03389830508474576,0.0
0.11652542372881355,0.027837259100642397,0.09322033898305085,0.02569593147751606,0.03389830508474576,0.0
0.11652542372881355,0.027837259100642397,0.09322033898305085,0.02569593147751606,0.03389830508474576,0.0
0.11440677966101695,0.02569593147751606,0.09322033898305085,0.02569593147751606,0.03389830508474576,0.0
0.11440677966101695,0.02569593147751606,0.09322033898305085,0.02569593147751606,0.03389830508474576,0.0
0.11440677966101695,0.02569593147751606,0.09322033898305085,0.02569593147751606,0.03389830508474576,0.0
0.11440677966101695,0.02569593147751606,0.09322033898305085,0.02569593147751606,0.03389830508474576,0.0
0.11440677966101695,0.02569593147751606,0.09322033898305085,0.023554603854389723,0.03389830508474576,0.0
0.11440677966101695,0.02569593147751606,0.09110169491525423,0.023554603854389723,0.03177966101694915,0.0
0.11440677966101695,0.02569593147751606,0.09110169491525423,0.023554603854389723,0.03177966101694915,0.0
0.11440677966101695,0.02569593147751606,0.09110169491525423,0.023554603854389723,0.03177966101694915,0.0
0.11440677966101695,0.02569593147751606,0.09110169491525423,0.021413276231263382,0.03177966101694915,0.0
0.11440677966101695,0.02569593147751606,0.09110169491525423,0.021413276231263382,0.03177966101694915,0.0
0.11440677966101695,0.02569593147751606,0.09110169491525423,0.021413276231263382,0.03177966101694915,0.0
0.11440677966101695,0.02569593147751606,0.09110169491525423,0.019271948608137045,0.03177966101694915,0.0
0.11440677966101695,0.02569593147751606,0.09110169491525423,0.019271948608137045,0.03177966101694915,0.0
0.11440677966101695,0.02569593147751606,0.09110169491525423,0.019271948608137045,0.03177966101694915,0.0
0.11228813559322035,0.02569593147751606,0.08898305084745763,0.019271948608137045,0.03177966101694915,0.0
0.11228813559322035,0.02569593147751606,0.08898305084745763,0.019271948608137045,0.03177966101694915,0.0
0.11228813559322035,0.02569593147751606,0.08898305084745763,0.019271948608137045,0.03177966101694915,0.0
0.11228813559322035,0.02569593147751606,0.08898305084745763,0.019271948608137045,0.03177966101694915,0.0
0.11228813559322035,0.02569593147751606,0.08898305084745763,0.019271948608137045,0.03177966101694915,0.0
0.11228813559322035,0.02569593147751606,0.08898305084745763,0.019271948608137045,0.03177966101694915,0.0
0.11016949152542373,0.023554603854389723,0.08898305084745763,0.019271948608137045,0.03177966101694915,0.0
0.11016949152542373,0.023554603854389723,0.08898305084745763,0.019271948608137045,0.03177966101694915,0.0
0.11016949152542373,0.023554603854389723,0.08898305084745763,0.019271948608137045,0.03177966101694915,0.0
0.11016949152542373,0.023554603854389723,0.08898305084745763,0.019271948608137045,0.03177966101694915,0.0
0.11016949152542373,0.023554603854389723,0.08686440677966102,0.019271948608137045,0.03177966101694915,0.0
0.11016949152542373,0.023554603854389723,0.08686440677966102,0.019271948608137045,0.03177966101694915,0.0
0.11016949152542373,0.023554603854389723,0.08686440677966102,0.019271948608137045,0.03177966101694915,0.0
0.11016949152542373,0.023554603854389723,0.08686440677966102,0.019271948608137045,0.03177966101694915,0.0
0.11016949152542373,0.023554603854389723,0.08686440677966102,0.017130620985010708,0.03177966101694915,0.0
0.11016949152542373,0.023554603854389723,0.08686440677966102,0.017130620985010708,0.03177966101694915,0.0
0.11016949152542373,0.023554603854389723,0.08686440677966102,0.017130620985010708,0.03177966101694915,0.0
0.11016949152542373,0.023554603854389723,0.0847457627118644,0.017130620985010708,0.03177966101694915,0.0
0.11016949152542373,0.023554603854389723,0.0847457627118644,0.014989293361884369,0.029661016949152543,0.0
0.11016949152542373,0.023554603854389723,0.0847457627118644,0.014989293361884369,0.029661016949152543,0.0
0.11016949152542373,0.021413276231263382,0.0847457627118644,0.014989293361884369,0.029661016949152543,0.0
0.11016949152542373,0.021413276231263382,0.0847457627118644,0.014989293361884369,0.029661016949152543,0.0
0.11016949152542373,0.021413276231263382,0.0826271186440678,0.014989293361884369,0.029661016949152543,0.0
0.11016949152542373,0.021413276231263382,0.0826271186440678,0.014989293361884369,0.029661016949152543,0.0
0.11016949152542373,0.021413276231263382,0.0826271186440678,0.014989293361884369,0.029661016949152543,0.0
0.11016949152542373,0.021413276231263382,0.0826271186440678,0.014989293361884369,0.029661016949152543,0.0
0.11016949152542373,0.021413276231263382,0.0826271186440678,0.014989293361884369,0.029661016949152543,0.0
0.10805084745762712,0.021413276231263382,0.0826271186440678,0.014989293361884369,0.029661016949152543,0.0
0.10805084745762712,0.021413276231263382,0.0826271186440678,0.014989293361884369,0.029661016949152543,0.0
0.10805084745762712,0.021413276231263382,0.0826271186440678,0.014989293361884369,0.029661016949152543,0.0
0.10805084745762712,0.021413276231263382,0.0826271186440678,0.014989293361884369,0.02754237288135593,0.0
0.10805084745762712,0.021413276231263382,0.0826271186440678,0.014989293361884369,0.02754237288135593,0.0
0.10805084745762712,0.021413276231263382,0.0826271186440678,0.014989293361884369,0.02754237288135593,0.0
0.10805084745762712,0.021413276231263382,0.0826271186440678,0.014989293361884369,0.02754237288135593,0.0
0.10805084745762712,0.021413276231263382,0.0826271186440678,0.014989293361884369,0.02754237288135593,0.0
0.10805084745762712,0.021413276231263382,0.0826271186440678,0.014989293361884369,0.02754237288135593,0.0
0.10805084745762712,0.021413276231263382,0.0826271186440678,0.014989293361884369,0.02754237288135593,0.0
0.10805084745762712,0.021413276231263382,0.0826271186440678,0.01284796573875803,0.02754237288135593,0.0
0.10805084745762712,0.021413276231263382,0.0826271186440678,0.01284796573875803,0.02754237288135593,0.0
0.10805084745762712,0.021413276231263382,0.0826271186440678,0.01284796573875803,0.02754237288135593,0.0
0.10805084745762712,0.021413276231263382,0.0826271186440678,0.01284796573875803,0.02754237288135593,0.0
0.10805084745762712,0.021413276231263382,0.0826271186440678,0.01284796573875803,0.02754237288135593,0.0
0.10805084745762712,0.021413276231263382,0.08050847457627118,0.01284796573875803,0.02754237288135593,0.0
0.10805084745762712,0.021413276231263382,0.07838983050847458,0.01284796573875803,0.02754237288135593,0.0
0.10805084745762712,0.021413276231263382,0.07838983050847458,0.01284796573875803,0.02754237288135593,0.0
0.10805084745762712,0.021413276231263382,0.07838983050847458,0.010706638115631691,0.02754237288135593,0.0
0.10805084745762712,0.021413276231263382,0.07838983050847458,0.010706638115631691,0.02754237288135593,0.0
0.10805084745762712,0.019271948608137045,0.07838983050847458,0.010706638115631691,0.02754237288135593,0.0
0.10805084745762712,0.019271948608137045,0.07838983050847458,0.010706638115631691,0.02754237288135593,0.0
0.10805084745762712,0.019271948608137045,0.07838983050847458,0.010706638115631691,0.02754237288135593,0.0
0.10805084745762712,0.019271948608137045,0.07838983050847458,0.010706638115631691,0.02754237288135593,0.0
0.10805084745762712,0.019271948608137045,0.07627118644067797,0.010706638115631691,0.02754237288135593,0.0
0.10805084745762712,0.019271948608137045,0.07627118644067797,0.010706638115631691,0.02754237288135593,0.0
0.10805084745762712,0.019271948608137045,0.07415254237288135,0.010706638115631691,0.02754237288135593,0.0
0.10805084745762712,0.014989293361884369,0.07203389830508475,0.010706638115631691,0.02754237288135593,0.0
0.10805084745762712,0.014989293361884369,0.07203389830508475,0.010706638115631691,0.02754237288135593,0.0
0.10805084745762712,0.014989293361884369,0.07203389830508475,0.010706638115631691,0.02754237288135593,0.0
0.10805084745762712,0.014989293361884369,0.07203389830508475,0.010706638115631691,0.02754237288135593,0.0
0.10805084745762712,0.014989293361884369,0.07203389830508475,0.010706638115631691,0.02754237288135593,0.0
0.10805084745762712,0.014989293361884369,0.07203389830508475,0.010706638115631691,0.02754237288135593,0.0
0.10805084745762712,0.014989293361884369,0.07203389830508475,0.010706638115631691,0.02754237288135593,0.0
0.1059322033898305,0.01284796573875803,0.07203389830508475,0.010706638115631691,0.02754237288135593,0.0
0.1059322033898305,0.01284796573875803,0.07203389830508475,0.010706638115631691,0.02754237288135593,0.0
0.1059322033898305,0.01284796573875803,0.07203389830508475,0.010706638115631691,0.02754237288135593,0.0
0.1059322033898305,0.01284796573875803,0.07203389830508475,0.010706638115631691,0.02754237288135593,0.0
0.1059322033898305,0.01284796573875803,0.07203389830508475,0.010706638115631691,0.02754237288135593,0.0
0.1059322033898305,0.01284796573875803,0.07203389830508475,0.010706638115631691,0.02754237288135593,0.0
0.1059322033898305,0.01284796573875803,0.07203389830508475,0.010706638115631691,0.02754237288135593,0.0
0.1059322033898305,0.01284796573875803,0.06991525423728813,0.010706638115631691,0.02754237288135593,0.0
0.1059322033898305,0.01284796573875803,0.06991525423728813,0.010706638115631691,0.02754237288135593,0.0
0.1059322033898305,0.01284796573875803,0.06991525423728813,0.010706638115631691,0.02754237288135593,0.0
0.1059322033898305,0.01284796573875803,0.06991525423728813,0.010706638115631691,0.02754237288135593,0.0
0.1059322033898305,0.01284796573875803,0.06991525423728813,0.010706638115631691,0.02754237288135593,0.0
0.1059322033898305,0.01284796573875803,0.06991525423728813,0.010706638115631691,0.02754237288135593,0.0
0.1059322033898305,0.01284796573875803,0.06991525423728813,0.010706638115631691,0.02754237288135593,0.0
0.1059322033898305,0.01284796573875803,0.06991525423728813,0.010706638115631691,0.02754237288135593,0.0
0.1059322033898305,0.01284796573875803,0.06991525423728813,0.010706638115631691,0.02754237288135593,0.0
0.1059322033898305,0.01284796573875803,0.06991525423728813,0.010706638115631691,0.02754237288135593,0.0
0.1059322033898305,0.01284796573875803,0.06991525423728813,0.008565310492505354,0.02754237288135593,0.0
0.1059322033898305,0.01284796573875803,0.06991525423728813,0.008565310492505354,0.02754237288135593,0.0
0.1059322033898305,0.01284796573875803,0.06991525423728813,0.008565310492505354,0.02754237288135593,0.0
0.1059322033898305,0.01284796573875803,0.06991525423728813,0.008565310492505354,0.02754237288135593,0.0
0.1059322033898305,0.01284796573875803,0.06991525423728813,0.008565310492505354,0.02754237288135593,0.0
0.1059322033898305,0.01284796573875803,0.06991525423728813,0.008565310492505354,0.02754237288135593,0.0
0.1059322033898305,0.01284796573875803,0.06991525423728813,0.008565310492505354,0.02754237288135593,0.0
0.1059322033898305,0.01284796573875803,0.06991525423728813,0.008565310492505354,0.02754237288135593,0.0
0.1059322033898305,0.01284796573875803,0.06991525423728813,0.006423982869379015,0.02754237288135593,0.0
0.1059322033898305,0.01284796573875803,0.06991525423728813,0.006423982869379015,0.02754237288135593,0.0
0.1059322033898305,0.01284796573875803,0.06991525423728813,0.006423982869379015,0.02754237288135593,0.0
0.1059322033898305,0.01284796573875803,0.06991525423728813,0.006423982869379015,0.02754237288135593,0.0
0.1059322033898305,0.01284796573875803,0.06991525423728813,0.006423982869379015,0.02754237288135593,0.0
0.1059322033898305,0.01284796573875803,0.06991525423728813,0.006423982869379015,0.02754237288135593,0.0
0.1059322033898305,0.01284796573875803,0.06991525423728813,0.006423982869379015,0.025423728813559324,0.0
0.1059322033898305,0.01284796573875803,0.06991525423728813,0.006423982869379015,0.025423728813559324,0.0
0.1059322033898305,0.01284796573875803,0.06991525423728813,0.006423982869379015,0.025423728813559324,0.0
0.1059322033898305,0.010706638115631691,0.06991525423728813,0.006423982869379015,0.025423728813559324,0.0
0.1059322033898305,0.010706638115631691,0.06991525423728813,0.006423982869379015,0.025423728813559324,0.0
0.1059322033898305,0.010706638115631691,0.06991525423728813,0.006423982869379015,0.025423728813559324,0.0
0.1059322033898305,0.010706638115631691,0.06991525423728813,0.006423982869379015,0.025423728813559324,0.0
0.1059322033898305,0.010706638115631691,0.06991525423728813,0.006423982869379015,0.025423728813559324,0.0
0.1059322033898305,0.010706638115631691,0.06991525423728813,0.006423982869379015,0.025423728813559324,0.0
0.1059322033898305,0.010706638115631691,0.06991525423728813,0.006423982869379015,0.025423728813559324,0.0
0.1038135593220339,0.010706638115631691,0.06991525423728813,0.006423982869379015,0.025423728813559324,0.0
0.1038135593220339,0.010706638115631691,0.06991525423728813,0.006423982869379015,0.025423728813559324,0.0
0.1038135593220339,0.010706638115631691,0.06991525423728813,0.006423982869379015,0.023305084745762712,0.0
0.1038135593220339,0.010706638115631691,0.06991525423728813,0.006423982869379015,0.023305084745762712,0.0
0.1038135593220339,0.010706638115631691,0.06991525423728813,0.006423982869379015,0.023305084745762712,0.0
0.1038135593220339,0.010706638115631691,0.06779661016949153,0.006423982869379015,0.023305084745762712,0.0
0.1038135593220339,0.010706638115631691,0.06779661016949153,0.006423982869379015,0.023305084745762712,0.0
0.1038135593220339,0.010706638115631691,0.06779661016949153,0.006423982869379015,0.023305084745762712,0.0
0.1038135593220339,0.010706638115631691,0.06779661016949153,0.006423982869379015,0.023305084745762712,0.0
0.1038135593220339,0.010706638115631691,0.06779661016949153,0.004282655246252677,0.023305084745762712,0.0
0.1038135593220339,0.010706638115631691,0.06779661016949153,0.004282655246252677,0.023305084745762712,0.0
0.1038135593220339,0.010706638115631691,0.06779661016949153,0.004282655246252677,0.023305084745762712,0.0
0.1038135593220339,0.010706638115631691,0.06779661016949153,0.004282655246252677,0.023305084745762712,0.0
0.1038135593220339,0.010706638115631691,0.06779661016949153,0.004282655246252677,0.023305084745762712,0.0
0.1038135593220339,0.010706638115631691,0.06567796610169492,0.004282655246252677,0.023305084745762712,0.0
0.1038135593220339,0.010706638115631691,0.06567796610169492,0.004282655246252677,0.023305084745762712,0.0
0.1038135593220339,0.010706638115631691,0.06567796610169492,0.004282655246252677,0.023305084745762712,0.0
0.1038135593220339,0.010706638115631691,0.06567796610169492,0.004282655246252677,0.023305084745762712,0.0
0.1038135593220339,0.010706638115631691,0.06567796610169492,0.004282655246252677,0.023305084745762712,0.0
0.1038135593220339,0.010706638115631691,0.06567796610169492,0.004282655246252677,0.023305084745762712,0.0
0.1038135593220339,0.010706638115631691,0.06567796610169492,0.004282655246252677,0.023305084745762712,0.0
0.09745762711864407,0.010706638115631691,0.06567796610169492,0.004282655246252677,0.023305084745762712,0.0
0.09745762711864407,0.010706638115631691,0.06567796610169492,0.004282655246252677,0.023305084745762712,0.0
0.09745762711864407,0.010706638115631691,0.06567796610169492,0.004282655246252677,0.023305084745762712,0.0
0.09745762711864407,0.010706638115631691,0.0635593220338983,0.004282655246252677,0.023305084745762712,0.0
0.09745762711864407,0.010706638115631691,0.0635593220338983,0.004282655246252677,0.023305084745762712,0.0
0.09745762711864407,0.010706638115631691,0.0635593220338983,0.004282655246252677,0.023305084745762712,0.0
0.09745762711864407,0.010706638115631691,0.0635593220338983,0.004282655246252677,0.0211864406779661,0.0
0.09322033898305085,0.008565310492505354,0.0635593220338983,0.004282655246252677,0.0211864406779661,0.0
0.09322033898305085,0.008565310492505354,0.0614406779661017,0.004282655246252677,0.0211864406779661,0.0
0.09322033898305085,0.008565310492505354,0.0614406779661017,0.004282655246252677,0.0211864406779661,0.0
0.09322033898305085,0.008565310492505354,0.0614406779661017,0.004282655246252677,0.0211864406779661,0.0
0.09322033898305085,0.008565310492505354,0.0614406779661017,0.004282655246252677,0.0211864406779661,0.0
0.09322033898305085,0.008565310492505354,0.0614406779661017,0.004282655246252677,0.0211864406779661,0.0
0.09322033898305085,0.008565310492505354,0.0614406779661017,0.004282655246252677,0.0211864406779661,0.0
0.09322033898305085,0.008565310492505354,0.0614406779661017,0.004282655246252677,0.0211864406779661,0.0
0.09322033898305085,0.008565310492505354,0.0614406779661017,0.004282655246252677,0.0211864406779661,0.0
0.09322033898305085,0.008565310492505354,0.0614406779661017,0.004282655246252677,0.0211864406779661,0.0
0.09322033898305085,0.008565310492505354,0.059322033898305086,0.004282655246252677,0.0211864406779661,0.0
0.09322033898305085,0.008565310492505354,0.059322033898305086,0.004282655246252677,0.0211864406779661,0.0
0.09322033898305085,0.008565310492505354,0.059322033898305086,0.004282655246252677,0.0211864406779661,0.0
0.09110169491525423,0.008565310492505354,0.059322033898305086,0.004282655246252677,0.0211864406779661,0.0
0.09110169491525423,0.008565310492505354,0.059322033898305086,0.004282655246252677,0.0211864406779661,0.0
0.09110169491525423,0.008565310492505354,0.059322033898305086,0.004282655246252677,0.0211864406779661,0.0
0.09110169491525423,0.008565310492505354,0.059322033898305086,0.004282655246252677,0.0211864406779661,0.0
0.09110169491525423,0.008565310492505354,0.057203389830508475,0.004282655246252677,0.0211864406779661,0.0
0.09110169491525423,0.008565310492505354,0.057203389830508475,0.0021413276231263384,0.0211864406779661,0.0
0.09110169491525423,0.008565310492505354,0.057203389830508475,0.0021413276231263384,0.0211864406779661,0.0
0.09110169491525423,0.008565310492505354,0.057203389830508475,0.0021413276231263384,0.0211864406779661,0.0
0.09110169491525423,0.008565310492505354,0.057203389830508475,0.0021413276231263384,0.0211864406779661,0.0
0.09110169491525423,0.008565310492505354,0.057203389830508475,0.0021413276231263384,0.0211864406779661,0.0
0.09110169491525423,0.008565310492505354,0.057203389830508475,0.0021413276231263384,0.0211864406779661,0.0
0.09110169491525423,0.008565310492505354,0.057203389830508475,0.0021413276231263384,0.0211864406779661,0.0
0.09110169491525423,0.008565310492505354,0.057203389830508475,0.0021413276231263384,0.0211864406779661,0.0
0.09110169491525423,0.008565310492505354,0.057203389830508475,0.0021413276231263384,0.0211864406779661,0.0
0.08898305084745763,0.008565310492505354,0.057203389830508475,0.0021413276231263384,0.0211864406779661,0.0
0.08898305084745763,0.008565310492505354,0.057203389830508475,0.0021413276231263384,0.0211864406779661,0.0
0.08898305084745763,0.008565310492505354,0.057203389830508475,0.0021413276231263384,0.0211864406779661,0.0
0.08898305084745763,0.008565310492505354,0.057203389830508475,0.0021413276231263384,0.0211864406779661,0.0
0.08898305084745763,0.008565310492505354,0.057203389830508475,0.0021413276231263384,0.0211864406779661,0.0
0.08898305084745763,0.008565310492505354,0.057203389830508475,0.0021413276231263384,0.0211864406779661,0.0
0.08898305084745763,0.008565310492505354,0.05508474576271186,0.0021413276231263384,0.019067796610169493,0.0
0.08898305084745763,0.008565310492505354,0.05508474576271186,0.0021413276231263384,0.019067796610169493,0.0
0.08898305084745763,0.008565310492505354,0.05508474576271186,0.0021413276231263384,0.019067796610169493,0.0
0.08898305084745763,0.008565310492505354,0.05508474576271186,0.0021413276231263384,0.019067796610169493,0.0
0.08898305084745763,0.008565310492505354,0.05508474576271186,0.0021413276231263384,0.019067796610169493,0.0
0.08898305084745763,0.008565310492505354,0.05508474576271186,0.0021413276231263384,0.019067796610169493,0.0
0.08898305084745763,0.008565310492505354,0.05508474576271186,0.0021413276231263384,0.019067796610169493,0.0
0.08898305084745763,0.008565310492505354,0.05508474576271186,0.0021413276231263384,0.019067796610169493,0.0
0.08898305084745763,0.008565310492505354,0.05508474576271186,0.0021413276231263384,0.019067796610169493,0.0
0.08898305084745763,0.008565310492505354,0.05508474576271186,0.0021413276231263384,0.019067796610169493,0.0
0.08898305084745763,0.008565310492505354,0.05508474576271186,0.0021413276231263384,0.019067796610169493,0.0
0.08898305084745763,0.008565310492505354,0.05508474576271186,0.0021413276231263384,0.019067796610169493,0.0
0.08898305084745763,0.008565310492505354,0.05508474576271186,0.0021413276231263384,0.019067796610169493,0.0
0.08898305084745763,0.008565310492505354,0.05508474576271186,0.0021413276231263384,0.019067796610169493,0.0
0.08898305084745763,0.006423982869379015,0.05508474576271186,0.0021413276231263384,0.019067796610169493,0.0
0.08898305084745763,0.006423982869379015,0.05296610169491525,0.0021413276231263384,0.019067796610169493,0.0
0.08898305084745763,0.006423982869379015,0.05296610169491525,0.0021413276231263384,0.019067796610169493,0.0
0.08898305084745763,0.006423982869379015,0.05296610169491525,0.0021413276231263384,0.019067796610169493,0.0
0.08898305084745763,0.006423982869379015,0.05296610169491525,0.0021413276231263384,0.019067796610169493,0.0
0.08898305084745763,0.006423982869379015,0.05296610169491525,0.0021413276231263384,0.019067796610169493,0.0
0.08898305084745763,0.006423982869379015,0.05296610169491525,0.0021413276231263384,0.019067796610169493,0.0
0.08898305084745763,0.006423982869379015,0.05296610169491525,0.0021413276231263384,0.019067796610169493,0.0
0.08898305084745763,0.006423982869379015,0.05296610169491525,0.0021413276231263384,0.019067796610169493,0.0
0.08898305084745763,0.006423982869379015,0.05296610169491525,0.0021413276231263384,0.019067796610169493,0.0
0.08898305084745763,0.006423982869379015,0.05296610169491525,0.0021413276231263384,0.019067796610169493,0.0
0.08898305084745763,0.006423982869379015,0.05296610169491525,0.0021413276231263384,0.019067796610169493,0.0
0.08898305084745763,0.006423982869379015,0.05296610169491525,0.0021413276231263384,0.01694915254237288,0.0
0.08898305084745763,0.006423982869379015,0.05296610169491525,0.0021413276231263384,0.01694915254237288,0.0
0.08898305084745763,0.006423982869379015,0.05296610169491525,0.0021413276231263384,0.01694915254237288,0.0
0.08898305084745763,0.006423982869379015,0.05296610169491525,0.0021413276231263384,0.01694915254237288,0.0
0.08898305084745763,0.006423982869379015,0.05296610169491525,0.0021413276231263384,0.01694915254237288,0.0
0.08898305084745763,0.006423982869379015,0.05296610169491525,0.0021413276231263384,0.01694915254237288,0.0
0.08898305084745763,0.006423982869379015,0.05296610169491525,0.0021413276231263384,0.01694915254237288,0.0
0.08898305084745763,0.006423982869379015,0.05296610169491525,0.0021413276231263384,0.01694915254237288,0.0
0.08898305084745763,0.006423982869379015,0.05296610169491525,0.0021413276231263384,0.01694915254237288,0.0
0.08050847457627118,0.006423982869379015,0.05296610169491525,0.0021413276231263384,0.014830508474576272,0.0
0.08050847457627118,0.006423982869379015,0.05296610169491525,0.0021413276231263384,0.014830508474576272,0.0
0.08050847457627118,0.006423982869379015,0.05296610169491525,0.0021413276231263384,0.014830508474576272,0.0
0.08050847457627118,0.006423982869379015,0.05296610169491525,0.0021413276231263384,0.014830508474576272,0.0
0.08050847457627118,0.006423982869379015,0.05296610169491525,0.0021413276231263384,0.014830508474576272,0.0
0.08050847457627118,0.006423982869379015,0.05296610169491525,0.0021413276231263384,0.014830508474576272,0.0
0.08050847457627118,0.006423982869379015,0.05296610169491525,0.0021413276231263384,0.014830508474576272,0.0
0.07838983050847458,0.006423982869379015,0.05296610169491525,0.0021413276231263384,0.014830508474576272,0.0
0.07838983050847458,0.006423982869379015,0.05296610169491525,0.0021413276231263384,0.014830508474576272,0.0
0.07838983050847458,0.006423982869379015,0.05296610169491525,0.0021413276231263384,0.014830508474576272,0.0
0.07838983050847458,0.006423982869379015,0.05084745762711865,0.0021413276231263384,0.012711864406779662,0.0
0.07838983050847458,0.006423982869379015,0.05084745762711865,0.0021413276231263384,0.012711864406779662,0.0
0.07838983050847458,0.006423982869379015,0.05084745762711865,0.0021413276231263384,0.012711864406779662,0.0
0.07838983050847458,0.006423982869379015,0.05084745762711865,0.0021413276231263384,0.012711864406779662,0.0
0.07838983050847458,0.006423982869379015,0.05084745762711865,0.0021413276231263384,0.012711864406779662,0.0
0.07838983050847458,0.006423982869379015,0.05084745762711865,0.0021413276231263384,0.012711864406779662,0.0
0.07838983050847458,0.006423982869379015,0.05084745762711865,0.0021413276231263384,0.012711864406779662,0.0
0.07838983050847458,0.006423982869379015,0.048728813559322036,0.0021413276231263384,0.012711864406779662,0.0
0.07838983050847458,0.006423982869379015,0.048728813559322036,0.0021413276231263384,0.012711864406779662,0.0
0.07838983050847458,0.006423982869379015,0.048728813559322036,0.0021413276231263384,0.012711864406779662,0.0
0.07838983050847458,0.006423982869379015,0.048728813559322036,0.0021413276231263384,0.01059322033898305,0.0
0.07838983050847458,0.006423982869379015,0.048728813559322036,0.0021413276231263384,0.01059322033898305,0.0
0.07838983050847458,0.006423982869379015,0.048728813559322036,0.0021413276231263384,0.01059322033898305,0.0
0.07838983050847458,0.006423982869379015,0.048728813559322036,0.0021413276231263384,0.01059322033898305,0.0
0.07838983050847458,0.006423982869379015,0.048728813559322036,0.0021413276231263384,0.01059322033898305,0.0
0.07838983050847458,0.006423982869379015,0.048728813559322036,0.0021413276231263384,0.01059322033898305,0.0
0.07838983050847458,0.006423982869379015,0.048728813559322036,0.0021413276231263384,0.01059322033898305,0.0
0.07838983050847458,0.006423982869379015,0.048728813559322036,0.0021413276231263384,0.01059322033898305,0.0
0.07838983050847458,0.006423982869379015,0.048728813559322036,0.0021413276231263384,0.01059322033898305,0.0
0.07838983050847458,0.006423982869379015,0.048728813559322036,0.0021413276231263384,0.01059322033898305,0.0
0.07838983050847458,0.006423982869379015,0.048728813559322036,0.0021413276231263384,0.01059322033898305,0.0
0.07838983050847458,0.006423982869379015,0.048728813559322036,0.0021413276231263384,0.01059322033898305,0.0
0.07838983050847458,0.006423982869379015,0.048728813559322036,0.0021413276231263384,0.01059322033898305,0.0
0.07838983050847458,0.006423982869379015,0.048728813559322036,0.0021413276231263384,0.01059322033898305,0.0
0.07415254237288135,0.006423982869379015,0.048728813559322036,0.0021413276231263384,0.01059322033898305,0.0
0.07415254237288135,0.006423982869379015,0.048728813559322036,0.0021413276231263384,0.01059322033898305,0.0
0.07415254237288135,0.006423982869379015,0.048728813559322036,0.0021413276231263384,0.01059322033898305,0.0
0.07415254237288135,0.006423982869379015,0.048728813559322036,0.0021413276231263384,0.01059322033898305,0.0
0.07415254237288135,0.006423982869379015,0.048728813559322036,0.0021413276231263384,0.01059322033898305,0.0
0.07415254237288135,0.006423982869379015,0.048728813559322036,0.0021413276231263384,0.01059322033898305,0.0
0.07415254237288135,0.006423982869379015,0.048728813559322036,0.0021413276231263384,0.01059322033898305,0.0
0.07415254237288135,0.006423982869379015,0.048728813559322036,0.0021413276231263384,0.01059322033898305,0.0
0.07415254237288135,0.006423982869379015,0.048728813559322036,0.0021413276231263384,0.01059322033898305,0.0
0.07415254237288135,0.006423982869379015,0.048728813559322036,0.0021413276231263384,0.01059322033898305,0.0
0.07415254237288135,0.006423982869379015,0.048728813559322036,0.0021413276231263384,0.01059322033898305,0.0
0.07415254237288135,0.006423982869379015,0.048728813559322036,0.0021413276231263384,0.01059322033898305,0.0
0.07415254237288135,0.006423982869379015,0.048728813559322036,0.0021413276231263384,0.01059322033898305,0.0
0.07415254237288135,0.006423982869379015,0.048728813559322036,0.0021413276231263384,0.01059322033898305,0.0
0.07415254237288135,0.006423982869379015,0.048728813559322036,0.0021413276231263384,0.01059322033898305,0.0
0.07415254237288135,0.006423982869379015,0.048728813559322036,0.0021413276231263384,0.01059322033898305,0.0
0.07415254237288135,0.006423982869379015,0.048728813559322036,0.0021413276231263384,0.01059322033898305,0.0
0.07415254237288135,0.006423982869379015,0.048728813559322036,0.0021413276231263384,0.01059322033898305,0.0
0.07415254237288135,0.006423982869379015,0.048728813559322036,0.0021413276231263384,0.01059322033898305,0.0
0.07415254237288135,0.006423982869379015,0.048728813559322036,0.0,0.01059322033898305,0.0
0.07415254237288135,0.006423982869379015,0.048728813559322036,0.0,0.01059322033898305,0.0
0.06991525423728813,0.004282655246252677,0.048728813559322036,0.0,0.00847457627118644,0.0
0.06991525423728813,0.004282655246252677,0.048728813559322036,0.0,0.00847457627118644,0.0
0.06991525423728813,0.004282655246252677,0.048728813559322036,0.0,0.00847457627118644,0.0
0.06991525423728813,0.004282655246252677,0.048728813559322036,0.0,0.00847457627118644,0.0
0.06991525423728813,0.004282655246252677,0.048728813559322036,0.0,0.00847457627118644,0.0
0.06991525423728813,0.004282655246252677,0.048728813559322036,0.0,0.00847457627118644,0.0
0.06567796610169492,0.004282655246252677,0.048728813559322036,0.0,0.00847457627118644,0.0
0.06567796610169492,0.004282655246252677,0.048728813559322036,0.0,0.00847457627118644,0.0
0.06567796610169492,0.004282655246252677,0.048728813559322036,0.0,0.00847457627118644,0.0
0.06567796610169492,0.004282655246252677,0.048728813559322036,0.0,0.00847457627118644,0.0
0.06567796610169492,0.004282655246252677,0.048728813559322036,0.0,0.00847457627118644,0.0
0.06567796610169492,0.004282655246252677,0.048728813559322036,0.0,0.00847457627118644,0.0
0.06567796610169492,0.004282655246252677,0.048728813559322036,0.0,0.00847457627118644,0.0
0.0635593220338983,0.004282655246252677,0.048728813559322036,0.0,0.00847457627118644,0.0
0.0635593220338983,0.004282655246252677,0.048728813559322036,0.0,0.00847457627118644,0.0
0.0635593220338983,0.004282655246252677,0.048728813559322036,0.0,0.00847457627118644,0.0
0.0635593220338983,0.004282655246252677,0.048728813559322036,0.0,0.00847457627118644,0.0
0.0635593220338983,0.004282655246252677,0.048728813559322036,0.0,0.00847457627118644,0.0
0.0635593220338983,0.004282655246252677,0.048728813559322036,0.0,0.00847457627118644,0.0
0.0635593220338983,0.004282655246252677,0.048728813559322036,0.0,0.00847457627118644,0.0
0.0635593220338983,0.004282655246252677,0.048728813559322036,0.0,0.00847457627118644,0.0
0.0635593220338983,0.004282655246252677,0.048728813559322036,0.0,0.00847457627118644,0.0
0.0635593220338983,0.004282655246252677,0.048728813559322036,0.0,0.00847457627118644,0.0
0.0635593220338983,0.004282655246252677,0.048728813559322036,0.0,0.00847457627118644,0.0
0.0635593220338983,0.004282655246252677,0.048728813559322036,0.0,0.00847457627118644,0.0
0.0635593220338983,0.004282655246252677,0.048728813559322036,0.0,0.00847457627118644,0.0
0.0635593220338983,0.004282655246252677,0.048728813559322036,0.0,0.00847457627118644,0.0
0.0614406779661017,0.004282655246252677,0.048728813559322036,0.0,0.00847457627118644,0.0
0.0614406779661017,0.004282655246252677,0.048728813559322036,0.0,0.00847457627118644,0.0
0.0614406779661017,0.004282655246252677,0.048728813559322036,0.0,0.00847457627118644,0.0
0.0614406779661017,0.004282655246252677,0.048728813559322036,0.0,0.00847457627118644,0.0
0.0614406779661017,0.004282655246252677,0.048728813559322036,0.0,0.00847457627118644,0.0
0.0614406779661017,0.004282655246252677,0.048728813559322036,0.0,0.00847457627118644,0.0
0.0614406779661017,0.004282655246252677,0.046610169491525424,0.0,0.00847457627118644,0.0
0.059322033898305086,0.004282655246252677,0.046610169491525424,0.0,0.00847457627118644,0.0
0.059322033898305086,0.004282655246252677,0.046610169491525424,0.0,0.00847457627118644,0.0
0.059322033898305086,0.004282655246252677,0.046610169491525424,0.0,0.00847457627118644,0.0
0.059322033898305086,0.004282655246252677,0.046610169491525424,0.0,0.00847457627118644,0.0
0.059322033898305086,0.004282655246252677,0.046610169491525424,0.0,0.00847457627118644,0.0
0.059322033898305086,0.004282655246252677,0.046610169491525424,0.0,0.00847457627118644,0.0
0.059322033898305086,0.004282655246252677,0.046610169491525424,0.0,0.00847457627118644,0.0
0.05508474576271186,0.004282655246252677,0.046610169491525424,0.0,0.00847457627118644,0.0
0.05508474576271186,0.004282655246252677,0.046610169491525424,0.0,0.00847457627118644,0.0
0.05508474576271186,0.004282655246252677,0.046610169491525424,0.0,0.00847457627118644,0.0
0.05508474576271186,0.004282655246252677,0.046610169491525424,0.0,0.00847457627118644,0.0
0.05508474576271186,0.004282655246252677,0.046610169491525424,0.0,0.00847457627118644,0.0
0.05508474576271186,0.004282655246252677,0.046610169491525424,0.0,0.00847457627118644,0.0
0.05508474576271186,0.004282655246252677,0.046610169491525424,0.0,0.00847457627118644,0.0
0.05508474576271186,0.004282655246252677,0.046610169491525424,0.0,0.00847457627118644,0.0
0.05508474576271186,0.004282655246252677,0.046610169491525424,0.0,0.006355932203389831,0.0
0.05508474576271186,0.004282655246252677,0.046610169491525424,0.0,0.006355932203389831,0.0
0.05508474576271186,0.004282655246252677,0.046610169491525424,0.0,0.006355932203389831,0.0
0.05508474576271186,0.004282655246252677,0.04449152542372881,0.0,0.006355932203389831,0.0
0.05508474576271186,0.004282655246252677,0.04449152542372881,0.0,0.006355932203389831,0.0
0.05508474576271186,0.004282655246252677,0.04449152542372881,0.0,0.006355932203389831,0.0
0.05508474576271186,0.004282655246252677,0.04449152542372881,0.0,0.006355932203389831,0.0
0.05508474576271186,0.004282655246252677,0.04449152542372881,0.0,0.006355932203389831,0.0
0.05508474576271186,0.004282655246252677,0.04449152542372881,0.0,0.006355932203389831,0.0
0.05508474576271186,0.004282655246252677,0.04449152542372881,0.0,0.006355932203389831,0.0
0.05508474576271186,0.004282655246252677,0.04449152542372881,0.0,0.006355932203389831,0.0
0.05508474576271186,0.004282655246252677,0.04449152542372881,0.0,0.006355932203389831,0.0
0.05296610169491525,0.004282655246252677,0.04449152542372881,0.0,0.006355932203389831,0.0
0.05296610169491525,0.004282655246252677,0.04449152542372881,0.0,0.006355932203389831,0.0
0.05296610169491525,0.004282655246252677,0.04449152542372881,0.0,0.006355932203389831,0.0
0.05296610169491525,0.004282655246252677,0.04449152542372881,0.0,0.006355932203389831,0.0
0.05296610169491525,0.004282655246252677,0.04449152542372881,0.0,0.006355932203389831,0.0
0.05296610169491525,0.004282655246252677,0.04449152542372881,0.0,0.006355932203389831,0.0
0.05296610169491525,0.004282655246252677,0.04449152542372881,0.0,0.006355932203389831,0.0
0.05296610169491525,0.0021413276231263384,0.04449152542372881,0.0,0.006355932203389831,0.0
0.05296610169491525,0.0021413276231263384,0.04449152542372881,0.0,0.006355932203389831,0.0
0.05296610169491525,0.0021413276231263384,0.04449152542372881,0.0,0.006355932203389831,0.0
0.05296610169491525,0.0021413276231263384,0.04449152542372881,0.0,0.006355932203389831,0.0
0.05296610169491525,0.0021413276231263384,0.04449152542372881,0.0,0.006355932203389831,0.0
0.05296610169491525,0.0021413276231263384,0.04449152542372881,0.0,0.006355932203389831,0.0
0.05296610169491525,0.0021413276231263384,0.04449152542372881,0.0,0.006355932203389831,0.0
0.05084745762711865,0.0021413276231263384,0.04449152542372881,0.0,0.006355932203389831,0.0
0.05084745762711865,0.0021413276231263384,0.04449152542372881,0.0,0.006355932203389831,0.0
0.05084745762711865,0.0021413276231263384,0.04449152542372881,0.0,0.006355932203389831,0.0
0.05084745762711865,0.0021413276231263384,0.04449152542372881,0.0,0.006355932203389831,0.0
0.05084745762711865,0.0021413276231263384,0.04449152542372881,0.0,0.006355932203389831,0.0
0.05084745762711865,0.0021413276231263384,0.04449152542372881,0.0,0.006355932203389831,0.0
0.05084745762711865,0.0021413276231263384,0.04449152542372881,0.0,0.006355932203389831,0.0
0.048728813559322036,0.0021413276231263384,0.04449152542372881,0.0,0.00211864406779661,0.0
0.048728813559322036,0.0021413276231263384,0.04449152542372881,0.0,0.00211864406779661,0.0
0.048728813559322036,0.0021413276231263384,0.04449152542372881,0.0,0.00211864406779661,0.0
0.048728813559322036,0.0021413276231263384,0.04449152542372881,0.0,0.00211864406779661,0.0
0.048728813559322036,0.0021413276231263384,0.04449152542372881,0.0,0.00211864406779661,0.0
0.048728813559322036,0.0021413276231263384,0.04449152542372881,0.0,0.00211864406779661,0.0
0.048728813559322036,0.0021413276231263384,0.0423728813559322,0.0,0.00211864406779661,0.0
0.048728813559322036,0.0021413276231263384,0.0423728813559322,0.0,0.00211864406779661,0.0
0.048728813559322036,0.0021413276231263384,0.0423728813559322,0.0,0.00211864406779661,0.0
0.048728813559322036,0.0021413276231263384,0.0423728813559322,0.0,0.00211864406779661,0.0
0.048728813559322036,0.0021413276231263384,0.0423728813559322,0.0,0.00211864406779661,0.0
0.048728813559322036,0.0021413276231263384,0.0423728813559322,0.0,0.0,0.0
0.048728813559322036,0.0021413276231263384,0.0423728813559322,0.0,0.0,0.0
0.048728813559322036,0.0021413276231263384,0.0423728813559322,0.0,0.0,0.0
0.048728813559322036,0.0021413276231263384,0.0423728813559322,0.0,0.0,0.0
0.048728813559322036,0.0021413276231263384,0.0423728813559322,0.0,0.0,0.0
0.048728813559322036,0.0021413276231263384,0.0423728813559322,0.0,0.0,0.0
0.048728813559322036,0.0021413276231263384,0.0423728813559322,0.0,0.0,0.0
0.048728813559322036,0.0021413276231263384,0.0423728813559322,0.0,0.0,0.0
0.048728813559322036,0.0021413276231263384,0.0423728813559322,0.0,0.0,0.0
0.048728813559322036,0.0021413276231263384,0.0423728813559322,0.0,0.0,0.0
0.048728813559322036,0.0021413276231263384,0.0423728813559322,0.0,0.0,0.0
0.048728813559322036,0.0021413276231263384,0.0423728813559322,0.0,0.0,0.0
0.048728813559322036,0.0021413276231263384,0.0423728813559322,0.0,0.0,0.0
0.048728813559322036,0.0021413276231263384,0.0423728813559322,0.0,0.0,0.0
0.048728813559322036,0.0021413276231263384,0.04025423728813559,0.0,0.0,0.0
0.048728813559322036,0.0021413276231263384,0.04025423728813559,0.0,0.0,0.0
0.048728813559322036,0.0021413276231263384,0.04025423728813559,0.0,0.0,0.0
0.048728813559322036,0.0021413276231263384,0.04025423728813559,0.0,0.0,0.0
0.048728813559322036,0.0021413276231263384,0.04025423728813559,0.0,0.0,0.0
0.048728813559322036,0.0021413276231263384,0.04025423728813559,0.0,0.0,0.0
0.048728813559322036,0.0021413276231263384,0.04025423728813559,0.0,0.0,0.0
0.048728813559322036,0.0021413276231263384,0.04025423728813559,0.0,0.0,0.0
0.048728813559322036,0.0021413276231263384,0.04025423728813559,0.0,0.0,0.0
0.04449152542372881,0.0021413276231263384,0.04025423728813559,0.0,0.0,0.0
0.04449152542372881,0.0021413276231263384,0.04025423728813559,0.0,0.0,0.0
0.04449152542372881,0.0021413276231263384,0.04025423728813559,0.0,0.0,0.0
0.04449152542372881,0.0021413276231263384,0.04025423728813559,0.0,0.0,0.0
0.04449152542372881,0.0021413276231263384,0.04025423728813559,0.0,0.0,0.0
0.04449152542372881,0.0021413276231263384,0.04025423728813559,0.0,0.0,0.0
0.04449152542372881,0.0021413276231263384,0.04025423728813559,0.0,0.0,0.0
0.0423728813559322,0.0021413276231263384,0.038135593220338986,0.0,0.0,0.0
0.0423728813559322,0.0021413276231263384,0.038135593220338986,0.0,0.0,0.0
0.0423728813559322,0.0021413276231263384,0.038135593220338986,0.0,0.0,0.0
0.0423728813559322,0.0021413276231263384,0.038135593220338986,0.0,0.0,0.0
0.0423728813559322,0.0021413276231263384,0.038135593220338986,0.0,0.0,0.0
0.0423728813559322,0.0021413276231263384,0.038135593220338986,0.0,0.0,0.0
0.0423728813559322,0.0021413276231263384,0.038135593220338986,0.0,0.0,0.0
0.0423728813559322,0.0,0.038135593220338986,0.0,0.0,0.0
0.0423728813559322,0.0,0.038135593220338986,0.0,0.0,0.0
0.0423728813559322,0.0,0.038135593220338986,0.0,0.0,0.0
0.0423728813559322,0.0,0.038135593220338986,0.0,0.0,0.0
0.0423728813559322,0.0,0.038135593220338986,0.0,0.0,0.0
0.0423728813559322,0.0,0.038135593220338986,0.0,0.0,0.0
0.0423728813559322,0.0,0.038135593220338986,0.0,0.0,0.0
0.0423728813559322,0.0,0.038135593220338986,0.0,0.0,0.0
0.0423728813559322,0.0,0.038135593220338986,0.0,0.0,0.0
0.0423728813559322,0.0,0.038135593220338986,0.0,0.0,0.0
0.0423728813559322,0.0,0.038135593220338986,0.0,0.0,0.0
0.0423728813559322,0.0,0.038135593220338986,0.0,0.0,0.0
0.0423728813559322,0.0,0.038135593220338986,0.0,0.0,0.0
0.0423728813559322,0.0,0.038135593220338986,0.0,0.0,0.0
0.0423728813559322,0.0,0.038135593220338986,0.0,0.0,0.0
0.0423728813559322,0.0,0.038135593220338986,0.0,0.0,0.0
0.0423728813559322,0.0,0.038135593220338986,0.0,0.0,0.0
0.0423728813559322,0.0,0.036016949152542374,0.0,0.0,0.0
0.0423728813559322,0.0,0.036016949152542374,0.0,0.0,0.0
0.0423728813559322,0.0,0.036016949152542374,0.0,0.0,0.0
0.0423728813559322,0.0,0.036016949152542374,0.0,0.0,0.0
0.0423728813559322,0.0,0.036016949152542374,0.0,0.0,0.0
0.0423728813559322,0.0,0.036016949152542374,0.0,0.0,0.0
0.0423728813559322,0.0,0.036016949152542374,0.0,0.0,0.0
0.0423728813559322,0.0,0.036016949152542374,0.0,0.0,0.0
0.0423728813559322,0.0,0.036016949152542374,0.0,0.0,0.0
0.0423728813559322,0.0,0.036016949152542374,0.0,0.0,0.0
0.04025423728813559,0.0,0.036016949152542374,0.0,0.0,0.0
0.04025423728813559,0.0,0.036016949152542374,0.0,0.0,0.0
0.04025423728813559,0.0,0.03389830508474576,0.0,0.0,0.0
0.04025423728813559,0.0,0.03389830508474576,0.0,0.0,0.0
0.04025423728813559,0.0,0.03389830508474576,0.0,0.0,0.0
0.04025423728813559,0.0,0.03389830508474576,0.0,0.0,0.0
0.04025423728813559,0.0,0.03389830508474576,0.0,0.0,0.0
0.038135593220338986,0.0,0.03177966101694915,0.0,0.0,0.0
0.038135593220338986,0.0,0.03177966101694915,0.0,0.0,0.0
0.038135593220338986,0.0,0.03177966101694915,0.0,0.0,0.0
0.038135593220338986,0.0,0.03177966101694915,0.0,0.0,0.0
0.038135593220338986,0.0,0.03177966101694915,0.0,0.0,0.0
0.038135593220338986,0.0,0.029661016949152543,0.0,0.0,0.0
0.038135593220338986,0.0,0.029661016949152543,0.0,0.0,0.0
0.038135593220338986,0.0,0.029661016949152543,0.0,0.0,0.0
0.038135593220338986,0.0,0.029661016949152543,0.0,0.0,0.0
0.038135593220338986,0.0,0.029661016949152543,0.0,0.0,0.0
0.038135593220338986,0.0,0.029661016949152543,0.0,0.0,0.0
0.038135593220338986,0.0,0.029661016949152543,0.0,0.0,0.0
0.038135593220338986,0.0,0.029661016949152543,0.0,0.0,0.0
0.036016949152542374,0.0,0.029661016949152543,0.0,0.0,0.0
0.036016949152542374,0.0,0.029661016949152543,0.0,0.0,0.0
0.036016949152542374,0.0,0.029661016949152543,0.0,0.0,0.0
0.036016949152542374,0.0,0.029661016949152543,0.0,0.0,0.0
0.036016949152542374,0.0,0.029661016949152543,0.0,0.0,0.0
0.036016949152542374,0.0,0.029661016949152543,0.0,0.0,0.0
0.036016949152542374,0.0,0.029661016949152543,0.0,0.0,0.0
0.036016949152542374,0.0,0.029661016949152543,0.0,0.0,0.0
0.036016949152542374,0.0,0.029661016949152543,0.0,0.0,0.0
0.036016949152542374,0.0,0.029661016949152543,0.0,0.0,0.0
0.036016949152542374,0.0,0.029661016949152543,0.0,0.0,0.0
0.036016949152542374,0.0,0.029661016949152543,0.0,0.0,0.0
0.036016949152542374,0.0,0.029661016949152543,0.0,0.0,0.0
0.036016949152542374,0.0,0.029661016949152543,0.0,0.0,0.0
0.03389830508474576,0.0,0.029661016949152543,0.0,0.0,0.0
0.03389830508474576,0.0,0.029661016949152543,0.0,0.0,0.0
0.03389830508474576,0.0,0.029661016949152543,0.0,0.0,0.0
0.03389830508474576,0.0,0.029661016949152543,0.0,0.0,0.0
0.03389830508474576,0.0,0.029661016949152543,0.0,0.0,0.0
0.03389830508474576,0.0,0.029661016949152543,0.0,0.0,0.0
0.03389830508474576,0.0,0.029661016949152543,0.0,0.0,0.0
0.03389830508474576,0.0,0.029661016949152543,0.0,0.0,0.0
0.03389830508474576,0.0,0.029661016949152543,0.0,0.0,0.0
0.03389830508474576,0.0,0.02754237288135593,0.0,0.0,0.0
0.03389830508474576,0.0,0.02754237288135593,0.0,0.0,0.0
0.03389830508474576,0.0,0.02754237288135593,0.0,0.0,0.0
0.03389830508474576,0.0,0.02754237288135593,0.0,0.0,0.0
0.03389830508474576,0.0,0.02754237288135593,0.0,0.0,0.0
0.029661016949152543,0.0,0.02754237288135593,0.0,0.0,0.0
0.029661016949152543,0.0,0.02754237288135593,0.0,0.0,0.0
0.029661016949152543,0.0,0.02754237288135593,0.0,0.0,0.0
0.029661016949152543,0.0,0.02754237288135593,0.0,0.0,0.0
0.029661016949152543,0.0,0.02754237288135593,0.0,0.0,0.0
0.029661016949152543,0.0,0.02754237288135593,0.0,0.0,0.0
0.029661016949152543,0.0,0.02754237288135593,0.0,0.0,0.0
0.029661016949152543,0.0,0.02754237288135593,0.0,0.0,0.0
0.029661016949152543,0.0,0.02754237288135593,0.0,0.0,0.0
0.029661016949152543,0.0,0.02754237288135593,0.0,0.0,0.0
0.029661016949152543,0.0,0.02754237288135593,0.0,0.0,0.0
0.029661016949152543,0.0,0.025423728813559324,0.0,0.0,0.0
0.029661016949152543,0.0,0.025423728813559324,0.0,0.0,0.0
0.029661016949152543,0.0,0.025423728813559324,0.0,0.0,0.0
0.029661016949152543,0.0,0.025423728813559324,0.0,0.0,0.0
0.029661016949152543,0.0,0.025423728813559324,0.0,0.0,0.0
0.029661016949152543,0.0,0.025423728813559324,0.0,0.0,0.0
0.029661016949152543,0.0,0.025423728813559324,0.0,0.0,0.0
0.029661016949152543,0.0,0.025423728813559324,0.0,0.0,0.0
0.029661016949152543,0.0,0.025423728813559324,0.0,0.0,0.0
0.029661016949152543,0.0,0.025423728813559324,0.0,0.0,0.0
0.029661016949152543,0.0,0.025423728813559324,0.0,0.0,0.0
0.029661016949152543,0.0,0.025423728813559324,0.0,0.0,0.0
0.029661016949152543,0.0,0.025423728813559324,0.0,0.0,0.0
0.029661016949152543,0.0,0.025423728813559324,0.0,0.0,0.0
0.029661016949152543,0.0,0.025423728813559324,0.0,0.0,0.0
0.029661016949152543,0.0,0.025423728813559324,0.0,0.0,0.0
0.029661016949152543,0.0,0.025423728813559324,0.0,0.0,0.0
0.029661016949152543,0.0,0.025423728813559324,0.0,0.0,0.0
0.029661016949152543,0.0,0.025423728813559324,0.0,0.0,0.0
0.029661016949152543,0.0,0.023305084745762712,0.0,0.0,0.0
0.029661016949152543,0.0,0.023305084745762712,0.0,0.0,0.0
0.029661016949152543,0.0,0.0211864406779661,0.0,0.0,0.0
0.029661016949152543,0.0,0.0211864406779661,0.0,0.0,0.0
0.029661016949152543,0.0,0.0211864406779661,0.0,0.0,0.0
0.029661016949152543,0.0,0.0211864406779661,0.0,0.0,0.0
0.029661016949152543,0.0,0.0211864406779661,0.0,0.0,0.0
0.029661016949152543,0.0,0.0211864406779661,0.0,0.0,0.0
0.029661016949152543,0.0,0.0211864406779661,0.0,0.0,0.0
0.029661016949152543,0.0,0.0211864406779661,0.0,0.0,0.0
0.029661016949152543,0.0,0.0211864406779661,0.0,0.0,0.0
0.029661016949152543,0.0,0.0211864406779661,0.0,0.0,0.0
0.029661016949152543,0.0,0.0211864406779661,0.0,0.0,0.0
0.029661016949152543,0.0,0.0211864406779661,0.0,0.0,0.0
0.029661016949152543,0.0,0.0211864406779661,0.0,0.0,0.0
0.029661016949152543,0.0,0.0211864406779661,0.0,0.0,0.0
0.029661016949152543,0.0,0.0211864406779661,0.0,0.0,0.0
0.029661016949152543,0.0,0.0211864406779661,0.0,0.0,0.0
0.029661016949152543,0.0,0.0211864406779661,0.0,0.0,0.0
0.029661016949152543,0.0,0.0211864406779661,0.0,0.0,0.0
0.029661016949152543,0.0,0.0211864406779661,0.0,0.0,0.0
0.029661016949152543,0.0,0.0211864406779661,0.0,0.0,0.0
0.029661016949152543,0.0,0.019067796610169493,0.0,0.0,0.0
0.029661016949152543,0.0,0.019067796610169493,0.0,0.0,0.0
0.02754237288135593,0.0,0.019067796610169493,0.0,0.0,0.0
0.02754237288135593,0.0,0.019067796610169493,0.0,0.0,0.0
0.02754237288135593,0.0,0.019067796610169493,0.0,0.0,0.0
0.02754237288135593,0.0,0.019067796610169493,0.0,0.0,0.0
0.02754237288135593,0.0,0.019067796610169493,0.0,0.0,0.0
0.02754237288135593,0.0,0.019067796610169493,0.0,0.0,0.0
0.02754237288135593,0.0,0.019067796610169493,0.0,0.0,0.0
0.02754237288135593,0.0,0.019067796610169493,0.0,0.0,0.0
0.02754237288135593,0.0,0.019067796610169493,0.0,0.0,0.0
0.02754237288135593,0.0,0.019067796610169493,0.0,0.0,0.0
0.02754237288135593,0.0,0.019067796610169493,0.0,0.0,0.0
0.02754237288135593,0.0,0.01694915254237288,0.0,0.0,0.0
0.02754237288135593,0.0,0.01694915254237288,0.0,0.0,0.0
0.02754237288135593,0.0,0.01694915254237288,0.0,0.0,0.0
0.025423728813559324,0.0,0.01694915254237288,0.0,0.0,0.0
0.025423728813559324,0.0,0.01694915254237288,0.0,0.0,0.0
0.025423728813559324,0.0,0.01694915254237288,0.0,0.0,0.0
0.025423728813559324,0.0,0.01694915254237288,0.0,0.0,0.0
0.025423728813559324,0.0,0.01694915254237288,0.0,0.0,0.0
0.025423728813559324,0.0,0.01694915254237288,0.0,0.0,0.0
0.025423728813559324,0.0,0.01694915254237288,0.0,0.0,0.0
0.0211864406779661,0.0,0.01694915254237288,0.0,0.0,0.0
0.0211864406779661,0.0,0.01694915254237288,0.0,0.0,0.0
0.0211864406779661,0.0,0.01694915254237288,0.0,0.0,0.0
0.0211864406779661,0.0,0.01694915254237288,0.0,0.0,0.0
0.0211864406779661,0.0,0.01694915254237288,0.0,0.0,0.0
0.0211864406779661,0.0,0.01694915254237288,0.0,0.0,0.0
0.0211864406779661,0.0,0.01694915254237288,0.0,0.0,0.0
0.0211864406779661,0.0,0.01694915254237288,0.0,0.0,0.0
0.0211864406779661,0.0,0.01694915254237288,0.0,0.0,0.0
0.0211864406779661,0.0,0.01694915254237288,0.0,0.0,0.0
0.0211864406779661,0.0,0.01694915254237288,0.0,0.0,0.0
0.0211864406779661,0.0,0.01694915254237288,0.0,0.0,0.0
0.0211864406779661,0.0,0.01694915254237288,0.0,0.0,0.0
0.0211864406779661,0.0,0.01694915254237288,0.0,0.0,0.0
0.0211864406779661,0.0,0.01694915254237288,0.0,0.0,0.0
0.0211864406779661,0.0,0.01694915254237288,0.0,0.0,0.0
0.0211864406779661,0.0,0.01694915254237288,0.0,0.0,0.0
0.0211864406779661,0.0,0.01694915254237288,0.0,0.0,0.0
0.0211864406779661,0.0,0.01694915254237288,0.0,0.0,0.0
0.0211864406779661,0.0,0.01694915254237288,0.0,0.0,0.0
0.019067796610169493,0.0,0.01694915254237288,0.0,0.0,0.0
0.019067796610169493,0.0,0.01694915254237288,0.0,0.0,0.0
0.019067796610169493,0.0,0.01694915254237288,0.0,0.0,0.0
0.019067796610169493,0.0,0.01694915254237288,0.0,0.0,0.0
0.019067796610169493,0.0,0.01694915254237288,0.0,0.0,0.0
0.019067796610169493,0.0,0.01694915254237288,0.0,0.0,0.0
0.019067796610169493,0.0,0.01694915254237288,0.0,0.0,0.0
0.01694915254237288,0.0,0.014830508474576272,0.0,0.0,0.0
0.01694915254237288,0.0,0.014830508474576272,0.0,0.0,0.0
0.01694915254237288,0.0,0.012711864406779662,0.0,0.0,0.0
0.01694915254237288,0.0,0.012711864406779662,0.0,0.0,0.0
0.01694915254237288,0.0,0.012711864406779662,0.0,0.0,0.0
0.01694915254237288,0.0,0.012711864406779662,0.0,0.0,0.0
0.01694915254237288,0.0,0.012711864406779662,0.0,0.0,0.0
0.01694915254237288,0.0,0.012711864406779662,0.0,0.0,0.0
0.01694915254237288,0.0,0.012711864406779662,0.0,0.0,0.0
0.01694915254237288,0.0,0.012711864406779662,0.0,0.0,0.0
0.01694915254237288,0.0,0.012711864406779662,0.0,0.0,0.0
0.01694915254237288,0.0,0.012711864406779662,0.0,0.0,0.0
0.01694915254237288,0.0,0.012711864406779662,0.0,0.0,0.0
0.01694915254237288,0.0,0.012711864406779662,0.0,0.0,0.0
0.01694915254237288,0.0,0.012711864406779662,0.0,0.0,0.0
0.01694915254237288,0.0,0.012711864406779662,0.0,0.0,0.0
0.01694915254237288,0.0,0.012711864406779662,0.0,0.0,0.0
0.01694915254237288,0.0,0.012711864406779662,0.0,0.0,0.0
0.01694915254237288,0.0,0.012711864406779662,0.0,0.0,0.0
0.01694915254237288,0.0,0.012711864406779662,0.0,0.0,0.0
0.01694915254237288,0.0,0.012711864406779662,0.0,0.0,0.0
0.01694915254237288,0.0,0.012711864406779662,0.0,0.0,0.0
0.01694915254237288,0.0,0.012711864406779662,0.0,0.0,0.0
0.01694915254237288,0.0,0.01059322033898305,0.0,0.0,0.0
0.01694915254237288,0.0,0.01059322033898305,0.0,0.0,0.0
0.01694915254237288,0.0,0.00847457627118644,0.0,0.0,0.0
0.01694915254237288,0.0,0.00847457627118644,0.0,0.0,0.0
0.01694915254237288,0.0,0.00847457627118644,0.0,0.0,0.0
0.01694915254237288,0.0,0.00847457627118644,0.0,0.0,0.0
0.01694915254237288,0.0,0.00847457627118644,0.0,0.0,0.0
0.01694915254237288,0.0,0.00847457627118644,0.0,0.0,0.0
0.01694915254237288,0.0,0.00847457627118644,0.0,0.0,0.0
0.01694915254237288,0.0,0.00847457627118644,0.0,0.0,0.0
0.01694915254237288,0.0,0.00847457627118644,0.0,0.0,0.0
0.01694915254237288,0.0,0.00847457627118644,0.0,0.0,0.0
0.01694915254237288,0.0,0.00847457627118644,0.0,0.0,0.0
0.01694915254237288,0.0,0.00847457627118644,0.0,0.0,0.0
0.01694915254237288,0.0,0.00847457627118644,0.0,0.0,0.0
0.01694915254237288,0.0,0.00847457627118644,0.0,0.0,0.0
0.01694915254237288,0.0,0.00847457627118644,0.0,0.0,0.0
0.01694915254237288,0.0,0.00847457627118644,0.0,0.0,0.0
0.01694915254237288,0.0,0.00847457627118644,0.0,0.0,0.0
0.01694915254237288,0.0,0.00847457627118644,0.0,0.0,0.0
0.01694915254237288,0.0,0.00847457627118644,0.0,0.0,0.0
0.01694915254237288,0.0,0.00847457627118644,0.0,0.0,0.0
0.01694915254237288,0.0,0.00847457627118644,0.0,0.0,0.0
0.01694915254237288,0.0,0.00847457627118644,0.0,0.0,0.0
0.01694915254237288,0.0,0.00847457627118644,0.0,0.0,0.0
0.014830508474576272,0.0,0.00847457627118644,0.0,0.0,0.0
0.014830508474576272,0.0,0.00847457627118644,0.0,0.0,0.0
0.014830508474576272,0.0,0.00847457627118644,0.0,0.0,0.0
0.014830508474576272,0.0,0.00847457627118644,0.0,0.0,0.0
0.014830508474576272,0.0,0.00847457627118644,0.0,0.0,0.0
0.014830508474576272,0.0,0.00847457627118644,0.0,0.0,0.0
0.014830508474576272,0.0,0.00847457627118644,0.0,0.0,0.0
0.014830508474576272,0.0,0.00847457627118644,0.0,0.0,0.0
0.014830508474576272,0.0,0.00847457627118644,0.0,0.0,0.0
0.014830508474576272,0.0,0.00847457627118644,0.0,0.0,0.0
0.014830508474576272,0.0,0.00847457627118644,0.0,0.0,0.0
0.014830508474576272,0.0,0.00847457627118644,0.0,0.0,0.0
0.014830508474576272,0.0,0.00847457627118644,0.0,0.0,0.0
0.014830508474576272,0.0,0.00847457627118644,0.0,0.0,0.0
0.00847457627118644,0.0,0.00847457627118644,0.0,0.0,0.0
0.00847457627118644,0.0,0.00847457627118644,0.0,0.0,0.0
0.00847457627118644,0.0,0.00847457627118644,0.0,0.0,0.0
0.00847457627118644,0.0,0.00847457627118644,0.0,0.0,0.0
0.00847457627118644,0.0,0.00847457627118644,0.0,0.0,0.0
0.00847457627118644,0.0,0.00847457627118644,0.0,0.0,0.0
0.00847457627118644,0.0,0.00847457627118644,0.0,0.0,0.0
0.00847457627118644,0.0,0.00847457627118644,0.0,0.0,0.0
0.00847457627118644,0.0,0.00847457627118644,0.0,0.0,0.0
0.00847457627118644,0.0,0.00847457627118644,0.0,0.0,0.0
0.00847457627118644,0.0,0.00847457627118644,0.0,0.0,0.0
0.00847457627118644,0.0,0.00847457627118644,0.0,0.0,0.0
0.00847457627118644,0.0,0.00847457627118644,0.0,0.0,0.0
0.00847457627118644,0.0,0.00847457627118644,0.0,0.0,0.0
0.00847457627118644,0.0,0.00847457627118644,0.0,0.0,0.0
0.00847457627118644,0.0,0.00847457627118644,0.0,0.0,0.0
0.00847457627118644,0.0,0.006355932203389831,0.0,0.0,0.0
0.00847457627118644,0.0,0.006355932203389831,0.0,0.0,0.0
0.00847457627118644,0.0,0.006355932203389831,0.0,0.0,0.0
0.00847457627118644,0.0,0.006355932203389831,0.0,0.0,0.0
0.00847457627118644,0.0,0.006355932203389831,0.0,0.0,0.0
0.00847457627118644,0.0,0.006355932203389831,0.0,0.0,0.0
0.00847457627118644,0.0,0.006355932203389831,0.0,0.0,0.0
0.00847457627118644,0.0,0.006355932203389831,0.0,0.0,0.0
0.00847457627118644,0.0,0.006355932203389831,0.0,0.0,0.0
0.00847457627118644,0.0,0.006355932203389831,0.0,0.0,0.0
0.00847457627118644,0.0,0.006355932203389831,0.0,0.0,0.0
0.00847457627118644,0.0,0.006355932203389831,0.0,0.0,0.0
0.00847457627118644,0.0,0.006355932203389831,0.0,0.0,0.0
0.00847457627118644,0.0,0.006355932203389831,0.0,0.0,0.0
0.00847457627118644,0.0,0.006355932203389831,0.0,0.0,0.0
0.00847457627118644,0.0,0.006355932203389831,0.0,0.0,0.0
0.00847457627118644,0.0,0.006355932203389831,0.0,0.0,0.0
0.00847457627118644,0.0,0.006355932203389831,0.0,0.0,0.0
0.00847457627118644,0.0,0.006355932203389831,0.0,0.0,0.0
0.00847457627118644,0.0,0.006355932203389831,0.0,0.0,0.0
0.00847457627118644,0.0,0.006355932203389831,0.0,0.0,0.0
0.00847457627118644,0.0,0.006355932203389831,0.0,0.0,0.0
0.00847457627118644,0.0,0.006355932203389831,0.0,0.0,0.0
0.00847457627118644,0.0,0.006355932203389831,0.0,0.0,0.0
0.00847457627118644,0.0,0.006355932203389831,0.0,0.0,0.0
0.00847457627118644,0.0,0.006355932203389831,0.0,0.0,0.0
0.00847457627118644,0.0,0.006355932203389831,0.0,0.0,0.0
0.00847457627118644,0.0,0.006355932203389831,0.0,0.0,0.0
0.00847457627118644,0.0,0.006355932203389831,0.0,0.0,0.0
0.00847457627118644,0.0,0.006355932203389831,0.0,0.0,0.0
0.00847457627118644,0.0,0.006355932203389831,0.0,0.0,0.0
0.00847457627118644,0.0,0.006355932203389831,0.0,0.0,0.0
0.00847457627118644,0.0,0.006355932203389831,0.0,0.0,0.0
0.00847457627118644,0.0,0.006355932203389831,0.0,0.0,0.0
0.00847457627118644,0.0,0.006355932203389831,0.0,0.0,0.0
0.00847457627118644,0.0,0.006355932203389831,0.0,0.0,0.0
0.00847457627118644,0.0,0.006355932203389831,0.0,0.0,0.0
0.00847457627118644,0.0,0.006355932203389831,0.0,0.0,0.0
0.00847457627118644,0.0,0.006355932203389831,0.0,0.0,0.0
0.00847457627118644,0.0,0.00423728813559322,0.0,0.0,0.0
0.00847457627118644,0.0,0.00423728813559322,0.0,0.0,0.0
0.00847457627118644,0.0,0.00211864406779661,0.0,0.0,0.0
0.00847457627118644,0.0,0.00211864406779661,0.0,0.0,0.0
0.00847457627118644,0.0,0.00211864406779661,0.0,0.0,0.0
0.00847457627118644,0.0,0.00211864406779661,0.0,0.0,0.0
0.00847457627118644,0.0,0.00211864406779661,0.0,0.0,0.0
0.00847457627118644,0.0,0.00211864406779661,0.0,0.0,0.0
0.00847457627118644,0.0,0.00211864406779661,0.0,0.0,0.0
0.00847457627118644,0.0,0.00211864406779661,0.0,0.0,0.0
0.00847457627118644,0.0,0.00211864406779661,0.0,0.0,0.0
0.00847457627118644,0.0,0.00211864406779661,0.0,0.0,0.0
0.00847457627118644,0.0,0.00211864406779661,0.0,0.0,0.0
0.006355932203389831,0.0,0.00211864406779661,0.0,0.0,0.0
0.006355932203389831,0.0,0.00211864406779661,0.0,0.0,0.0
0.006355932203389831,0.0,0.00211864406779661,0.0,0.0,0.0
0.006355932203389831,0.0,0.00211864406779661,0.0,0.0,0.0
0.006355932203389831,0.0,0.00211864406779661,0.0,0.0,0.0
0.006355932203389831,0.0,0.00211864406779661,0.0,0.0,0.0
0.006355932203389831,0.0,0.00211864406779661,0.0,0.0,0.0
0.006355932203389831,0.0,0.00211864406779661,0.0,0.0,0.0
0.006355932203389831,0.0,0.00211864406779661,0.0,0.0,0.0
0.006355932203389831,0.0,0.00211864406779661,0.0,0.0,0.0
0.006355932203389831,0.0,0.00211864406779661,0.0,0.0,0.0
0.006355932203389831,0.0,0.00211864406779661,0.0,0.0,0.0
0.006355932203389831,0.0,0.00211864406779661,0.0,0.0,0.0
0.006355932203389831,0.0,0.00211864406779661,0.0,0.0,0.0
0.006355932203389831,0.0,0.00211864406779661,0.0,0.0,0.0
0.006355932203389831,0.0,0.00211864406779661,0.0,0.0,0.0
0.006355932203389831,0.0,0.00211864406779661,0.0,0.0,0.0
0.006355932203389831,0.0,0.00211864406779661,0.0,0.0,0.0
0.006355932203389831,0.0,0.00211864406779661,0.0,0.0,0.0
0.006355932203389831,0.0,0.00211864406779661,0.0,0.0,0.0
0.006355932203389831,0.0,0.00211864406779661,0.0,0.0,0.0
0.00423728813559322,0.0,0.00211864406779661,0.0,0.0,0.0
0.00423728813559322,0.0,0.00211864406779661,0.0,0.0,0.0
0.00423728813559322,0.0,0.00211864406779661,0.0,0.0,0.0
0.00423728813559322,0.0,0.00211864406779661,0.0,0.0,0.0
0.00423728813559322,0.0,0.00211864406779661,0.0,0.0,0.0
0.00423728813559322,0.0,0.00211864406779661,0.0,0.0,0.0
0.00423728813559322,0.0,0.00211864406779661,0.0,0.0,0.0
0.00423728813559322,0.0,0.00211864406779661,0.0,0.0,0.0
0.00423728813559322,0.0,0.00211864406779661,0.0,0.0,0.0
0.00423728813559322,0.0,0.00211864406779661,0.0,0.0,0.0
0.00423728813559322,0.0,0.00211864406779661,0.0,0.0,0.0
0.00423728813559322,0.0,0.00211864406779661,0.0,0.0,0.0
0.00423728813559322,0.0,0.00211864406779661,0.0,0.0,0.0
0.00423728813559322,0.0,0.00211864406779661,0.0,0.0,0.0
0.00423728813559322,0.0,0.00211864406779661,0.0,0.0,0.0
0.00423728813559322,0.0,0.00211864406779661,0.0,0.0,0.0
0.00423728813559322,0.0,0.00211864406779661,0.0,0.0,0.0
0.00423728813559322,0.0,0.00211864406779661,0.0,0.0,0.0
0.00423728813559322,0.0,0.00211864406779661,0.0,0.0,0.0
0.00423728813559322,0.0,0.00211864406779661,0.0,0.0,0.0
0.00423728813559322,0.0,0.00211864406779661,0.0,0.0,0.0
0.00423728813559322,0.0,0.00211864406779661,0.0,0.0,0.0
0.00423728813559322,0.0,0.00211864406779661,0.0,0.0,0.0
0.00423728813559322,0.0,0.00211864406779661,0.0,0.0,0.0
0.00423728813559322,0.0,0.00211864406779661,0.0,0.0,0.0
0.00423728813559322,0.0,0.00211864406779661,0.0,0.0,0.0
0.00423728813559322,0.0,0.00211864406779661,0.0,0.0,0.0
0.00423728813559322,0.0,0.00211864406779661,0.0,0.0,0.0
0.00423728813559322,0.0,0.00211864406779661,0.0,0.0,0.0
0.00423728813559322,0.0,0.00211864406779661,0.0,0.0,0.0
0.00423728813559322,0.0,0.00211864406779661,0.0,0.0,0.0
0.00423728813559322,0.0,0.00211864406779661,0.0,0.0,0.0
0.00423728813559322,0.0,0.00211864406779661,0.0,0.0,0.0
0.00423728813559322,0.0,0.00211864406779661,0.0,0.0,0.0
0.00211864406779661,0.0,0.00211864406779661,0.0,0.0,0.0
0.00211864406779661,0.0,0.00211864406779661,0.0,0.0,0.0
0.00211864406779661,0.0,0.00211864406779661,0.0,0.0,0.0
0.00211864406779661,0.0,0.00211864406779661,0.0,0.0,0.0
0.00211864406779661,0.0,0.00211864406779661,0.0,0.0,0.0
0.00211864406779661,0.0,0.00211864406779661,0.0,0.0,0.0
0.00211864406779661,0.0,0.00211864406779661,0.0,0.0,0.0
0.00211864406779661,0.0,0.00211864406779661,0.0,0.0,0.0
0.00211864406779661,0.0,0.00211864406779661,0.0,0.0,0.0
0.00211864406779661,0.0,0.00211864406779661,0.0,0.0,0.0
0.00211864406779661,0.0,0.00211864406779661,0.0,0.0,0.0
0.00211864406779661,0.0,0.00211864406779661,0.0,0.0,0.0
0.00211864406779661,0.0,0.00211864406779661,0.0,0.0,0.0
0.00211864406779661,0.0,0.00211864406779661,0.0,0.0,0.0
0.00211864406779661,0.0,0.00211864406779661,0.0,0.0,0.0
0.00211864406779661,0.0,0.00211864406779661,0.0,0.0,0.0
0.00211864406779661,0.0,0.0,0.0,0.0,0.0
0.00211864406779661,0.0,0.0,0.0,0.0,0.0
0.00211864406779661,0.0,0.0,0.0,0.0,0.0
0.00211864406779661,0.0,0.0,0.0,0.0,0.0
0.00211864406779661,0.0,0.0,0.0,0.0,0.0
0.00211864406779661,0.0,0.0,0.0,0.0,0.0
0.00211864406779661,0.0,0.0,0.0,0.0,0.0
0.00211864406779661,0.0,0.0,0.0,0.0,0.0
0.00211864406779661,0.0,0.0,0.0,0.0,0.0
0.00211864406779661,0.0,0.0,0.0,0.0,0.0
0.00211864406779661,0.0,0.0,0.0,0.0,0.0
0.00211864406779661,0.0,0.0,0.0,0.0,0.0
0.00211864406779661,0.0,0.0,0.0,0.0,0.0
0.00211864406779661,0.0,0.0,0.0,0.0,0.0
0.00211864406779661,0.0,0.0,0.0,0.0,0.0
0.00211864406779661,0.0,0.0,0.0,0.0,0.0
0.00211864406779661,0.0,0.0,0.0,0.0,0.0
0.00211864406779661,0.0,0.0,0.0,0.0,0.0
0.00211864406779661,0.0,0.0,0.0,0.0,0.0
0.00211864406779661,0.0,0.0,0.0,0.0,0.0
0.00211864406779661,0.0,0.0,0.0,0.0,0.0
0.00211864406779661,0.0,0.0,0.0,0.0,0.0
0.00211864406779661,0.0,0.0,0.0,0.0,0.0
0.00211864406779661,0.0,0.0,0.0,0.0,0.0
0.00211864406779661,0.0,0.0,0.0,0.0,0.0
0.00211864406779661,0.0,0.0,0.0,0.0,0.0
0.00211864406779661,0.0,0.0,0.0,0.0,0.0
0.00211864406779661,0.0,0.0,0.0,0.0,0.0
0.00211864406779661,0.0,0.0,0.0,0.0,0.0
0.00211864406779661,0.0,0.0,0.0,0.0,0.0
0.00211864406779661,0.0,0.0,0.0,0.0,0.0
0.00211864406779661,0.0,0.0,0.0,0.0,0.0
0.00211864406779661,0.0,0.0,0.0,0.0,0.0
0.00211864406779661,0.0,0.0,0.0,0.0,0.0
0.00211864406779661,0.0,0.0,0.0,0.0,0.0
0.00211864406779661,0.0,0.0,0.0,0.0,0.0
0.00211864406779661,0.0,0.0,0.0,0.0,0.0
0.00211864406779661,0.0,0.0,0.0,0.0,0.0
0.00211864406779661,0.0,0.0,0.0,0.0,0.0
0.00211864406779661,0.0,0.0,0.0,0.0,0.0
0.00211864406779661,0.0,0.0,0.0,0.0,0.0
0.00211864406779661,0.0,0.0,0.0,0.0,0.0
0.00211864406779661,0.0,0.0,0.0,0.0,0.0
0.00211864406779661,0.0,0.0,0.0,0.0,0.0
0.00211864406779661,0.0,0.0,0.0,0.0,0.0
0.00211864406779661,0.0,0.0,0.0,0.0,0.0
0.00211864406779661,0.0,0.0,0.0,0.0,0.0
0.00211864406779661,0.0,0.0,0.0,0.0,0.0
0.00211864406779661,0.0,0.0,0.0,0.0,0.0
0.00211864406779661,0.0,0.0,0.0,0.0,0.0
0.00211864406779661,0.0,0.0,0.0,0.0,0.0
0.00211864406779661,0.0,0.0,0.0,0.0,0.0
0.00211864406779661,0.0,0.0,0.0,0.0,0.0
0.00211864406779661,0.0,0.0,0.0,0.0,0.0
0.00211864406779661,0.0,0.0,0.0,0.0,0.0
0.00211864406779661,0.0,0.0,0.0,0.0,0.0
0.00211864406779661,0.0,0.0,0.0,0.0,0.0
0.00211864406779661,0.0,0.0,0.0,0.0,0.0
0.00211864406779661,0.0,0.0,0.0,0.0,0.0
0.00211864406779661,0.0,0.0,0.0,0.0,0.0
0.00211864406779661,0.0,0.0,0.0,0.0,0.0
0.00211864406779661,0.0,0.0,0.0,0.0,0.0
0.00211864406779661,0.0,0.0,0.0,0.0,0.0
0.00211864406779661,0.0,0.0,0.0,0.0,0.0
0.00211864406779661,0.0,0.0,0.0,0.0,0.0
0.00211864406779661,0.0,0.0,0.0,0.0,0.0
0.00211864406779661,0.0,0.0,0.0,0.0,0.0
0.00211864406779661,0.0,0.0,0.0,0.0,0.0
0.00211864406779661,0.0,0.0,0.0,0.0,0.0
0.00211864406779661,0.0,0.0,0.0,0.0,0.0
0.00211864406779661,0.0,0.0,0.0,0.0,0.0
0.00211864406779661,0.0,0.0,0.0,0.0,0.0
0.00211864406779661,0.0,0.0,0.0,0.0,0.0
0.00211864406779661,0.0,0.0,0.0,0.0,0.0
0.00211864406779661,0.0,0.0,0.0,0.0,0.0
0.00211864406779661,0.0,0.0,0.0,0.0,0.0
0.00211864406779661,0.0,0.0,0.0,0.0,0.0
0.00211864406779661,0.0,0.0,0.0,0.0,0.0
0.00211864406779661,0.0,0.0,0.0,0.0,0.0
0.00211864406779661,0.0,0.0,0.0,0.0,0.0
0.00211864406779661,0.0,0.0,0.0,0.0,0.0
0.00211864406779661,0.0,0.0,0.0,0.0,0.0
0.00211864406779661,0.0,0.0,0.0,0.0,0.0
0.00211864406779661,0.0,0.0,0.0,0.0,0.0
0.00211864406779661,0.0,0.0,0.0,0.0,0.0
0.00211864406779661,0.0,0.0,0.0,0.0,0.0
